/*
 Navicat Premium Data Transfer

 Source Server         : 60.12.85.238
 Source Server Type    : MySQL
 Source Server Version : 50644
 Source Host           : 60.12.85.238:3306
 Source Schema         : sb_gps_sys

 Target Server Type    : MySQL
 Target Server Version : 50644
 File Encoding         : 65001

 Date: 06/05/2019 17:07:18
*/

SET NAMES utf8mb4;
SET FOREIGN_KEY_CHECKS = 0;

-- ----------------------------
-- Table structure for b_department
-- ----------------------------
DROP TABLE IF EXISTS `b_department`;
CREATE TABLE `b_department`  (
  `ID` int(11) NOT NULL AUTO_INCREMENT,
  `NAME` varchar(100) CHARACTER SET utf8 COLLATE utf8_general_ci NULL DEFAULT NULL,
  `CODE` varchar(200) CHARACTER SET utf8 COLLATE utf8_general_ci NULL DEFAULT NULL COMMENT '添加索引unique_',
  `UPLEVEL` varchar(100) CHARACTER SET utf8 COLLATE utf8_general_ci NULL DEFAULT NULL,
  `PARENTID` int(11) NULL DEFAULT NULL,
  `LEAF` tinyint(1) NULL DEFAULT NULL COMMENT '1-叶子  0-树枝',
  `REMARK` text CHARACTER SET utf8 COLLATE utf8_general_ci NULL,
  `REMARK1` text CHARACTER SET utf8 COLLATE utf8_general_ci NULL,
  `REMARK2` text CHARACTER SET utf8 COLLATE utf8_general_ci NULL,
  `REMARK3` text CHARACTER SET utf8 COLLATE utf8_general_ci NULL,
  `CREATED_DATE` timestamp(0) NOT NULL DEFAULT CURRENT_TIMESTAMP(0),
  `CREATED_BY` varchar(100) CHARACTER SET utf8 COLLATE utf8_general_ci NULL DEFAULT NULL,
  `UPDATED_DATE` timestamp(0) NOT NULL DEFAULT CURRENT_TIMESTAMP(0) ON UPDATE CURRENT_TIMESTAMP(0),
  `UPDATED_BY` varchar(100) CHARACTER SET utf8 COLLATE utf8_general_ci NULL DEFAULT NULL,
  `Valid` tinyint(1) NULL DEFAULT 1,
  PRIMARY KEY (`ID`) USING BTREE
) ENGINE = InnoDB AUTO_INCREMENT = 7 CHARACTER SET = utf8 COLLATE = utf8_general_ci ROW_FORMAT = Compact;

-- ----------------------------
-- Records of b_department
-- ----------------------------
INSERT INTO `b_department` VALUES (1, '开发小组', 'ky_0000', '无', 0, 0, NULL, NULL, NULL, NULL, '2019-04-12 14:19:38', 'DevGro', '2019-04-21 11:03:23', NULL, 1);
INSERT INTO `b_department` VALUES (2, '院领导', 'ky_0001', '无', 0, 0, NULL, NULL, NULL, NULL, '2019-04-20 22:34:36', NULL, '2019-04-20 22:34:36', NULL, 1);
INSERT INTO `b_department` VALUES (3, '经销商', 'sb_0002', '无', 0, 0, NULL, NULL, NULL, NULL, '2019-04-20 22:39:19', NULL, '2019-04-20 22:39:29', NULL, 1);
INSERT INTO `b_department` VALUES (5, '无部门', 'ky_0000', '无', 0, 0, NULL, NULL, NULL, NULL, '2019-04-22 10:38:47', NULL, '2019-04-22 10:38:53', NULL, 1);
INSERT INTO `b_department` VALUES (6, '党政办', 'ky_0003', '无', 0, 0, NULL, NULL, NULL, NULL, '2019-05-03 00:47:27', NULL, '2019-05-03 00:47:27', NULL, 1);

-- ----------------------------
-- Table structure for file_attach
-- ----------------------------
DROP TABLE IF EXISTS `file_attach`;
CREATE TABLE `file_attach`  (
  `ID` int(11) NOT NULL AUTO_INCREMENT COMMENT '设定自增_',
  `FILENAME` varchar(128) CHARACTER SET utf8 COLLATE utf8_general_ci NOT NULL,
  `FILEPATH` varchar(128) CHARACTER SET utf8 COLLATE utf8_general_ci NOT NULL,
  `EXT` varchar(32) CHARACTER SET utf8 COLLATE utf8_general_ci NULL DEFAULT NULL,
  `FILETYPE` varchar(32) CHARACTER SET utf8 COLLATE utf8_general_ci NOT NULL,
  `NOTE` varchar(1024) CHARACTER SET utf8 COLLATE utf8_general_ci NULL DEFAULT NULL,
  `REMARK` text CHARACTER SET utf8 COLLATE utf8_general_ci NULL,
  `REMARK1` text CHARACTER SET utf8 COLLATE utf8_general_ci NULL,
  `REMARK2` text CHARACTER SET utf8 COLLATE utf8_general_ci NULL,
  `REMARK3` text CHARACTER SET utf8 COLLATE utf8_general_ci NULL,
  `CREATED_DATE` timestamp(0) NOT NULL DEFAULT CURRENT_TIMESTAMP(0),
  `CREATED_BY` varchar(100) CHARACTER SET utf8 COLLATE utf8_general_ci NULL DEFAULT NULL,
  `UPDATED_DATE` timestamp(0) NOT NULL DEFAULT CURRENT_TIMESTAMP(0) ON UPDATE CURRENT_TIMESTAMP(0),
  `UPDATED_BY` varchar(100) CHARACTER SET utf8 COLLATE utf8_general_ci NULL DEFAULT NULL,
  `Valid` tinyint(1) NULL DEFAULT 1,
  PRIMARY KEY (`ID`) USING BTREE
) ENGINE = InnoDB AUTO_INCREMENT = 1 CHARACTER SET = utf8 COLLATE = utf8_general_ci ROW_FORMAT = Compact;

-- ----------------------------
-- Table structure for p_notice
-- ----------------------------
DROP TABLE IF EXISTS `p_notice`;
CREATE TABLE `p_notice`  (
  `ID` int(11) NOT NULL AUTO_INCREMENT COMMENT '设定自增_',
  `USER_ID` int(11) NOT NULL,
  `PN_TOPIC` varchar(200) CHARACTER SET utf8 COLLATE utf8_general_ci NULL DEFAULT NULL,
  `PN_CONTENT` text CHARACTER SET utf8 COLLATE utf8_general_ci NULL,
  `PN_TYPE` int(11) NULL DEFAULT NULL COMMENT '0-新闻 1-公告 2-供需发布  3-活动发布 4-法律服务 5-政策法规 6-资料下载',
  `PN_STATE` int(11) NULL DEFAULT 0 COMMENT '0-草稿 1-待审核 2-已发布',
  `PN_DATE` timestamp(0) NOT NULL DEFAULT CURRENT_TIMESTAMP(0) ON UPDATE CURRENT_TIMESTAMP(0),
  `REMARK` text CHARACTER SET utf8 COLLATE utf8_general_ci NULL,
  `REMARK1` text CHARACTER SET utf8 COLLATE utf8_general_ci NULL,
  `REMARK2` text CHARACTER SET utf8 COLLATE utf8_general_ci NULL,
  `REMARK3` text CHARACTER SET utf8 COLLATE utf8_general_ci NULL,
  `CREATED_DATE` timestamp(0) NOT NULL DEFAULT CURRENT_TIMESTAMP(0),
  `CREATED_BY` varchar(100) CHARACTER SET utf8 COLLATE utf8_general_ci NULL DEFAULT NULL,
  `UPDATED_DATE` timestamp(0) NOT NULL DEFAULT CURRENT_TIMESTAMP(0) ON UPDATE CURRENT_TIMESTAMP(0),
  `UPDATED_BY` varchar(100) CHARACTER SET utf8 COLLATE utf8_general_ci NULL DEFAULT NULL,
  `Valid` tinyint(1) NULL DEFAULT 1,
  PRIMARY KEY (`ID`) USING BTREE,
  INDEX `FK_Relationship_12`(`USER_ID`) USING BTREE,
  CONSTRAINT `FK_Relationship_12` FOREIGN KEY (`USER_ID`) REFERENCES `sys_user` (`ID`) ON DELETE RESTRICT ON UPDATE RESTRICT
) ENGINE = InnoDB AUTO_INCREMENT = 1 CHARACTER SET = utf8 COLLATE = utf8_general_ci COMMENT = '0-新闻 1-公告 2-供需发布 3-活动发布 4-法律服务' ROW_FORMAT = Compact;

-- ----------------------------
-- Table structure for p_notice_attach
-- ----------------------------
DROP TABLE IF EXISTS `p_notice_attach`;
CREATE TABLE `p_notice_attach`  (
  `ID` int(11) NOT NULL AUTO_INCREMENT COMMENT '设定自增_',
  `NOTICE_ID` int(11) NOT NULL,
  `FILE_ID` int(11) NOT NULL,
  `REMARK` text CHARACTER SET utf8 COLLATE utf8_general_ci NULL,
  `REMARK1` text CHARACTER SET utf8 COLLATE utf8_general_ci NULL,
  `REMARK2` text CHARACTER SET utf8 COLLATE utf8_general_ci NULL,
  `REMARK3` text CHARACTER SET utf8 COLLATE utf8_general_ci NULL,
  `CREATED_DATE` timestamp(0) NOT NULL DEFAULT CURRENT_TIMESTAMP(0),
  `CREATED_BY` varchar(100) CHARACTER SET utf8 COLLATE utf8_general_ci NULL DEFAULT NULL,
  `UPDATED_DATE` timestamp(0) NOT NULL DEFAULT CURRENT_TIMESTAMP(0) ON UPDATE CURRENT_TIMESTAMP(0),
  `UPDATED_BY` varchar(100) CHARACTER SET utf8 COLLATE utf8_general_ci NULL DEFAULT NULL,
  `Valid` tinyint(1) NULL DEFAULT 1,
  PRIMARY KEY (`ID`) USING BTREE,
  INDEX `FK_Relationship_13`(`NOTICE_ID`) USING BTREE,
  INDEX `FK_Relationship_14`(`FILE_ID`) USING BTREE,
  CONSTRAINT `FK_Relationship_13` FOREIGN KEY (`NOTICE_ID`) REFERENCES `p_notice` (`ID`) ON DELETE RESTRICT ON UPDATE RESTRICT,
  CONSTRAINT `FK_Relationship_14` FOREIGN KEY (`FILE_ID`) REFERENCES `file_attach` (`ID`) ON DELETE RESTRICT ON UPDATE RESTRICT
) ENGINE = InnoDB AUTO_INCREMENT = 1 CHARACTER SET = utf8 COLLATE = utf8_general_ci ROW_FORMAT = Compact;

-- ----------------------------
-- Table structure for sb_bus
-- ----------------------------
DROP TABLE IF EXISTS `sb_bus`;
CREATE TABLE `sb_bus`  (
  `ID` int(11) NOT NULL AUTO_INCREMENT COMMENT '设定自增_',
  `SBB_SEAT_NUM` int(11) NULL DEFAULT NULL,
  `SBB_BUS_TYPE` varchar(100) CHARACTER SET utf8 COLLATE utf8_general_ci NULL DEFAULT NULL,
  `SBB_PLATE_NUMBER` varchar(100) CHARACTER SET utf8 COLLATE utf8_general_ci NULL DEFAULT NULL,
  `SBB_DRIVER_NAME` varchar(100) CHARACTER SET utf8 COLLATE utf8_general_ci NULL DEFAULT NULL,
  `SBB_DRIVER_TEL` varchar(100) CHARACTER SET utf8 COLLATE utf8_general_ci NULL DEFAULT NULL,
  `REMARK` text CHARACTER SET utf8 COLLATE utf8_general_ci NULL,
  `REMARK1` text CHARACTER SET utf8 COLLATE utf8_general_ci NULL,
  `REMARK2` text CHARACTER SET utf8 COLLATE utf8_general_ci NULL,
  `REMARK3` text CHARACTER SET utf8 COLLATE utf8_general_ci NULL,
  `CREATED_DATE` timestamp(0) NOT NULL DEFAULT CURRENT_TIMESTAMP(0),
  `CREATED_BY` varchar(100) CHARACTER SET utf8 COLLATE utf8_general_ci NULL DEFAULT NULL,
  `UPDATED_DATE` timestamp(0) NOT NULL DEFAULT CURRENT_TIMESTAMP(0) ON UPDATE CURRENT_TIMESTAMP(0),
  `UPDATED_BY` varchar(100) CHARACTER SET utf8 COLLATE utf8_general_ci NULL DEFAULT NULL,
  `Valid` tinyint(1) NULL DEFAULT 1,
  PRIMARY KEY (`ID`) USING BTREE
) ENGINE = InnoDB AUTO_INCREMENT = 9 CHARACTER SET = utf8 COLLATE = utf8_general_ci ROW_FORMAT = Compact;

-- ----------------------------
-- Records of sb_bus
-- ----------------------------
INSERT INTO `sb_bus` VALUES (1, 56, '大客车', '浙A8K420', '王师傅', '13736892513', NULL, NULL, NULL, NULL, '2019-04-14 14:03:19', NULL, '2019-04-14 13:58:49', NULL, 1);
INSERT INTO `sb_bus` VALUES (2, 56, '大客车', '浙A8k431', '李师傅', '13083966561', NULL, NULL, NULL, NULL, '2019-04-14 14:03:19', NULL, '2019-04-14 14:02:50', NULL, 1);
INSERT INTO `sb_bus` VALUES (3, 48, '中客车', '浙A8L412', '赵师傅', '18058711516', NULL, NULL, NULL, NULL, '2019-04-14 14:03:20', NULL, '2019-04-14 14:02:50', NULL, 1);
INSERT INTO `sb_bus` VALUES (4, 56, '大客车', '浙A8K423', '刘师傅', '15397058050', NULL, NULL, NULL, NULL, '2019-04-14 14:03:20', NULL, '2019-04-14 14:02:50', NULL, 1);
INSERT INTO `sb_bus` VALUES (5, 36, '中客车', '浙A8k432', '刘师傅', '13083966561', NULL, NULL, NULL, NULL, '2019-04-14 14:03:22', NULL, '2019-04-14 14:02:50', NULL, 1);
INSERT INTO `sb_bus` VALUES (6, 2, '小电驴', 'SYS668238', '陆宇豪', '17758178532', NULL, NULL, NULL, NULL, '2019-04-21 16:20:43', NULL, '2019-04-21 16:20:43', NULL, 1);
INSERT INTO `sb_bus` VALUES (7, 2, '小电驴', 'SYS668328', '许鑫磊', NULL, NULL, NULL, NULL, NULL, '2019-04-22 14:37:06', NULL, '2019-04-22 14:37:06', NULL, 1);
INSERT INTO `sb_bus` VALUES (8, 2, '小电驴', 'SYS827329', '陆宇豪', NULL, NULL, NULL, NULL, NULL, '2019-05-04 04:22:39', NULL, '2019-05-04 04:22:39', NULL, 1);

-- ----------------------------
-- Table structure for sb_bus_route
-- ----------------------------
DROP TABLE IF EXISTS `sb_bus_route`;
CREATE TABLE `sb_bus_route`  (
  `ID` int(11) NOT NULL AUTO_INCREMENT COMMENT '设定自增_',
  `BUS_ID` int(11) NOT NULL,
  `ROUTE_ID` int(11) NOT NULL,
  `SBBR_WEEK` varchar(100) CHARACTER SET utf8 COLLATE utf8_general_ci NULL DEFAULT NULL,
  `SBBR_START_TIME` varchar(100) CHARACTER SET utf8 COLLATE utf8_general_ci NULL DEFAULT NULL,
  `SBBR_END_TIME` varchar(100) CHARACTER SET utf8 COLLATE utf8_general_ci NULL DEFAULT NULL,
  `REMARK` text CHARACTER SET utf8 COLLATE utf8_general_ci NULL,
  `REMARK1` text CHARACTER SET utf8 COLLATE utf8_general_ci NULL,
  `REMARK2` text CHARACTER SET utf8 COLLATE utf8_general_ci NULL,
  `REMARK3` text CHARACTER SET utf8 COLLATE utf8_general_ci NULL,
  `CREATED_DATE` timestamp(0) NOT NULL DEFAULT CURRENT_TIMESTAMP(0),
  `CREATED_BY` varchar(100) CHARACTER SET utf8 COLLATE utf8_general_ci NULL DEFAULT NULL,
  `UPDATED_DATE` timestamp(0) NOT NULL DEFAULT CURRENT_TIMESTAMP(0) ON UPDATE CURRENT_TIMESTAMP(0),
  `UPDATED_BY` varchar(100) CHARACTER SET utf8 COLLATE utf8_general_ci NULL DEFAULT NULL,
  `Valid` tinyint(1) NULL DEFAULT 1,
  PRIMARY KEY (`ID`) USING BTREE,
  INDEX `FK_Relationship_6`(`BUS_ID`) USING BTREE,
  INDEX `FK_Relationship_7`(`ROUTE_ID`) USING BTREE,
  CONSTRAINT `FK_Relationship_6` FOREIGN KEY (`BUS_ID`) REFERENCES `sb_bus` (`ID`) ON DELETE RESTRICT ON UPDATE RESTRICT,
  CONSTRAINT `FK_Relationship_7` FOREIGN KEY (`ROUTE_ID`) REFERENCES `sb_route` (`ID`) ON DELETE RESTRICT ON UPDATE RESTRICT
) ENGINE = InnoDB AUTO_INCREMENT = 37 CHARACTER SET = utf8 COLLATE = utf8_general_ci ROW_FORMAT = Compact;

-- ----------------------------
-- Records of sb_bus_route
-- ----------------------------
INSERT INTO `sb_bus_route` VALUES (1, 1, 2, '星期一', '6:00', '24:00', NULL, NULL, NULL, NULL, '2019-04-19 20:18:40', 'system', '2019-04-19 20:18:40', 'system', 1);
INSERT INTO `sb_bus_route` VALUES (2, 1, 2, '星期二', '6:00', '24:00', NULL, NULL, NULL, NULL, '2019-04-19 20:18:44', 'system', '2019-04-19 20:18:44', 'system', 1);
INSERT INTO `sb_bus_route` VALUES (3, 1, 2, '星期三', '6:00', '24:00', NULL, NULL, NULL, NULL, '2019-04-19 20:18:45', 'system', '2019-04-19 20:18:45', 'system', 1);
INSERT INTO `sb_bus_route` VALUES (4, 1, 2, '星期四', '6:00', '24:00', NULL, NULL, NULL, NULL, '2019-04-19 20:18:46', 'system', '2019-04-19 20:18:46', 'system', 1);
INSERT INTO `sb_bus_route` VALUES (5, 1, 2, '星期五', '6:00', '24:00', NULL, NULL, NULL, NULL, '2019-04-19 20:18:47', 'system', '2019-04-19 20:18:47', 'system', 1);
INSERT INTO `sb_bus_route` VALUES (6, 2, 5, '星期一', '6:00', '24:00', NULL, NULL, NULL, NULL, '2019-04-19 20:18:49', 'system', '2019-04-19 20:18:49', 'system', 1);
INSERT INTO `sb_bus_route` VALUES (7, 2, 5, '星期二', '6:00', '24:00', NULL, NULL, NULL, NULL, '2019-04-19 20:18:50', 'system', '2019-04-19 20:18:50', 'system', 1);
INSERT INTO `sb_bus_route` VALUES (8, 2, 5, '星期三', '6:00', '24:00', NULL, NULL, NULL, NULL, '2019-04-19 20:18:51', 'system', '2019-04-19 20:18:51', 'system', 1);
INSERT INTO `sb_bus_route` VALUES (9, 2, 5, '星期四', '6:00', '24:00', NULL, NULL, NULL, NULL, '2019-04-19 20:18:52', 'system', '2019-04-19 20:18:52', 'system', 1);
INSERT INTO `sb_bus_route` VALUES (10, 2, 5, '星期五', '6:00', '24:00', NULL, NULL, NULL, NULL, '2019-04-19 20:18:53', 'system', '2019-04-19 20:18:53', 'system', 1);
INSERT INTO `sb_bus_route` VALUES (11, 3, 3, '星期一', '6:00', '24:00', NULL, NULL, NULL, NULL, '2019-04-19 20:18:54', 'system', '2019-04-19 20:18:54', 'system', 1);
INSERT INTO `sb_bus_route` VALUES (12, 3, 3, '星期二', '6:00', '24:00', NULL, NULL, NULL, NULL, '2019-04-19 20:18:54', 'system', '2019-04-19 20:18:54', 'system', 1);
INSERT INTO `sb_bus_route` VALUES (13, 3, 3, '星期三', '6:00', '24:00', NULL, NULL, NULL, NULL, '2019-04-19 20:18:55', 'system', '2019-04-19 20:18:55', 'system', 1);
INSERT INTO `sb_bus_route` VALUES (14, 3, 3, '星期四', '6:00', '24:00', NULL, NULL, NULL, NULL, '2019-04-19 20:18:56', 'system', '2019-04-19 20:18:56', 'system', 1);
INSERT INTO `sb_bus_route` VALUES (15, 3, 3, '星期五', '6:00', '24:00', NULL, NULL, NULL, NULL, '2019-04-19 20:18:58', 'system', '2019-04-19 20:18:58', 'system', 1);
INSERT INTO `sb_bus_route` VALUES (16, 1, 2, '星期六', '6:00', '24:00', NULL, NULL, NULL, NULL, '2019-04-20 10:42:36', NULL, '2019-04-20 10:42:36', NULL, 1);
INSERT INTO `sb_bus_route` VALUES (17, 1, 2, '星期日', '6:00', '24:00', NULL, NULL, NULL, NULL, '2019-04-20 10:34:05', NULL, '2019-04-20 10:34:05', NULL, 1);
INSERT INTO `sb_bus_route` VALUES (18, 2, 5, '星期六', '6:00', '24:00', NULL, NULL, NULL, NULL, '2019-04-20 10:42:37', NULL, '2019-04-20 10:42:37', NULL, 1);
INSERT INTO `sb_bus_route` VALUES (19, 2, 5, '星期日', '6:00', '24:00', NULL, NULL, NULL, NULL, '2019-04-20 10:34:32', NULL, '2019-04-20 10:34:32', NULL, 1);
INSERT INTO `sb_bus_route` VALUES (20, 3, 3, '星期六', '6:00', '24:00', NULL, NULL, NULL, NULL, '2019-04-20 10:42:38', NULL, '2019-04-20 10:42:38', NULL, 1);
INSERT INTO `sb_bus_route` VALUES (21, 3, 3, '星期日', '6:00', '24:00', NULL, NULL, NULL, NULL, '2019-04-20 10:35:01', NULL, '2019-04-20 10:35:01', NULL, 1);
INSERT INTO `sb_bus_route` VALUES (22, 6, 7, '星期日', '6:00', '24:00', NULL, NULL, NULL, NULL, '2019-04-21 16:50:54', NULL, '2019-04-21 16:50:54', NULL, 1);
INSERT INTO `sb_bus_route` VALUES (23, 6, 7, '星期六', '6:00', '24:00', NULL, NULL, NULL, NULL, '2019-04-21 16:50:54', NULL, '2019-04-21 16:50:54', NULL, 1);
INSERT INTO `sb_bus_route` VALUES (24, 6, 7, '星期五', '6:00', '24:00', NULL, NULL, NULL, NULL, '2019-04-21 16:50:54', NULL, '2019-04-21 16:50:54', NULL, 1);
INSERT INTO `sb_bus_route` VALUES (25, 6, 7, '星期四', '6:00', '24:00', NULL, NULL, NULL, NULL, '2019-04-21 16:50:54', NULL, '2019-04-21 16:50:54', NULL, 1);
INSERT INTO `sb_bus_route` VALUES (26, 6, 7, '星期三', '6:00', '24:00', NULL, NULL, NULL, NULL, '2019-04-21 16:50:54', NULL, '2019-04-21 16:50:54', NULL, 1);
INSERT INTO `sb_bus_route` VALUES (27, 6, 7, '星期二', '6:00', '24:00', NULL, NULL, NULL, NULL, '2019-04-21 16:50:54', NULL, '2019-04-21 16:50:54', NULL, 1);
INSERT INTO `sb_bus_route` VALUES (28, 6, 7, '星期一', '6:00', '24:00', NULL, NULL, NULL, NULL, '2019-04-21 16:50:54', NULL, '2019-04-21 16:50:54', NULL, 1);
INSERT INTO `sb_bus_route` VALUES (29, 7, 8, '星期一', '6:00', '24:00', NULL, NULL, NULL, NULL, '2019-04-22 14:38:13', NULL, '2019-04-22 14:38:13', NULL, 1);
INSERT INTO `sb_bus_route` VALUES (30, 7, 8, '星期二', '6:00', '24:00', NULL, NULL, NULL, NULL, '2019-04-22 16:49:25', NULL, '2019-04-22 16:49:25', NULL, 1);
INSERT INTO `sb_bus_route` VALUES (31, 7, 8, '星期三', '6:00', '24:00', NULL, NULL, NULL, NULL, '2019-04-23 17:05:55', NULL, '2019-04-23 17:05:55', NULL, 1);
INSERT INTO `sb_bus_route` VALUES (32, 7, 8, '星期四', '6:00', '24:00', NULL, NULL, NULL, NULL, '2019-04-26 00:54:13', NULL, '2019-04-26 00:54:13', NULL, 1);
INSERT INTO `sb_bus_route` VALUES (33, 7, 8, '星期五', '6:00', '24:00', NULL, NULL, NULL, NULL, '2019-04-26 00:54:27', NULL, '2019-04-26 00:54:27', NULL, 1);
INSERT INTO `sb_bus_route` VALUES (34, 7, 8, '星期六', '6:00', '24:00', NULL, NULL, NULL, NULL, '2019-04-26 00:54:39', NULL, '2019-04-26 00:54:42', NULL, 1);
INSERT INTO `sb_bus_route` VALUES (35, 7, 8, '星期日', '6:00', '24:00', NULL, NULL, NULL, NULL, '2019-04-26 00:54:52', NULL, '2019-04-26 00:54:52', NULL, 1);
INSERT INTO `sb_bus_route` VALUES (36, 8, 1, '星期一', '6:00', '24:00', NULL, NULL, NULL, NULL, '2019-05-06 14:53:35', NULL, '2019-05-06 14:53:35', NULL, 1);

-- ----------------------------
-- Table structure for sb_busposition
-- ----------------------------
DROP TABLE IF EXISTS `sb_busposition`;
CREATE TABLE `sb_busposition`  (
  `ID` int(11) NOT NULL AUTO_INCREMENT COMMENT '设定自增_',
  `GPS_ID` varchar(100) CHARACTER SET utf8 COLLATE utf8_general_ci NOT NULL COMMENT 'GPS信号中自带的识别码作为主键',
  `SBP_RECODE_TIME` timestamp(0) NOT NULL DEFAULT CURRENT_TIMESTAMP(0) ON UPDATE CURRENT_TIMESTAMP(0),
  `SBP_LONGITUDE` double NULL DEFAULT NULL,
  `SBP_LATITUDE` double NULL DEFAULT NULL,
  `SBP_VELOCITY` double NULL DEFAULT NULL,
  `SBP_DIRECTION` double NULL DEFAULT NULL,
  `REMARK` text CHARACTER SET utf8 COLLATE utf8_general_ci NULL,
  `REMARK1` text CHARACTER SET utf8 COLLATE utf8_general_ci NULL,
  `REMARK2` text CHARACTER SET utf8 COLLATE utf8_general_ci NULL,
  `REMARK3` text CHARACTER SET utf8 COLLATE utf8_general_ci NULL,
  `CREATED_DATE` timestamp(0) NOT NULL DEFAULT CURRENT_TIMESTAMP(0),
  `CREATED_BY` varchar(100) CHARACTER SET utf8 COLLATE utf8_general_ci NULL DEFAULT NULL,
  `UPDATED_DATE` timestamp(0) NOT NULL DEFAULT CURRENT_TIMESTAMP(0) ON UPDATE CURRENT_TIMESTAMP(0),
  `UPDATED_BY` varchar(100) CHARACTER SET utf8 COLLATE utf8_general_ci NULL DEFAULT NULL,
  `Valid` tinyint(1) NULL DEFAULT 1,
  PRIMARY KEY (`ID`) USING BTREE,
  INDEX `FK_Relationship_24`(`GPS_ID`) USING BTREE,
  CONSTRAINT `FK_Relationship_24` FOREIGN KEY (`GPS_ID`) REFERENCES `sb_gps` (`ID`) ON DELETE RESTRICT ON UPDATE RESTRICT
) ENGINE = InnoDB AUTO_INCREMENT = 1912 CHARACTER SET = utf8 COLLATE = utf8_general_ci ROW_FORMAT = Compact;

-- ----------------------------
-- Records of sb_busposition
-- ----------------------------
INSERT INTO `sb_busposition` VALUES (1, '20180401', '2019-04-26 00:50:44', 120.3685791578, 30.2672444095, 65.25, 60.4, NULL, NULL, NULL, NULL, '2019-04-20 14:52:06', 'system', '2019-04-26 00:50:44', 'system', 1);
INSERT INTO `sb_busposition` VALUES (2, '20180401', '2019-04-26 00:51:03', 120.3730461685, 30.272354552, 66.44, 90.5, NULL, NULL, NULL, NULL, '2019-04-20 14:52:14', 'system', '2019-04-26 00:51:03', 'system', 1);
INSERT INTO `sb_busposition` VALUES (3, '20180401', '2019-04-26 00:51:09', 120.3818690255, 30.2876729425, 76.45, 30.5, NULL, NULL, NULL, NULL, '2019-04-20 14:52:21', 'system', '2019-04-26 00:51:09', 'system', 1);
INSERT INTO `sb_busposition` VALUES (4, '20180401', '2019-04-26 00:51:19', 120.3834618281, 30.3043037779, 77.32, 55.7, NULL, NULL, NULL, NULL, '2019-04-20 14:52:26', 'system', '2019-04-26 00:51:19', 'system', 1);
INSERT INTO `sb_busposition` VALUES (5, '20180401', '2019-04-26 00:51:29', 120.3892887261, 30.3249079026, 79.23, 60.59, NULL, NULL, NULL, NULL, '2019-04-20 14:18:22', NULL, '2019-04-26 00:51:29', NULL, 1);
INSERT INTO `sb_busposition` VALUES (6, '20170409', '2019-04-26 00:52:44', 119.9480080624, 30.2594021553, 52.14, 89.15, '', '', '', '', '2019-04-20 14:19:08', '', '2019-04-26 00:52:44', '', 1);
INSERT INTO `sb_busposition` VALUES (7, '20170409', '2019-04-26 00:52:57', 119.9680444093, 30.2583524508, 12.04, 156.21, '', '', '', '', '2019-04-20 14:19:12', '', '2019-04-26 00:52:57', '', 1);
INSERT INTO `sb_busposition` VALUES (8, '20170409', '2019-04-26 00:53:07', 120.1642331694, 30.2563711252, 45.04, 123.12, '', '', '', '', '2019-04-20 14:19:15', '', '2019-04-26 00:53:07', '', 1);
INSERT INTO `sb_busposition` VALUES (9, '20170409', '2019-04-26 00:53:22', 120.0621140698, 30.2886715076, 35.12, 76.04, '', '', '', '', '2019-04-20 14:22:22', '', '2019-04-26 00:53:22', '', 1);
INSERT INTO `sb_busposition` VALUES (10, '20190421', '2019-04-22 03:31:15', 120.820893, 30.184726, 0, 0, NULL, NULL, NULL, NULL, '2019-04-21 11:31:15', 'system', '2019-04-21 11:31:15', 'system', 1);
INSERT INTO `sb_busposition` VALUES (11, '20190421', '2019-04-22 03:31:16', 120.820908, 30.185293, 0, 0, NULL, NULL, NULL, NULL, '2019-04-21 11:31:16', 'system', '2019-04-21 11:31:16', 'system', 1);
INSERT INTO `sb_busposition` VALUES (12, '20190421', '2019-04-22 03:31:16', 120.820573, 30.185677, 0, 0, NULL, NULL, NULL, NULL, '2019-04-21 11:31:16', 'system', '2019-04-21 11:31:16', 'system', 1);
INSERT INTO `sb_busposition` VALUES (13, '20190421', '2019-04-22 03:31:16', 120.820573, 30.185677, 0, 0, NULL, NULL, NULL, NULL, '2019-04-21 11:31:16', 'system', '2019-04-21 11:31:16', 'system', 1);
INSERT INTO `sb_busposition` VALUES (14, '20190421', '2019-04-22 03:31:16', 120.820908, 30.185293, 0, 0, NULL, NULL, NULL, NULL, '2019-04-21 11:31:16', 'system', '2019-04-21 11:31:16', 'system', 1);
INSERT INTO `sb_busposition` VALUES (15, '20190421', '2019-04-22 03:31:16', 120.820908, 30.185293, 0, 0, NULL, NULL, NULL, NULL, '2019-04-21 11:31:16', 'system', '2019-04-21 11:31:16', 'system', 1);
INSERT INTO `sb_busposition` VALUES (16, '20190421', '2019-04-22 03:31:16', 120.820309, 30.186034, 0, 0, NULL, NULL, NULL, NULL, '2019-04-21 11:31:16', 'system', '2019-04-21 11:31:16', 'system', 1);
INSERT INTO `sb_busposition` VALUES (17, '20190421', '2019-04-22 03:31:16', 120.820573, 30.185677, 0, 0, NULL, NULL, NULL, NULL, '2019-04-21 11:31:16', 'system', '2019-04-21 11:31:16', 'system', 1);
INSERT INTO `sb_busposition` VALUES (18, '20190421', '2019-04-22 03:31:16', 120.820309, 30.186034, 0, 0, NULL, NULL, NULL, NULL, '2019-04-21 11:31:16', 'system', '2019-04-21 11:31:16', 'system', 1);
INSERT INTO `sb_busposition` VALUES (19, '20190421', '2019-04-22 03:31:16', 120.820309, 30.186034, 0, 0, NULL, NULL, NULL, NULL, '2019-04-21 11:31:16', 'system', '2019-04-21 11:31:16', 'system', 1);
INSERT INTO `sb_busposition` VALUES (20, '20190421', '2019-04-22 03:31:16', 120.820083, 30.186342, 0, 0, NULL, NULL, NULL, NULL, '2019-04-21 11:31:16', 'system', '2019-04-21 11:31:16', 'system', 1);
INSERT INTO `sb_busposition` VALUES (21, '20190421', '2019-04-22 03:31:16', 120.820083, 30.186342, 0, 0, NULL, NULL, NULL, NULL, '2019-04-21 11:31:16', 'system', '2019-04-21 11:31:16', 'system', 1);
INSERT INTO `sb_busposition` VALUES (22, '20190421', '2019-04-22 03:31:16', 120.820083, 30.186342, 0, 0, NULL, NULL, NULL, NULL, '2019-04-21 11:31:16', 'system', '2019-04-21 11:31:16', 'system', 1);
INSERT INTO `sb_busposition` VALUES (23, '20190421', '2019-04-22 03:31:16', 120.819733, 30.185106, 0, 0, NULL, NULL, NULL, NULL, '2019-04-21 11:31:16', 'system', '2019-04-21 11:31:16', 'system', 1);
INSERT INTO `sb_busposition` VALUES (24, '20190421', '2019-04-22 03:31:16', 120.819733, 30.185106, 0, 0, NULL, NULL, NULL, NULL, '2019-04-21 11:31:16', 'system', '2019-04-21 11:31:16', 'system', 1);
INSERT INTO `sb_busposition` VALUES (25, '20190421', '2019-04-22 03:31:16', 120.819733, 30.185106, 0, 0, NULL, NULL, NULL, NULL, '2019-04-21 11:31:16', 'system', '2019-04-21 11:31:16', 'system', 1);
INSERT INTO `sb_busposition` VALUES (26, '20190421', '2019-04-22 03:31:17', 120.819717, 30.185054, 0, 0, NULL, NULL, NULL, NULL, '2019-04-21 11:31:17', 'system', '2019-04-21 11:31:17', 'system', 1);
INSERT INTO `sb_busposition` VALUES (27, '20190421', '2019-04-22 03:31:17', 120.819717, 30.185054, 0, 0, NULL, NULL, NULL, NULL, '2019-04-21 11:31:17', 'system', '2019-04-21 11:31:17', 'system', 1);
INSERT INTO `sb_busposition` VALUES (28, '20190421', '2019-04-22 03:31:17', 120.819717, 30.185054, 0, 0, NULL, NULL, NULL, NULL, '2019-04-21 11:31:17', 'system', '2019-04-21 11:31:17', 'system', 1);
INSERT INTO `sb_busposition` VALUES (29, '20190421', '2019-04-22 03:31:26', 120.819717, 30.185054, 0, 0, NULL, NULL, NULL, NULL, '2019-04-21 11:31:26', 'system', '2019-04-21 11:31:26', 'system', 1);
INSERT INTO `sb_busposition` VALUES (30, '20190421', '2019-04-22 03:31:26', 120.821442, 30.185494, 0, 0, NULL, NULL, NULL, NULL, '2019-04-21 11:31:26', 'system', '2019-04-21 11:31:26', 'system', 1);
INSERT INTO `sb_busposition` VALUES (31, '20190421', '2019-04-22 03:31:26', 120.821442, 30.185494, 0, 0, NULL, NULL, NULL, NULL, '2019-04-21 11:31:27', 'system', '2019-04-21 11:31:27', 'system', 1);
INSERT INTO `sb_busposition` VALUES (32, '20190421', '2019-04-22 03:31:27', 120.821442, 30.185494, 0, 0, NULL, NULL, NULL, NULL, '2019-04-21 11:31:27', 'system', '2019-04-21 11:31:27', 'system', 1);
INSERT INTO `sb_busposition` VALUES (33, '20190421', '2019-04-22 03:31:27', 120.821374, 30.185477, 0, 0, NULL, NULL, NULL, NULL, '2019-04-21 11:31:27', 'system', '2019-04-21 11:31:27', 'system', 1);
INSERT INTO `sb_busposition` VALUES (34, '20190421', '2019-04-22 03:31:27', 120.821374, 30.185477, 0, 0, NULL, NULL, NULL, NULL, '2019-04-21 11:31:27', 'system', '2019-04-21 11:31:27', 'system', 1);
INSERT INTO `sb_busposition` VALUES (35, '20190421', '2019-04-22 03:31:27', 120.821374, 30.185477, 0, 0, NULL, NULL, NULL, NULL, '2019-04-21 11:31:27', 'system', '2019-04-21 11:31:27', 'system', 1);
INSERT INTO `sb_busposition` VALUES (36, '20190421', '2019-04-22 03:31:28', 120.821374, 30.185477, 0, 0, NULL, NULL, NULL, NULL, '2019-04-21 11:31:28', 'system', '2019-04-21 11:31:28', 'system', 1);
INSERT INTO `sb_busposition` VALUES (37, '20190421', '2019-04-22 03:31:28', 120.821374, 30.185477, 0, 0, NULL, NULL, NULL, NULL, '2019-04-21 11:31:28', 'system', '2019-04-21 11:31:28', 'system', 1);
INSERT INTO `sb_busposition` VALUES (38, '20190421', '2019-04-22 03:31:28', 120.821374, 30.185477, 0, 0, NULL, NULL, NULL, NULL, '2019-04-21 11:31:28', 'system', '2019-04-21 11:31:28', 'system', 1);
INSERT INTO `sb_busposition` VALUES (39, '20190421', '2019-04-22 03:31:29', 120.821374, 30.185477, 0, 0, NULL, NULL, NULL, NULL, '2019-04-21 11:31:29', 'system', '2019-04-21 11:31:29', 'system', 1);
INSERT INTO `sb_busposition` VALUES (40, '20190421', '2019-04-22 03:31:29', 120.821374, 30.185477, 0, 0, NULL, NULL, NULL, NULL, '2019-04-21 11:31:29', 'system', '2019-04-21 11:31:29', 'system', 1);
INSERT INTO `sb_busposition` VALUES (41, '20190421', '2019-04-22 03:31:29', 120.821374, 30.185477, 0, 0, NULL, NULL, NULL, NULL, '2019-04-21 11:31:29', 'system', '2019-04-21 11:31:29', 'system', 1);
INSERT INTO `sb_busposition` VALUES (42, '20190421', '2019-04-22 03:31:30', 120.821374, 30.185477, 0, 0, NULL, NULL, NULL, NULL, '2019-04-21 11:31:30', 'system', '2019-04-21 11:31:30', 'system', 1);
INSERT INTO `sb_busposition` VALUES (43, '20190421', '2019-04-22 03:31:30', 120.821374, 30.185477, 0, 0, NULL, NULL, NULL, NULL, '2019-04-21 11:31:30', 'system', '2019-04-21 11:31:30', 'system', 1);
INSERT INTO `sb_busposition` VALUES (44, '20190421', '2019-04-22 03:31:30', 120.821374, 30.185477, 0, 0, NULL, NULL, NULL, NULL, '2019-04-21 11:31:30', 'system', '2019-04-21 11:31:30', 'system', 1);
INSERT INTO `sb_busposition` VALUES (45, '20190421', '2019-04-22 03:31:31', 120.821396, 30.185426, 0, 0, NULL, NULL, NULL, NULL, '2019-04-21 11:31:31', 'system', '2019-04-21 11:31:31', 'system', 1);
INSERT INTO `sb_busposition` VALUES (46, '20190421', '2019-04-22 03:31:31', 120.821396, 30.185426, 0, 0, NULL, NULL, NULL, NULL, '2019-04-21 11:31:31', 'system', '2019-04-21 11:31:31', 'system', 1);
INSERT INTO `sb_busposition` VALUES (47, '20190421', '2019-04-22 03:31:31', 120.821396, 30.185426, 0, 0, NULL, NULL, NULL, NULL, '2019-04-21 11:31:31', 'system', '2019-04-21 11:31:31', 'system', 1);
INSERT INTO `sb_busposition` VALUES (48, '20190421', '2019-04-22 03:31:32', 120.821396, 30.185426, 0, 0, NULL, NULL, NULL, NULL, '2019-04-21 11:31:32', 'system', '2019-04-21 11:31:32', 'system', 1);
INSERT INTO `sb_busposition` VALUES (49, '20190421', '2019-04-22 03:31:32', 120.821396, 30.185426, 0, 0, NULL, NULL, NULL, NULL, '2019-04-21 11:31:32', 'system', '2019-04-21 11:31:32', 'system', 1);
INSERT INTO `sb_busposition` VALUES (50, '20190421', '2019-04-22 03:31:32', 120.821396, 30.185426, 0, 0, NULL, NULL, NULL, NULL, '2019-04-21 11:31:32', 'system', '2019-04-21 11:31:32', 'system', 1);
INSERT INTO `sb_busposition` VALUES (51, '20190421', '2019-04-22 03:31:33', 120.821458, 30.185401, 0, 0, NULL, NULL, NULL, NULL, '2019-04-21 11:31:33', 'system', '2019-04-21 11:31:33', 'system', 1);
INSERT INTO `sb_busposition` VALUES (52, '20190421', '2019-04-22 03:31:33', 120.821458, 30.185401, 0, 0, NULL, NULL, NULL, NULL, '2019-04-21 11:31:33', 'system', '2019-04-21 11:31:33', 'system', 1);
INSERT INTO `sb_busposition` VALUES (53, '20190421', '2019-04-22 03:31:33', 120.821458, 30.185401, 0, 0, NULL, NULL, NULL, NULL, '2019-04-21 11:31:33', 'system', '2019-04-21 11:31:33', 'system', 1);
INSERT INTO `sb_busposition` VALUES (54, '20190421', '2019-04-22 03:31:34', 120.821484, 30.185391, 0, 0, NULL, NULL, NULL, NULL, '2019-04-21 11:31:34', 'system', '2019-04-21 11:31:34', 'system', 1);
INSERT INTO `sb_busposition` VALUES (55, '20190421', '2019-04-22 03:31:34', 120.821484, 30.185391, 0, 0, NULL, NULL, NULL, NULL, '2019-04-21 11:31:34', 'system', '2019-04-21 11:31:34', 'system', 1);
INSERT INTO `sb_busposition` VALUES (56, '20190421', '2019-04-22 03:31:34', 120.821484, 30.185391, 0, 0, NULL, NULL, NULL, NULL, '2019-04-21 11:31:34', 'system', '2019-04-21 11:31:34', 'system', 1);
INSERT INTO `sb_busposition` VALUES (57, '20190421', '2019-04-22 03:31:35', 120.821504, 30.185385, 0, 0, NULL, NULL, NULL, NULL, '2019-04-21 11:31:35', 'system', '2019-04-21 11:31:35', 'system', 1);
INSERT INTO `sb_busposition` VALUES (58, '20190421', '2019-04-22 03:31:35', 120.821504, 30.185385, 0, 0, NULL, NULL, NULL, NULL, '2019-04-21 11:31:35', 'system', '2019-04-21 11:31:35', 'system', 1);
INSERT INTO `sb_busposition` VALUES (59, '20190421', '2019-04-22 03:31:35', 120.821504, 30.185385, 0, 0, NULL, NULL, NULL, NULL, '2019-04-21 11:31:35', 'system', '2019-04-21 11:31:35', 'system', 1);
INSERT INTO `sb_busposition` VALUES (60, '20190421', '2019-04-22 03:31:36', 120.821523, 30.185379, 0, 0, NULL, NULL, NULL, NULL, '2019-04-21 11:31:36', 'system', '2019-04-21 11:31:36', 'system', 1);
INSERT INTO `sb_busposition` VALUES (61, '20190421', '2019-04-22 03:31:36', 120.821523, 30.185379, 0, 0, NULL, NULL, NULL, NULL, '2019-04-21 11:31:36', 'system', '2019-04-21 11:31:36', 'system', 1);
INSERT INTO `sb_busposition` VALUES (62, '20190421', '2019-04-22 03:31:36', 120.821523, 30.185379, 0, 0, NULL, NULL, NULL, NULL, '2019-04-21 11:31:36', 'system', '2019-04-21 11:31:36', 'system', 1);
INSERT INTO `sb_busposition` VALUES (63, '20190421', '2019-04-22 03:31:37', 120.821543, 30.185372, 0, 0, NULL, NULL, NULL, NULL, '2019-04-21 11:31:37', 'system', '2019-04-21 11:31:37', 'system', 1);
INSERT INTO `sb_busposition` VALUES (64, '20190421', '2019-04-22 03:31:37', 120.821543, 30.185372, 0, 0, NULL, NULL, NULL, NULL, '2019-04-21 11:31:37', 'system', '2019-04-21 11:31:37', 'system', 1);
INSERT INTO `sb_busposition` VALUES (65, '20190421', '2019-04-22 03:31:37', 120.821543, 30.185372, 0, 0, NULL, NULL, NULL, NULL, '2019-04-21 11:31:37', 'system', '2019-04-21 11:31:37', 'system', 1);
INSERT INTO `sb_busposition` VALUES (66, '20190421', '2019-04-22 03:31:38', 120.821556, 30.185371, 0, 0, NULL, NULL, NULL, NULL, '2019-04-21 11:31:38', 'system', '2019-04-21 11:31:38', 'system', 1);
INSERT INTO `sb_busposition` VALUES (67, '20190421', '2019-04-22 03:31:38', 120.821556, 30.185371, 0, 0, NULL, NULL, NULL, NULL, '2019-04-21 11:31:38', 'system', '2019-04-21 11:31:38', 'system', 1);
INSERT INTO `sb_busposition` VALUES (68, '20190421', '2019-04-22 03:31:38', 120.821556, 30.185371, 0, 0, NULL, NULL, NULL, NULL, '2019-04-21 11:31:38', 'system', '2019-04-21 11:31:38', 'system', 1);
INSERT INTO `sb_busposition` VALUES (69, '20190421', '2019-04-22 03:31:39', 120.821556, 30.185371, 0, 0, NULL, NULL, NULL, NULL, '2019-04-21 11:31:39', 'system', '2019-04-21 11:31:39', 'system', 1);
INSERT INTO `sb_busposition` VALUES (70, '20190421', '2019-04-22 03:31:39', 120.821556, 30.185371, 0, 0, NULL, NULL, NULL, NULL, '2019-04-21 11:31:39', 'system', '2019-04-21 11:31:39', 'system', 1);
INSERT INTO `sb_busposition` VALUES (71, '20190421', '2019-04-22 03:31:39', 120.821556, 30.185371, 0, 0, NULL, NULL, NULL, NULL, '2019-04-21 11:31:39', 'system', '2019-04-21 11:31:39', 'system', 1);
INSERT INTO `sb_busposition` VALUES (72, '20190421', '2019-04-22 03:31:40', 120.821556, 30.185371, 0, 0, NULL, NULL, NULL, NULL, '2019-04-21 11:31:40', 'system', '2019-04-21 11:31:40', 'system', 1);
INSERT INTO `sb_busposition` VALUES (73, '20190421', '2019-04-22 03:31:40', 120.821556, 30.185371, 0, 0, NULL, NULL, NULL, NULL, '2019-04-21 11:31:40', 'system', '2019-04-21 11:31:40', 'system', 1);
INSERT INTO `sb_busposition` VALUES (74, '20190421', '2019-04-22 03:31:40', 120.821556, 30.185371, 0, 0, NULL, NULL, NULL, NULL, '2019-04-21 11:31:40', 'system', '2019-04-21 11:31:40', 'system', 1);
INSERT INTO `sb_busposition` VALUES (75, '20190421', '2019-04-22 03:31:41', 120.821556, 30.185371, 0, 0, NULL, NULL, NULL, NULL, '2019-04-21 11:31:41', 'system', '2019-04-21 11:31:41', 'system', 1);
INSERT INTO `sb_busposition` VALUES (76, '20190421', '2019-04-22 03:31:41', 120.821556, 30.185371, 0, 0, NULL, NULL, NULL, NULL, '2019-04-21 11:31:41', 'system', '2019-04-21 11:31:41', 'system', 1);
INSERT INTO `sb_busposition` VALUES (77, '20190421', '2019-04-22 03:31:41', 120.821556, 30.185371, 0, 0, NULL, NULL, NULL, NULL, '2019-04-21 11:31:41', 'system', '2019-04-21 11:31:41', 'system', 1);
INSERT INTO `sb_busposition` VALUES (78, '20190421', '2019-04-22 03:31:42', 120.821556, 30.185371, 0, 0, NULL, NULL, NULL, NULL, '2019-04-21 11:31:42', 'system', '2019-04-21 11:31:42', 'system', 1);
INSERT INTO `sb_busposition` VALUES (79, '20190421', '2019-04-22 03:31:42', 120.821556, 30.185371, 0, 0, NULL, NULL, NULL, NULL, '2019-04-21 11:31:42', 'system', '2019-04-21 11:31:42', 'system', 1);
INSERT INTO `sb_busposition` VALUES (80, '20190421', '2019-04-22 03:31:42', 120.821556, 30.185371, 0, 0, NULL, NULL, NULL, NULL, '2019-04-21 11:31:42', 'system', '2019-04-21 11:31:42', 'system', 1);
INSERT INTO `sb_busposition` VALUES (81, '20190421', '2019-04-22 03:31:43', 120.821556, 30.185371, 0, 0, NULL, NULL, NULL, NULL, '2019-04-21 11:31:43', 'system', '2019-04-21 11:31:43', 'system', 1);
INSERT INTO `sb_busposition` VALUES (82, '20190421', '2019-04-22 03:31:43', 120.821556, 30.185371, 0, 0, NULL, NULL, NULL, NULL, '2019-04-21 11:31:43', 'system', '2019-04-21 11:31:43', 'system', 1);
INSERT INTO `sb_busposition` VALUES (83, '20190421', '2019-04-22 03:31:43', 120.821556, 30.185371, 0, 0, NULL, NULL, NULL, NULL, '2019-04-21 11:31:43', 'system', '2019-04-21 11:31:43', 'system', 1);
INSERT INTO `sb_busposition` VALUES (84, '20190421', '2019-04-22 03:31:44', 120.821569, 30.18542, 0, 0, NULL, NULL, NULL, NULL, '2019-04-21 11:31:44', 'system', '2019-04-21 11:31:44', 'system', 1);
INSERT INTO `sb_busposition` VALUES (85, '20190421', '2019-04-22 03:31:44', 120.821569, 30.18542, 0, 0, NULL, NULL, NULL, NULL, '2019-04-21 11:31:44', 'system', '2019-04-21 11:31:44', 'system', 1);
INSERT INTO `sb_busposition` VALUES (86, '20190421', '2019-04-22 03:31:44', 120.821569, 30.18542, 0, 0, NULL, NULL, NULL, NULL, '2019-04-21 11:31:44', 'system', '2019-04-21 11:31:44', 'system', 1);
INSERT INTO `sb_busposition` VALUES (87, '20190421', '2019-04-22 03:31:45', 120.821578, 30.185445, 0, 0, NULL, NULL, NULL, NULL, '2019-04-21 11:31:45', 'system', '2019-04-21 11:31:45', 'system', 1);
INSERT INTO `sb_busposition` VALUES (88, '20190421', '2019-04-22 03:31:45', 120.821578, 30.185445, 0, 0, NULL, NULL, NULL, NULL, '2019-04-21 11:31:45', 'system', '2019-04-21 11:31:45', 'system', 1);
INSERT INTO `sb_busposition` VALUES (89, '20190421', '2019-04-22 03:31:45', 120.821578, 30.185445, 0, 0, NULL, NULL, NULL, NULL, '2019-04-21 11:31:45', 'system', '2019-04-21 11:31:45', 'system', 1);
INSERT INTO `sb_busposition` VALUES (90, '20190421', '2019-04-22 03:31:46', 120.821585, 30.185475, 0, 0, NULL, NULL, NULL, NULL, '2019-04-21 11:31:46', 'system', '2019-04-21 11:31:46', 'system', 1);
INSERT INTO `sb_busposition` VALUES (91, '20190421', '2019-04-22 03:31:46', 120.821585, 30.185475, 0, 0, NULL, NULL, NULL, NULL, '2019-04-21 11:31:46', 'system', '2019-04-21 11:31:46', 'system', 1);
INSERT INTO `sb_busposition` VALUES (92, '20190421', '2019-04-22 03:31:46', 120.821585, 30.185475, 0, 0, NULL, NULL, NULL, NULL, '2019-04-21 11:31:46', 'system', '2019-04-21 11:31:46', 'system', 1);
INSERT INTO `sb_busposition` VALUES (93, '20190421', '2019-04-22 03:31:47', 120.821585, 30.185509, 0, 0, NULL, NULL, NULL, NULL, '2019-04-21 11:31:47', 'system', '2019-04-21 11:31:47', 'system', 1);
INSERT INTO `sb_busposition` VALUES (94, '20190421', '2019-04-22 03:31:47', 120.821585, 30.185509, 0, 0, NULL, NULL, NULL, NULL, '2019-04-21 11:31:47', 'system', '2019-04-21 11:31:47', 'system', 1);
INSERT INTO `sb_busposition` VALUES (95, '20190421', '2019-04-22 03:31:47', 120.821585, 30.185509, 0, 0, NULL, NULL, NULL, NULL, '2019-04-21 11:31:47', 'system', '2019-04-21 11:31:47', 'system', 1);
INSERT INTO `sb_busposition` VALUES (96, '20190421', '2019-04-22 03:31:48', 120.821582, 30.185543, 0, 0, NULL, NULL, NULL, NULL, '2019-04-21 11:31:48', 'system', '2019-04-21 11:31:48', 'system', 1);
INSERT INTO `sb_busposition` VALUES (97, '20190421', '2019-04-22 03:31:48', 120.821582, 30.185543, 0, 0, NULL, NULL, NULL, NULL, '2019-04-21 11:31:48', 'system', '2019-04-21 11:31:48', 'system', 1);
INSERT INTO `sb_busposition` VALUES (98, '20190421', '2019-04-22 03:31:48', 120.821582, 30.185543, 0, 0, NULL, NULL, NULL, NULL, '2019-04-21 11:31:48', 'system', '2019-04-21 11:31:48', 'system', 1);
INSERT INTO `sb_busposition` VALUES (99, '20190421', '2019-04-22 03:31:49', 120.821578, 30.185573, 0, 0, NULL, NULL, NULL, NULL, '2019-04-21 11:31:49', 'system', '2019-04-21 11:31:49', 'system', 1);
INSERT INTO `sb_busposition` VALUES (100, '20190421', '2019-04-22 03:31:49', 120.821578, 30.185573, 0, 0, NULL, NULL, NULL, NULL, '2019-04-21 11:31:49', 'system', '2019-04-21 11:31:49', 'system', 1);
INSERT INTO `sb_busposition` VALUES (101, '20190421', '2019-04-22 03:31:49', 120.821578, 30.185573, 0, 0, NULL, NULL, NULL, NULL, '2019-04-21 11:31:49', 'system', '2019-04-21 11:31:49', 'system', 1);
INSERT INTO `sb_busposition` VALUES (102, '20190421', '2019-04-22 03:31:50', 120.82157, 30.185598, 0, 0, NULL, NULL, NULL, NULL, '2019-04-21 11:31:50', 'system', '2019-04-21 11:31:50', 'system', 1);
INSERT INTO `sb_busposition` VALUES (103, '20190421', '2019-04-22 03:31:50', 120.82157, 30.185598, 0, 0, NULL, NULL, NULL, NULL, '2019-04-21 11:31:50', 'system', '2019-04-21 11:31:50', 'system', 1);
INSERT INTO `sb_busposition` VALUES (104, '20190421', '2019-04-22 03:31:50', 120.82157, 30.185598, 0, 0, NULL, NULL, NULL, NULL, '2019-04-21 11:31:50', 'system', '2019-04-21 11:31:50', 'system', 1);
INSERT INTO `sb_busposition` VALUES (105, '20190421', '2019-04-22 03:31:51', 120.821561, 30.185615, 0, 0, NULL, NULL, NULL, NULL, '2019-04-21 11:31:51', 'system', '2019-04-21 11:31:51', 'system', 1);
INSERT INTO `sb_busposition` VALUES (106, '20190421', '2019-04-22 03:31:51', 120.821561, 30.185615, 0, 0, NULL, NULL, NULL, NULL, '2019-04-21 11:31:51', 'system', '2019-04-21 11:31:51', 'system', 1);
INSERT INTO `sb_busposition` VALUES (107, '20190421', '2019-04-22 03:31:51', 120.821561, 30.185615, 0, 0, NULL, NULL, NULL, NULL, '2019-04-21 11:31:51', 'system', '2019-04-21 11:31:51', 'system', 1);
INSERT INTO `sb_busposition` VALUES (108, '20190421', '2019-04-22 03:31:52', 120.821538, 30.185628, 0, 0, NULL, NULL, NULL, NULL, '2019-04-21 11:31:52', 'system', '2019-04-21 11:31:52', 'system', 1);
INSERT INTO `sb_busposition` VALUES (109, '20190421', '2019-04-22 03:31:52', 120.821538, 30.185628, 0, 0, NULL, NULL, NULL, NULL, '2019-04-21 11:31:52', 'system', '2019-04-21 11:31:52', 'system', 1);
INSERT INTO `sb_busposition` VALUES (110, '20190421', '2019-04-22 03:31:52', 120.821538, 30.185628, 0, 0, NULL, NULL, NULL, NULL, '2019-04-21 11:31:52', 'system', '2019-04-21 11:31:52', 'system', 1);
INSERT INTO `sb_busposition` VALUES (111, '20190421', '2019-04-22 03:31:53', 120.8215, 30.18564, 0, 0, NULL, NULL, NULL, NULL, '2019-04-21 11:31:53', 'system', '2019-04-21 11:31:53', 'system', 1);
INSERT INTO `sb_busposition` VALUES (112, '20190421', '2019-04-22 03:31:53', 120.8215, 30.18564, 0, 0, NULL, NULL, NULL, NULL, '2019-04-21 11:31:53', 'system', '2019-04-21 11:31:53', 'system', 1);
INSERT INTO `sb_busposition` VALUES (113, '20190421', '2019-04-22 03:31:53', 120.8215, 30.18564, 0, 0, NULL, NULL, NULL, NULL, '2019-04-21 11:31:53', 'system', '2019-04-21 11:31:53', 'system', 1);
INSERT INTO `sb_busposition` VALUES (114, '20190421', '2019-04-22 03:31:54', 120.821454, 30.185647, 0, 0, NULL, NULL, NULL, NULL, '2019-04-21 11:31:54', 'system', '2019-04-21 11:31:54', 'system', 1);
INSERT INTO `sb_busposition` VALUES (115, '20190421', '2019-04-22 03:31:54', 120.821454, 30.185647, 0, 0, NULL, NULL, NULL, NULL, '2019-04-21 11:31:54', 'system', '2019-04-21 11:31:54', 'system', 1);
INSERT INTO `sb_busposition` VALUES (116, '20190421', '2019-04-22 03:31:54', 120.821454, 30.185647, 0, 0, NULL, NULL, NULL, NULL, '2019-04-21 11:31:54', 'system', '2019-04-21 11:31:54', 'system', 1);
INSERT INTO `sb_busposition` VALUES (117, '20190421', '2019-04-22 03:31:55', 120.821403, 30.185654, 0, 0, NULL, NULL, NULL, NULL, '2019-04-21 11:31:55', 'system', '2019-04-21 11:31:55', 'system', 1);
INSERT INTO `sb_busposition` VALUES (118, '20190421', '2019-04-22 03:31:55', 120.821403, 30.185654, 0, 0, NULL, NULL, NULL, NULL, '2019-04-21 11:31:55', 'system', '2019-04-21 11:31:55', 'system', 1);
INSERT INTO `sb_busposition` VALUES (119, '20190421', '2019-04-22 03:31:55', 120.821403, 30.185654, 0, 0, NULL, NULL, NULL, NULL, '2019-04-21 11:31:55', 'system', '2019-04-21 11:31:55', 'system', 1);
INSERT INTO `sb_busposition` VALUES (120, '20190421', '2019-04-22 03:31:56', 120.821346, 30.185661, 0, 0, NULL, NULL, NULL, NULL, '2019-04-21 11:31:56', 'system', '2019-04-21 11:31:56', 'system', 1);
INSERT INTO `sb_busposition` VALUES (121, '20190421', '2019-04-22 03:31:56', 120.821346, 30.185661, 0, 0, NULL, NULL, NULL, NULL, '2019-04-21 11:31:56', 'system', '2019-04-21 11:31:56', 'system', 1);
INSERT INTO `sb_busposition` VALUES (122, '20190421', '2019-04-22 03:31:56', 120.821346, 30.185661, 0, 0, NULL, NULL, NULL, NULL, '2019-04-21 11:31:56', 'system', '2019-04-21 11:31:56', 'system', 1);
INSERT INTO `sb_busposition` VALUES (123, '20190421', '2019-04-22 03:31:57', 120.821287, 30.185665, 0, 0, NULL, NULL, NULL, NULL, '2019-04-21 11:31:57', 'system', '2019-04-21 11:31:57', 'system', 1);
INSERT INTO `sb_busposition` VALUES (124, '20190421', '2019-04-22 03:31:57', 120.821287, 30.185665, 0, 0, NULL, NULL, NULL, NULL, '2019-04-21 11:31:57', 'system', '2019-04-21 11:31:57', 'system', 1);
INSERT INTO `sb_busposition` VALUES (125, '20190421', '2019-04-22 03:31:57', 120.821287, 30.185665, 0, 0, NULL, NULL, NULL, NULL, '2019-04-21 11:31:57', 'system', '2019-04-21 11:31:57', 'system', 1);
INSERT INTO `sb_busposition` VALUES (126, '20190421', '2019-04-22 03:31:58', 120.821222, 30.185665, 0, 0, NULL, NULL, NULL, NULL, '2019-04-21 11:31:58', 'system', '2019-04-21 11:31:58', 'system', 1);
INSERT INTO `sb_busposition` VALUES (127, '20190421', '2019-04-22 03:31:58', 120.821222, 30.185665, 0, 0, NULL, NULL, NULL, NULL, '2019-04-21 11:31:58', 'system', '2019-04-21 11:31:58', 'system', 1);
INSERT INTO `sb_busposition` VALUES (128, '20190421', '2019-04-22 03:31:58', 120.821222, 30.185665, 0, 0, NULL, NULL, NULL, NULL, '2019-04-21 11:31:58', 'system', '2019-04-21 11:31:58', 'system', 1);
INSERT INTO `sb_busposition` VALUES (129, '20190421', '2019-04-22 03:31:59', 120.821155, 30.185673, 0, 0, NULL, NULL, NULL, NULL, '2019-04-21 11:31:59', 'system', '2019-04-21 11:31:59', 'system', 1);
INSERT INTO `sb_busposition` VALUES (130, '20190421', '2019-04-22 03:31:59', 120.821155, 30.185673, 0, 0, NULL, NULL, NULL, NULL, '2019-04-21 11:31:59', 'system', '2019-04-21 11:31:59', 'system', 1);
INSERT INTO `sb_busposition` VALUES (131, '20190421', '2019-04-22 03:31:59', 120.821155, 30.185673, 0, 0, NULL, NULL, NULL, NULL, '2019-04-21 11:31:59', 'system', '2019-04-21 11:31:59', 'system', 1);
INSERT INTO `sb_busposition` VALUES (132, '20190421', '2019-04-22 03:32:00', 120.82103, 30.185625, 0, 0, NULL, NULL, NULL, NULL, '2019-04-21 11:32:00', 'system', '2019-04-21 11:32:00', 'system', 1);
INSERT INTO `sb_busposition` VALUES (133, '20190421', '2019-04-22 03:32:00', 120.82103, 30.185625, 0, 0, NULL, NULL, NULL, NULL, '2019-04-21 11:32:00', 'system', '2019-04-21 11:32:00', 'system', 1);
INSERT INTO `sb_busposition` VALUES (134, '20190421', '2019-04-22 03:32:00', 120.82103, 30.185625, 0, 0, NULL, NULL, NULL, NULL, '2019-04-21 11:32:00', 'system', '2019-04-21 11:32:00', 'system', 1);
INSERT INTO `sb_busposition` VALUES (135, '20190421', '2019-04-22 03:32:01', 120.820941, 30.18563, 0, 0, NULL, NULL, NULL, NULL, '2019-04-21 11:32:01', 'system', '2019-04-21 11:32:01', 'system', 1);
INSERT INTO `sb_busposition` VALUES (136, '20190421', '2019-04-22 03:32:01', 120.820941, 30.18563, 0, 0, NULL, NULL, NULL, NULL, '2019-04-21 11:32:01', 'system', '2019-04-21 11:32:01', 'system', 1);
INSERT INTO `sb_busposition` VALUES (137, '20190421', '2019-04-22 03:32:01', 120.820941, 30.18563, 0, 0, NULL, NULL, NULL, NULL, '2019-04-21 11:32:01', 'system', '2019-04-21 11:32:01', 'system', 1);
INSERT INTO `sb_busposition` VALUES (138, '20190421', '2019-04-22 03:32:02', 120.820875, 30.185633, 0, 0, NULL, NULL, NULL, NULL, '2019-04-21 11:32:02', 'system', '2019-04-21 11:32:02', 'system', 1);
INSERT INTO `sb_busposition` VALUES (139, '20190421', '2019-04-22 03:32:02', 120.820875, 30.185633, 0, 0, NULL, NULL, NULL, NULL, '2019-04-21 11:32:02', 'system', '2019-04-21 11:32:02', 'system', 1);
INSERT INTO `sb_busposition` VALUES (140, '20190421', '2019-04-22 03:32:02', 120.820875, 30.185633, 0, 0, NULL, NULL, NULL, NULL, '2019-04-21 11:32:02', 'system', '2019-04-21 11:32:02', 'system', 1);
INSERT INTO `sb_busposition` VALUES (141, '20190421', '2019-04-22 03:32:03', 120.82089, 30.185695, 0, 0, NULL, NULL, NULL, NULL, '2019-04-21 11:32:03', 'system', '2019-04-21 11:32:03', 'system', 1);
INSERT INTO `sb_busposition` VALUES (142, '20190421', '2019-04-22 03:32:03', 120.82089, 30.185695, 0, 0, NULL, NULL, NULL, NULL, '2019-04-21 11:32:03', 'system', '2019-04-21 11:32:03', 'system', 1);
INSERT INTO `sb_busposition` VALUES (143, '20190421', '2019-04-22 03:32:03', 120.82089, 30.185695, 0, 0, NULL, NULL, NULL, NULL, '2019-04-21 11:32:03', 'system', '2019-04-21 11:32:03', 'system', 1);
INSERT INTO `sb_busposition` VALUES (144, '20190421', '2019-04-22 03:32:04', 120.820835, 30.185696, 0, 0, NULL, NULL, NULL, NULL, '2019-04-21 11:32:04', 'system', '2019-04-21 11:32:04', 'system', 1);
INSERT INTO `sb_busposition` VALUES (145, '20190421', '2019-04-22 03:32:04', 120.820835, 30.185696, 0, 0, NULL, NULL, NULL, NULL, '2019-04-21 11:32:04', 'system', '2019-04-21 11:32:04', 'system', 1);
INSERT INTO `sb_busposition` VALUES (146, '20190421', '2019-04-22 03:32:04', 120.820835, 30.185696, 0, 0, NULL, NULL, NULL, NULL, '2019-04-21 11:32:04', 'system', '2019-04-21 11:32:04', 'system', 1);
INSERT INTO `sb_busposition` VALUES (147, '20190421', '2019-04-22 03:32:05', 120.820785, 30.185689, 0, 0, NULL, NULL, NULL, NULL, '2019-04-21 11:32:05', 'system', '2019-04-21 11:32:05', 'system', 1);
INSERT INTO `sb_busposition` VALUES (148, '20190421', '2019-04-22 03:32:05', 120.820785, 30.185689, 0, 0, NULL, NULL, NULL, NULL, '2019-04-21 11:32:05', 'system', '2019-04-21 11:32:05', 'system', 1);
INSERT INTO `sb_busposition` VALUES (149, '20190421', '2019-04-22 03:32:05', 120.820785, 30.185689, 0, 0, NULL, NULL, NULL, NULL, '2019-04-21 11:32:05', 'system', '2019-04-21 11:32:05', 'system', 1);
INSERT INTO `sb_busposition` VALUES (150, '20190421', '2019-04-22 03:32:06', 120.82073, 30.185697, 0, 0, NULL, NULL, NULL, NULL, '2019-04-21 11:32:06', 'system', '2019-04-21 11:32:06', 'system', 1);
INSERT INTO `sb_busposition` VALUES (151, '20190421', '2019-04-22 03:32:06', 120.82073, 30.185697, 0, 0, NULL, NULL, NULL, NULL, '2019-04-21 11:32:06', 'system', '2019-04-21 11:32:06', 'system', 1);
INSERT INTO `sb_busposition` VALUES (152, '20190421', '2019-04-22 03:32:06', 120.82073, 30.185697, 0, 0, NULL, NULL, NULL, NULL, '2019-04-21 11:32:06', 'system', '2019-04-21 11:32:06', 'system', 1);
INSERT INTO `sb_busposition` VALUES (153, '20190421', '2019-04-22 03:32:07', 120.820674, 30.185705, 0, 0, NULL, NULL, NULL, NULL, '2019-04-21 11:32:07', 'system', '2019-04-21 11:32:07', 'system', 1);
INSERT INTO `sb_busposition` VALUES (154, '20190421', '2019-04-22 03:32:07', 120.820674, 30.185705, 0, 0, NULL, NULL, NULL, NULL, '2019-04-21 11:32:07', 'system', '2019-04-21 11:32:07', 'system', 1);
INSERT INTO `sb_busposition` VALUES (155, '20190421', '2019-04-22 03:32:07', 120.820674, 30.185705, 0, 0, NULL, NULL, NULL, NULL, '2019-04-21 11:32:07', 'system', '2019-04-21 11:32:07', 'system', 1);
INSERT INTO `sb_busposition` VALUES (156, '20190421', '2019-04-22 03:32:08', 120.820615, 30.185752, 0, 0, NULL, NULL, NULL, NULL, '2019-04-21 11:32:08', 'system', '2019-04-21 11:32:08', 'system', 1);
INSERT INTO `sb_busposition` VALUES (157, '20190421', '2019-04-22 03:32:08', 120.820615, 30.185752, 0, 0, NULL, NULL, NULL, NULL, '2019-04-21 11:32:08', 'system', '2019-04-21 11:32:08', 'system', 1);
INSERT INTO `sb_busposition` VALUES (158, '20190421', '2019-04-22 03:32:08', 120.820615, 30.185752, 0, 0, NULL, NULL, NULL, NULL, '2019-04-21 11:32:08', 'system', '2019-04-21 11:32:08', 'system', 1);
INSERT INTO `sb_busposition` VALUES (159, '20190421', '2019-04-22 03:32:09', 120.820553, 30.185731, 0, 0, NULL, NULL, NULL, NULL, '2019-04-21 11:32:09', 'system', '2019-04-21 11:32:09', 'system', 1);
INSERT INTO `sb_busposition` VALUES (160, '20190421', '2019-04-22 03:32:09', 120.820553, 30.185731, 0, 0, NULL, NULL, NULL, NULL, '2019-04-21 11:32:09', 'system', '2019-04-21 11:32:09', 'system', 1);
INSERT INTO `sb_busposition` VALUES (161, '20190421', '2019-04-22 03:32:09', 120.820553, 30.185731, 0, 0, NULL, NULL, NULL, NULL, '2019-04-21 11:32:09', 'system', '2019-04-21 11:32:09', 'system', 1);
INSERT INTO `sb_busposition` VALUES (162, '20190421', '2019-04-22 03:32:10', 120.820482, 30.185732, 0, 0, NULL, NULL, NULL, NULL, '2019-04-21 11:32:10', 'system', '2019-04-21 11:32:10', 'system', 1);
INSERT INTO `sb_busposition` VALUES (163, '20190421', '2019-04-22 03:32:10', 120.820482, 30.185732, 0, 0, NULL, NULL, NULL, NULL, '2019-04-21 11:32:10', 'system', '2019-04-21 11:32:10', 'system', 1);
INSERT INTO `sb_busposition` VALUES (164, '20190421', '2019-04-22 03:32:10', 120.820482, 30.185732, 0, 0, NULL, NULL, NULL, NULL, '2019-04-21 11:32:10', 'system', '2019-04-21 11:32:10', 'system', 1);
INSERT INTO `sb_busposition` VALUES (165, '20190421', '2019-04-22 03:32:11', 120.820446, 30.185676, 0, 0, NULL, NULL, NULL, NULL, '2019-04-21 11:32:11', 'system', '2019-04-21 11:32:11', 'system', 1);
INSERT INTO `sb_busposition` VALUES (166, '20190421', '2019-04-22 03:32:11', 120.820446, 30.185676, 0, 0, NULL, NULL, NULL, NULL, '2019-04-21 11:32:11', 'system', '2019-04-21 11:32:11', 'system', 1);
INSERT INTO `sb_busposition` VALUES (167, '20190421', '2019-04-22 03:32:11', 120.820446, 30.185676, 0, 0, NULL, NULL, NULL, NULL, '2019-04-21 11:32:11', 'system', '2019-04-21 11:32:11', 'system', 1);
INSERT INTO `sb_busposition` VALUES (168, '20190421', '2019-04-22 03:32:12', 120.820387, 30.185673, 0, 0, NULL, NULL, NULL, NULL, '2019-04-21 11:32:12', 'system', '2019-04-21 11:32:12', 'system', 1);
INSERT INTO `sb_busposition` VALUES (169, '20190421', '2019-04-22 03:32:12', 120.820387, 30.185673, 0, 0, NULL, NULL, NULL, NULL, '2019-04-21 11:32:12', 'system', '2019-04-21 11:32:12', 'system', 1);
INSERT INTO `sb_busposition` VALUES (170, '20190421', '2019-04-22 03:32:12', 120.820387, 30.185673, 0, 0, NULL, NULL, NULL, NULL, '2019-04-21 11:32:12', 'system', '2019-04-21 11:32:12', 'system', 1);
INSERT INTO `sb_busposition` VALUES (171, '20190421', '2019-04-22 03:32:13', 120.820326, 30.185681, 0, 0, NULL, NULL, NULL, NULL, '2019-04-21 11:32:13', 'system', '2019-04-21 11:32:13', 'system', 1);
INSERT INTO `sb_busposition` VALUES (172, '20190421', '2019-04-22 03:32:13', 120.820326, 30.185681, 0, 0, NULL, NULL, NULL, NULL, '2019-04-21 11:32:13', 'system', '2019-04-21 11:32:13', 'system', 1);
INSERT INTO `sb_busposition` VALUES (173, '20190421', '2019-04-22 03:32:13', 120.820326, 30.185681, 0, 0, NULL, NULL, NULL, NULL, '2019-04-21 11:32:13', 'system', '2019-04-21 11:32:13', 'system', 1);
INSERT INTO `sb_busposition` VALUES (174, '20190421', '2019-04-22 03:32:14', 120.820264, 30.185642, 0, 0, NULL, NULL, NULL, NULL, '2019-04-21 11:32:14', 'system', '2019-04-21 11:32:14', 'system', 1);
INSERT INTO `sb_busposition` VALUES (175, '20190421', '2019-04-22 03:32:14', 120.820264, 30.185642, 0, 0, NULL, NULL, NULL, NULL, '2019-04-21 11:32:14', 'system', '2019-04-21 11:32:14', 'system', 1);
INSERT INTO `sb_busposition` VALUES (176, '20190421', '2019-04-22 03:32:14', 120.820264, 30.185642, 0, 0, NULL, NULL, NULL, NULL, '2019-04-21 11:32:14', 'system', '2019-04-21 11:32:14', 'system', 1);
INSERT INTO `sb_busposition` VALUES (177, '20190421', '2019-04-22 03:32:15', 120.820204, 30.185642, 0, 0, NULL, NULL, NULL, NULL, '2019-04-21 11:32:15', 'system', '2019-04-21 11:32:15', 'system', 1);
INSERT INTO `sb_busposition` VALUES (178, '20190421', '2019-04-22 03:32:15', 120.820204, 30.185642, 0, 0, NULL, NULL, NULL, NULL, '2019-04-21 11:32:15', 'system', '2019-04-21 11:32:15', 'system', 1);
INSERT INTO `sb_busposition` VALUES (179, '20190421', '2019-04-22 03:32:15', 120.820204, 30.185642, 0, 0, NULL, NULL, NULL, NULL, '2019-04-21 11:32:15', 'system', '2019-04-21 11:32:15', 'system', 1);
INSERT INTO `sb_busposition` VALUES (180, '20190421', '2019-04-22 03:32:16', 120.820137, 30.185642, 0, 0, NULL, NULL, NULL, NULL, '2019-04-21 11:32:16', 'system', '2019-04-21 11:32:16', 'system', 1);
INSERT INTO `sb_busposition` VALUES (181, '20190421', '2019-04-22 03:32:16', 120.820137, 30.185642, 0, 0, NULL, NULL, NULL, NULL, '2019-04-21 11:32:16', 'system', '2019-04-21 11:32:16', 'system', 1);
INSERT INTO `sb_busposition` VALUES (182, '20190421', '2019-04-22 03:32:16', 120.820137, 30.185642, 0, 0, NULL, NULL, NULL, NULL, '2019-04-21 11:32:16', 'system', '2019-04-21 11:32:16', 'system', 1);
INSERT INTO `sb_busposition` VALUES (183, '20190421', '2019-04-22 03:32:17', 120.820082, 30.185642, 0, 0, NULL, NULL, NULL, NULL, '2019-04-21 11:32:17', 'system', '2019-04-21 11:32:17', 'system', 1);
INSERT INTO `sb_busposition` VALUES (184, '20190421', '2019-04-22 03:32:17', 120.820082, 30.185642, 0, 0, NULL, NULL, NULL, NULL, '2019-04-21 11:32:17', 'system', '2019-04-21 11:32:17', 'system', 1);
INSERT INTO `sb_busposition` VALUES (185, '20190421', '2019-04-22 03:32:17', 120.820082, 30.185642, 0, 0, NULL, NULL, NULL, NULL, '2019-04-21 11:32:17', 'system', '2019-04-21 11:32:17', 'system', 1);
INSERT INTO `sb_busposition` VALUES (186, '20190421', '2019-04-22 03:32:18', 120.820011, 30.185642, 0, 0, NULL, NULL, NULL, NULL, '2019-04-21 11:32:18', 'system', '2019-04-21 11:32:18', 'system', 1);
INSERT INTO `sb_busposition` VALUES (187, '20190421', '2019-04-22 03:32:18', 120.820011, 30.185642, 0, 0, NULL, NULL, NULL, NULL, '2019-04-21 11:32:18', 'system', '2019-04-21 11:32:18', 'system', 1);
INSERT INTO `sb_busposition` VALUES (188, '20190421', '2019-04-22 03:32:18', 120.820011, 30.185642, 0, 0, NULL, NULL, NULL, NULL, '2019-04-21 11:32:18', 'system', '2019-04-21 11:32:18', 'system', 1);
INSERT INTO `sb_busposition` VALUES (189, '20190421', '2019-04-22 03:32:19', 120.819946, 30.185642, 0, 0, NULL, NULL, NULL, NULL, '2019-04-21 11:32:19', 'system', '2019-04-21 11:32:19', 'system', 1);
INSERT INTO `sb_busposition` VALUES (190, '20190421', '2019-04-22 03:32:19', 120.819946, 30.185642, 0, 0, NULL, NULL, NULL, NULL, '2019-04-21 11:32:19', 'system', '2019-04-21 11:32:19', 'system', 1);
INSERT INTO `sb_busposition` VALUES (191, '20190421', '2019-04-22 03:32:19', 120.819946, 30.185642, 0, 0, NULL, NULL, NULL, NULL, '2019-04-21 11:32:19', 'system', '2019-04-21 11:32:19', 'system', 1);
INSERT INTO `sb_busposition` VALUES (192, '20190421', '2019-04-22 03:32:20', 120.819888, 30.185642, 0, 0, NULL, NULL, NULL, NULL, '2019-04-21 11:32:20', 'system', '2019-04-21 11:32:20', 'system', 1);
INSERT INTO `sb_busposition` VALUES (193, '20190421', '2019-04-22 03:32:20', 120.819888, 30.185642, 0, 0, NULL, NULL, NULL, NULL, '2019-04-21 11:32:20', 'system', '2019-04-21 11:32:20', 'system', 1);
INSERT INTO `sb_busposition` VALUES (194, '20190421', '2019-04-22 03:32:20', 120.819888, 30.185642, 0, 0, NULL, NULL, NULL, NULL, '2019-04-21 11:32:20', 'system', '2019-04-21 11:32:20', 'system', 1);
INSERT INTO `sb_busposition` VALUES (195, '20190421', '2019-04-22 03:32:21', 120.819814, 30.185642, 0, 0, NULL, NULL, NULL, NULL, '2019-04-21 11:32:21', 'system', '2019-04-21 11:32:21', 'system', 1);
INSERT INTO `sb_busposition` VALUES (196, '20190421', '2019-04-22 03:32:21', 120.819814, 30.185642, 0, 0, NULL, NULL, NULL, NULL, '2019-04-21 11:32:21', 'system', '2019-04-21 11:32:21', 'system', 1);
INSERT INTO `sb_busposition` VALUES (197, '20190421', '2019-04-22 03:32:21', 120.819814, 30.185642, 0, 0, NULL, NULL, NULL, NULL, '2019-04-21 11:32:21', 'system', '2019-04-21 11:32:21', 'system', 1);
INSERT INTO `sb_busposition` VALUES (198, '20190421', '2019-04-22 03:32:22', 120.819741, 30.185642, 0, 0, NULL, NULL, NULL, NULL, '2019-04-21 11:32:22', 'system', '2019-04-21 11:32:22', 'system', 1);
INSERT INTO `sb_busposition` VALUES (199, '20190421', '2019-04-22 03:32:22', 120.819741, 30.185642, 0, 0, NULL, NULL, NULL, NULL, '2019-04-21 11:32:22', 'system', '2019-04-21 11:32:22', 'system', 1);
INSERT INTO `sb_busposition` VALUES (200, '20190421', '2019-04-22 03:32:22', 120.819741, 30.185642, 0, 0, NULL, NULL, NULL, NULL, '2019-04-21 11:32:22', 'system', '2019-04-21 11:32:22', 'system', 1);
INSERT INTO `sb_busposition` VALUES (201, '20190421', '2019-04-22 03:32:23', 120.81968, 30.185642, 0, 0, NULL, NULL, NULL, NULL, '2019-04-21 11:32:23', 'system', '2019-04-21 11:32:23', 'system', 1);
INSERT INTO `sb_busposition` VALUES (202, '20190421', '2019-04-22 03:32:23', 120.81968, 30.185642, 0, 0, NULL, NULL, NULL, NULL, '2019-04-21 11:32:23', 'system', '2019-04-21 11:32:23', 'system', 1);
INSERT INTO `sb_busposition` VALUES (203, '20190421', '2019-04-22 03:32:23', 120.81968, 30.185642, 0, 0, NULL, NULL, NULL, NULL, '2019-04-21 11:32:23', 'system', '2019-04-21 11:32:23', 'system', 1);
INSERT INTO `sb_busposition` VALUES (204, '20190421', '2019-04-22 03:32:24', 120.819587, 30.185642, 0, 0, NULL, NULL, NULL, NULL, '2019-04-21 11:32:24', 'system', '2019-04-21 11:32:24', 'system', 1);
INSERT INTO `sb_busposition` VALUES (205, '20190421', '2019-04-22 03:32:24', 120.819587, 30.185642, 0, 0, NULL, NULL, NULL, NULL, '2019-04-21 11:32:24', 'system', '2019-04-21 11:32:24', 'system', 1);
INSERT INTO `sb_busposition` VALUES (206, '20190421', '2019-04-22 03:32:24', 120.819587, 30.185642, 0, 0, NULL, NULL, NULL, NULL, '2019-04-21 11:32:24', 'system', '2019-04-21 11:32:24', 'system', 1);
INSERT INTO `sb_busposition` VALUES (207, '20190421', '2019-04-22 03:32:25', 120.819488, 30.185642, 0, 0, NULL, NULL, NULL, NULL, '2019-04-21 11:32:25', 'system', '2019-04-21 11:32:25', 'system', 1);
INSERT INTO `sb_busposition` VALUES (208, '20190421', '2019-04-22 03:32:25', 120.819488, 30.185642, 0, 0, NULL, NULL, NULL, NULL, '2019-04-21 11:32:25', 'system', '2019-04-21 11:32:25', 'system', 1);
INSERT INTO `sb_busposition` VALUES (209, '20190421', '2019-04-22 03:32:25', 120.819488, 30.185642, 0, 0, NULL, NULL, NULL, NULL, '2019-04-21 11:32:25', 'system', '2019-04-21 11:32:25', 'system', 1);
INSERT INTO `sb_busposition` VALUES (210, '20190421', '2019-04-22 03:32:26', 120.819421, 30.185642, 0, 0, NULL, NULL, NULL, NULL, '2019-04-21 11:32:26', 'system', '2019-04-21 11:32:26', 'system', 1);
INSERT INTO `sb_busposition` VALUES (211, '20190421', '2019-04-22 03:32:26', 120.819421, 30.185642, 0, 0, NULL, NULL, NULL, NULL, '2019-04-21 11:32:26', 'system', '2019-04-21 11:32:26', 'system', 1);
INSERT INTO `sb_busposition` VALUES (212, '20190421', '2019-04-22 03:32:26', 120.819421, 30.185642, 0, 0, NULL, NULL, NULL, NULL, '2019-04-21 11:32:26', 'system', '2019-04-21 11:32:26', 'system', 1);
INSERT INTO `sb_busposition` VALUES (213, '20190421', '2019-04-22 03:32:27', 120.819344, 30.185642, 0, 0, NULL, NULL, NULL, NULL, '2019-04-21 11:32:27', 'system', '2019-04-21 11:32:27', 'system', 1);
INSERT INTO `sb_busposition` VALUES (214, '20190421', '2019-04-22 03:32:27', 120.819344, 30.185642, 0, 0, NULL, NULL, NULL, NULL, '2019-04-21 11:32:27', 'system', '2019-04-21 11:32:27', 'system', 1);
INSERT INTO `sb_busposition` VALUES (215, '20190421', '2019-04-22 03:32:27', 120.819344, 30.185642, 0, 0, NULL, NULL, NULL, NULL, '2019-04-21 11:32:27', 'system', '2019-04-21 11:32:27', 'system', 1);
INSERT INTO `sb_busposition` VALUES (216, '20190421', '2019-04-22 03:32:28', 120.819281, 30.185643, 0, 0, NULL, NULL, NULL, NULL, '2019-04-21 11:32:28', 'system', '2019-04-21 11:32:28', 'system', 1);
INSERT INTO `sb_busposition` VALUES (217, '20190421', '2019-04-22 03:32:28', 120.819281, 30.185643, 0, 0, NULL, NULL, NULL, NULL, '2019-04-21 11:32:28', 'system', '2019-04-21 11:32:28', 'system', 1);
INSERT INTO `sb_busposition` VALUES (218, '20190421', '2019-04-22 03:32:28', 120.819281, 30.185643, 0, 0, NULL, NULL, NULL, NULL, '2019-04-21 11:32:28', 'system', '2019-04-21 11:32:28', 'system', 1);
INSERT INTO `sb_busposition` VALUES (219, '20190421', '2019-04-22 03:32:29', 120.819207, 30.185643, 0, 0, NULL, NULL, NULL, NULL, '2019-04-21 11:32:29', 'system', '2019-04-21 11:32:29', 'system', 1);
INSERT INTO `sb_busposition` VALUES (220, '20190421', '2019-04-22 03:32:29', 120.819207, 30.185643, 0, 0, NULL, NULL, NULL, NULL, '2019-04-21 11:32:29', 'system', '2019-04-21 11:32:29', 'system', 1);
INSERT INTO `sb_busposition` VALUES (221, '20190421', '2019-04-22 03:32:29', 120.819207, 30.185643, 0, 0, NULL, NULL, NULL, NULL, '2019-04-21 11:32:29', 'system', '2019-04-21 11:32:29', 'system', 1);
INSERT INTO `sb_busposition` VALUES (222, '20190421', '2019-04-22 03:32:30', 120.819142, 30.185643, 0, 0, NULL, NULL, NULL, NULL, '2019-04-21 11:32:30', 'system', '2019-04-21 11:32:30', 'system', 1);
INSERT INTO `sb_busposition` VALUES (223, '20190421', '2019-04-22 03:32:30', 120.819142, 30.185643, 0, 0, NULL, NULL, NULL, NULL, '2019-04-21 11:32:30', 'system', '2019-04-21 11:32:30', 'system', 1);
INSERT INTO `sb_busposition` VALUES (224, '20190421', '2019-04-22 03:32:30', 120.819142, 30.185643, 0, 0, NULL, NULL, NULL, NULL, '2019-04-21 11:32:30', 'system', '2019-04-21 11:32:30', 'system', 1);
INSERT INTO `sb_busposition` VALUES (225, '20190421', '2019-04-22 03:32:31', 120.819066, 30.185643, 0, 0, NULL, NULL, NULL, NULL, '2019-04-21 11:32:31', 'system', '2019-04-21 11:32:31', 'system', 1);
INSERT INTO `sb_busposition` VALUES (226, '20190421', '2019-04-22 03:32:31', 120.819066, 30.185643, 0, 0, NULL, NULL, NULL, NULL, '2019-04-21 11:32:31', 'system', '2019-04-21 11:32:31', 'system', 1);
INSERT INTO `sb_busposition` VALUES (227, '20190421', '2019-04-22 03:32:31', 120.819066, 30.185643, 0, 0, NULL, NULL, NULL, NULL, '2019-04-21 11:32:31', 'system', '2019-04-21 11:32:31', 'system', 1);
INSERT INTO `sb_busposition` VALUES (228, '20190421', '2019-04-22 03:32:32', 120.819005, 30.185643, 0, 0, NULL, NULL, NULL, NULL, '2019-04-21 11:32:32', 'system', '2019-04-21 11:32:32', 'system', 1);
INSERT INTO `sb_busposition` VALUES (229, '20190421', '2019-04-22 03:32:32', 120.819005, 30.185643, 0, 0, NULL, NULL, NULL, NULL, '2019-04-21 11:32:32', 'system', '2019-04-21 11:32:32', 'system', 1);
INSERT INTO `sb_busposition` VALUES (230, '20190421', '2019-04-22 03:32:32', 120.819005, 30.185643, 0, 0, NULL, NULL, NULL, NULL, '2019-04-21 11:32:32', 'system', '2019-04-21 11:32:32', 'system', 1);
INSERT INTO `sb_busposition` VALUES (231, '20190421', '2019-04-22 03:32:33', 120.818984, 30.185643, 0, 0, NULL, NULL, NULL, NULL, '2019-04-21 11:32:33', 'system', '2019-04-21 11:32:33', 'system', 1);
INSERT INTO `sb_busposition` VALUES (232, '20190421', '2019-04-22 03:32:33', 120.818984, 30.185643, 0, 0, NULL, NULL, NULL, NULL, '2019-04-21 11:32:33', 'system', '2019-04-21 11:32:33', 'system', 1);
INSERT INTO `sb_busposition` VALUES (233, '20190421', '2019-04-22 03:32:33', 120.818984, 30.185643, 0, 0, NULL, NULL, NULL, NULL, '2019-04-21 11:32:33', 'system', '2019-04-21 11:32:33', 'system', 1);
INSERT INTO `sb_busposition` VALUES (234, '20190421', '2019-04-22 03:32:34', 120.818946, 30.185643, 0, 0, NULL, NULL, NULL, NULL, '2019-04-21 11:32:34', 'system', '2019-04-21 11:32:34', 'system', 1);
INSERT INTO `sb_busposition` VALUES (235, '20190421', '2019-04-22 03:32:34', 120.818946, 30.185643, 0, 0, NULL, NULL, NULL, NULL, '2019-04-21 11:32:34', 'system', '2019-04-21 11:32:34', 'system', 1);
INSERT INTO `sb_busposition` VALUES (236, '20190421', '2019-04-22 03:32:34', 120.818946, 30.185643, 0, 0, NULL, NULL, NULL, NULL, '2019-04-21 11:32:34', 'system', '2019-04-21 11:32:34', 'system', 1);
INSERT INTO `sb_busposition` VALUES (237, '20190421', '2019-04-22 03:32:35', 120.818894, 30.185643, 0, 0, NULL, NULL, NULL, NULL, '2019-04-21 11:32:35', 'system', '2019-04-21 11:32:35', 'system', 1);
INSERT INTO `sb_busposition` VALUES (238, '20190421', '2019-04-22 03:32:35', 120.818894, 30.185643, 0, 0, NULL, NULL, NULL, NULL, '2019-04-21 11:32:35', 'system', '2019-04-21 11:32:35', 'system', 1);
INSERT INTO `sb_busposition` VALUES (239, '20190421', '2019-04-22 03:32:35', 120.818894, 30.185643, 0, 0, NULL, NULL, NULL, NULL, '2019-04-21 11:32:35', 'system', '2019-04-21 11:32:35', 'system', 1);
INSERT INTO `sb_busposition` VALUES (240, '20190421', '2019-04-22 03:32:36', 120.818847, 30.185644, 0, 0, NULL, NULL, NULL, NULL, '2019-04-21 11:32:36', 'system', '2019-04-21 11:32:36', 'system', 1);
INSERT INTO `sb_busposition` VALUES (241, '20190421', '2019-04-22 03:32:36', 120.818847, 30.185644, 0, 0, NULL, NULL, NULL, NULL, '2019-04-21 11:32:36', 'system', '2019-04-21 11:32:36', 'system', 1);
INSERT INTO `sb_busposition` VALUES (242, '20190421', '2019-04-22 03:32:36', 120.818847, 30.185644, 0, 0, NULL, NULL, NULL, NULL, '2019-04-21 11:32:36', 'system', '2019-04-21 11:32:36', 'system', 1);
INSERT INTO `sb_busposition` VALUES (243, '20190421', '2019-04-22 03:32:37', 120.818792, 30.185644, 0, 0, NULL, NULL, NULL, NULL, '2019-04-21 11:32:38', 'system', '2019-04-21 11:32:38', 'system', 1);
INSERT INTO `sb_busposition` VALUES (244, '20190421', '2019-04-22 03:32:38', 120.818792, 30.185644, 0, 0, NULL, NULL, NULL, NULL, '2019-04-21 11:32:38', 'system', '2019-04-21 11:32:38', 'system', 1);
INSERT INTO `sb_busposition` VALUES (245, '20190421', '2019-04-22 03:32:38', 120.818792, 30.185644, 0, 0, NULL, NULL, NULL, NULL, '2019-04-21 11:32:38', 'system', '2019-04-21 11:32:38', 'system', 1);
INSERT INTO `sb_busposition` VALUES (246, '20190421', '2019-04-22 03:32:38', 120.81874, 30.185644, 0, 0, NULL, NULL, NULL, NULL, '2019-04-21 11:32:38', 'system', '2019-04-21 11:32:38', 'system', 1);
INSERT INTO `sb_busposition` VALUES (247, '20190421', '2019-04-22 03:32:38', 120.81874, 30.185644, 0, 0, NULL, NULL, NULL, NULL, '2019-04-21 11:32:38', 'system', '2019-04-21 11:32:38', 'system', 1);
INSERT INTO `sb_busposition` VALUES (248, '20190421', '2019-04-22 03:32:38', 120.81874, 30.185644, 0, 0, NULL, NULL, NULL, NULL, '2019-04-21 11:32:38', 'system', '2019-04-21 11:32:38', 'system', 1);
INSERT INTO `sb_busposition` VALUES (249, '20190421', '2019-04-22 03:32:39', 120.818701, 30.185644, 0, 0, NULL, NULL, NULL, NULL, '2019-04-21 11:32:39', 'system', '2019-04-21 11:32:39', 'system', 1);
INSERT INTO `sb_busposition` VALUES (250, '20190421', '2019-04-22 03:32:39', 120.818701, 30.185644, 0, 0, NULL, NULL, NULL, NULL, '2019-04-21 11:32:39', 'system', '2019-04-21 11:32:39', 'system', 1);
INSERT INTO `sb_busposition` VALUES (251, '20190421', '2019-04-22 03:32:39', 120.818701, 30.185644, 0, 0, NULL, NULL, NULL, NULL, '2019-04-21 11:32:39', 'system', '2019-04-21 11:32:39', 'system', 1);
INSERT INTO `sb_busposition` VALUES (252, '20190421', '2019-04-22 03:32:40', 120.818635, 30.185644, 0, 0, NULL, NULL, NULL, NULL, '2019-04-21 11:32:40', 'system', '2019-04-21 11:32:40', 'system', 1);
INSERT INTO `sb_busposition` VALUES (253, '20190421', '2019-04-22 03:32:40', 120.818635, 30.185644, 0, 0, NULL, NULL, NULL, NULL, '2019-04-21 11:32:40', 'system', '2019-04-21 11:32:40', 'system', 1);
INSERT INTO `sb_busposition` VALUES (254, '20190421', '2019-04-22 03:32:40', 120.818635, 30.185644, 0, 0, NULL, NULL, NULL, NULL, '2019-04-21 11:32:40', 'system', '2019-04-21 11:32:40', 'system', 1);
INSERT INTO `sb_busposition` VALUES (255, '20190421', '2019-04-22 03:32:41', 120.818579, 30.185644, 0, 0, NULL, NULL, NULL, NULL, '2019-04-21 11:32:41', 'system', '2019-04-21 11:32:41', 'system', 1);
INSERT INTO `sb_busposition` VALUES (256, '20190421', '2019-04-22 03:32:41', 120.818579, 30.185644, 0, 0, NULL, NULL, NULL, NULL, '2019-04-21 11:32:41', 'system', '2019-04-21 11:32:41', 'system', 1);
INSERT INTO `sb_busposition` VALUES (257, '20190421', '2019-04-22 03:32:41', 120.818579, 30.185644, 0, 0, NULL, NULL, NULL, NULL, '2019-04-21 11:32:41', 'system', '2019-04-21 11:32:41', 'system', 1);
INSERT INTO `sb_busposition` VALUES (258, '20190421', '2019-04-22 03:32:42', 120.818516, 30.185644, 0, 0, NULL, NULL, NULL, NULL, '2019-04-21 11:32:42', 'system', '2019-04-21 11:32:42', 'system', 1);
INSERT INTO `sb_busposition` VALUES (259, '20190421', '2019-04-22 03:32:42', 120.818516, 30.185644, 0, 0, NULL, NULL, NULL, NULL, '2019-04-21 11:32:42', 'system', '2019-04-21 11:32:42', 'system', 1);
INSERT INTO `sb_busposition` VALUES (260, '20190421', '2019-04-22 03:32:42', 120.818516, 30.185644, 0, 0, NULL, NULL, NULL, NULL, '2019-04-21 11:32:42', 'system', '2019-04-21 11:32:42', 'system', 1);
INSERT INTO `sb_busposition` VALUES (261, '20190421', '2019-04-22 03:32:43', 120.818448, 30.185645, 0, 0, NULL, NULL, NULL, NULL, '2019-04-21 11:32:43', 'system', '2019-04-21 11:32:43', 'system', 1);
INSERT INTO `sb_busposition` VALUES (262, '20190421', '2019-04-22 03:32:43', 120.818448, 30.185645, 0, 0, NULL, NULL, NULL, NULL, '2019-04-21 11:32:43', 'system', '2019-04-21 11:32:43', 'system', 1);
INSERT INTO `sb_busposition` VALUES (263, '20190421', '2019-04-22 03:32:43', 120.818448, 30.185645, 0, 0, NULL, NULL, NULL, NULL, '2019-04-21 11:32:43', 'system', '2019-04-21 11:32:43', 'system', 1);
INSERT INTO `sb_busposition` VALUES (264, '20190421', '2019-04-22 03:32:44', 120.81838, 30.185645, 0, 0, NULL, NULL, NULL, NULL, '2019-04-21 11:32:44', 'system', '2019-04-21 11:32:44', 'system', 1);
INSERT INTO `sb_busposition` VALUES (265, '20190421', '2019-04-22 03:32:44', 120.81838, 30.185645, 0, 0, NULL, NULL, NULL, NULL, '2019-04-21 11:32:44', 'system', '2019-04-21 11:32:44', 'system', 1);
INSERT INTO `sb_busposition` VALUES (266, '20190421', '2019-04-22 03:32:44', 120.81838, 30.185645, 0, 0, NULL, NULL, NULL, NULL, '2019-04-21 11:32:44', 'system', '2019-04-21 11:32:44', 'system', 1);
INSERT INTO `sb_busposition` VALUES (267, '20190421', '2019-04-22 03:32:45', 120.818319, 30.185645, 0, 0, NULL, NULL, NULL, NULL, '2019-04-21 11:32:45', 'system', '2019-04-21 11:32:45', 'system', 1);
INSERT INTO `sb_busposition` VALUES (268, '20190421', '2019-04-22 03:32:45', 120.818319, 30.185645, 0, 0, NULL, NULL, NULL, NULL, '2019-04-21 11:32:45', 'system', '2019-04-21 11:32:45', 'system', 1);
INSERT INTO `sb_busposition` VALUES (269, '20190421', '2019-04-22 03:32:45', 120.818319, 30.185645, 0, 0, NULL, NULL, NULL, NULL, '2019-04-21 11:32:45', 'system', '2019-04-21 11:32:45', 'system', 1);
INSERT INTO `sb_busposition` VALUES (270, '20190421', '2019-04-22 03:32:46', 120.818264, 30.185645, 0, 0, NULL, NULL, NULL, NULL, '2019-04-21 11:32:46', 'system', '2019-04-21 11:32:46', 'system', 1);
INSERT INTO `sb_busposition` VALUES (271, '20190421', '2019-04-22 03:32:46', 120.818264, 30.185645, 0, 0, NULL, NULL, NULL, NULL, '2019-04-21 11:32:46', 'system', '2019-04-21 11:32:46', 'system', 1);
INSERT INTO `sb_busposition` VALUES (272, '20190421', '2019-04-22 03:32:46', 120.818264, 30.185645, 0, 0, NULL, NULL, NULL, NULL, '2019-04-21 11:32:46', 'system', '2019-04-21 11:32:46', 'system', 1);
INSERT INTO `sb_busposition` VALUES (273, '20190421', '2019-04-22 03:32:47', 120.818199, 30.185645, 0, 0, NULL, NULL, NULL, NULL, '2019-04-21 11:32:47', 'system', '2019-04-21 11:32:47', 'system', 1);
INSERT INTO `sb_busposition` VALUES (274, '20190421', '2019-04-22 03:32:47', 120.818199, 30.185645, 0, 0, NULL, NULL, NULL, NULL, '2019-04-21 11:32:47', 'system', '2019-04-21 11:32:47', 'system', 1);
INSERT INTO `sb_busposition` VALUES (275, '20190421', '2019-04-22 03:32:47', 120.818199, 30.185645, 0, 0, NULL, NULL, NULL, NULL, '2019-04-21 11:32:47', 'system', '2019-04-21 11:32:47', 'system', 1);
INSERT INTO `sb_busposition` VALUES (276, '20190421', '2019-04-22 03:32:48', 120.81813, 30.185645, 0, 0, NULL, NULL, NULL, NULL, '2019-04-21 11:32:48', 'system', '2019-04-21 11:32:48', 'system', 1);
INSERT INTO `sb_busposition` VALUES (277, '20190421', '2019-04-22 03:32:48', 120.81813, 30.185645, 0, 0, NULL, NULL, NULL, NULL, '2019-04-21 11:32:48', 'system', '2019-04-21 11:32:48', 'system', 1);
INSERT INTO `sb_busposition` VALUES (278, '20190421', '2019-04-22 03:32:48', 120.81813, 30.185645, 0, 0, NULL, NULL, NULL, NULL, '2019-04-21 11:32:48', 'system', '2019-04-21 11:32:48', 'system', 1);
INSERT INTO `sb_busposition` VALUES (279, '20190421', '2019-04-22 03:32:49', 120.818061, 30.185646, 0, 0, NULL, NULL, NULL, NULL, '2019-04-21 11:32:49', 'system', '2019-04-21 11:32:49', 'system', 1);
INSERT INTO `sb_busposition` VALUES (280, '20190421', '2019-04-22 03:32:49', 120.818061, 30.185646, 0, 0, NULL, NULL, NULL, NULL, '2019-04-21 11:32:49', 'system', '2019-04-21 11:32:49', 'system', 1);
INSERT INTO `sb_busposition` VALUES (281, '20190421', '2019-04-22 03:32:49', 120.818061, 30.185646, 0, 0, NULL, NULL, NULL, NULL, '2019-04-21 11:32:49', 'system', '2019-04-21 11:32:49', 'system', 1);
INSERT INTO `sb_busposition` VALUES (282, '20190421', '2019-04-22 03:32:50', 120.817996, 30.185646, 0, 0, NULL, NULL, NULL, NULL, '2019-04-21 11:32:50', 'system', '2019-04-21 11:32:50', 'system', 1);
INSERT INTO `sb_busposition` VALUES (283, '20190421', '2019-04-22 03:32:50', 120.817996, 30.185646, 0, 0, NULL, NULL, NULL, NULL, '2019-04-21 11:32:50', 'system', '2019-04-21 11:32:50', 'system', 1);
INSERT INTO `sb_busposition` VALUES (284, '20190421', '2019-04-22 03:32:50', 120.817996, 30.185646, 0, 0, NULL, NULL, NULL, NULL, '2019-04-21 11:32:50', 'system', '2019-04-21 11:32:50', 'system', 1);
INSERT INTO `sb_busposition` VALUES (285, '20190421', '2019-04-22 03:32:51', 120.817925, 30.185646, 0, 0, NULL, NULL, NULL, NULL, '2019-04-21 11:32:51', 'system', '2019-04-21 11:32:51', 'system', 1);
INSERT INTO `sb_busposition` VALUES (286, '20190421', '2019-04-22 03:32:51', 120.817925, 30.185646, 0, 0, NULL, NULL, NULL, NULL, '2019-04-21 11:32:51', 'system', '2019-04-21 11:32:51', 'system', 1);
INSERT INTO `sb_busposition` VALUES (287, '20190421', '2019-04-22 03:32:51', 120.817925, 30.185646, 0, 0, NULL, NULL, NULL, NULL, '2019-04-21 11:32:51', 'system', '2019-04-21 11:32:51', 'system', 1);
INSERT INTO `sb_busposition` VALUES (288, '20190421', '2019-04-22 03:32:52', 120.817859, 30.185646, 0, 0, NULL, NULL, NULL, NULL, '2019-04-21 11:32:52', 'system', '2019-04-21 11:32:52', 'system', 1);
INSERT INTO `sb_busposition` VALUES (289, '20190421', '2019-04-22 03:32:52', 120.817859, 30.185646, 0, 0, NULL, NULL, NULL, NULL, '2019-04-21 11:32:52', 'system', '2019-04-21 11:32:52', 'system', 1);
INSERT INTO `sb_busposition` VALUES (290, '20190421', '2019-04-22 03:32:52', 120.817859, 30.185646, 0, 0, NULL, NULL, NULL, NULL, '2019-04-21 11:32:52', 'system', '2019-04-21 11:32:52', 'system', 1);
INSERT INTO `sb_busposition` VALUES (291, '20190421', '2019-04-22 03:32:53', 120.817786, 30.185646, 0, 0, NULL, NULL, NULL, NULL, '2019-04-21 11:32:53', 'system', '2019-04-21 11:32:53', 'system', 1);
INSERT INTO `sb_busposition` VALUES (292, '20190421', '2019-04-22 03:32:53', 120.817786, 30.185646, 0, 0, NULL, NULL, NULL, NULL, '2019-04-21 11:32:53', 'system', '2019-04-21 11:32:53', 'system', 1);
INSERT INTO `sb_busposition` VALUES (293, '20190421', '2019-04-22 03:32:53', 120.817786, 30.185646, 0, 0, NULL, NULL, NULL, NULL, '2019-04-21 11:32:53', 'system', '2019-04-21 11:32:53', 'system', 1);
INSERT INTO `sb_busposition` VALUES (294, '20190421', '2019-04-22 03:32:54', 120.817714, 30.185647, 0, 0, NULL, NULL, NULL, NULL, '2019-04-21 11:32:54', 'system', '2019-04-21 11:32:54', 'system', 1);
INSERT INTO `sb_busposition` VALUES (295, '20190421', '2019-04-22 03:32:54', 120.817714, 30.185647, 0, 0, NULL, NULL, NULL, NULL, '2019-04-21 11:32:54', 'system', '2019-04-21 11:32:54', 'system', 1);
INSERT INTO `sb_busposition` VALUES (296, '20190421', '2019-04-22 03:32:54', 120.817714, 30.185647, 0, 0, NULL, NULL, NULL, NULL, '2019-04-21 11:32:54', 'system', '2019-04-21 11:32:54', 'system', 1);
INSERT INTO `sb_busposition` VALUES (297, '20190421', '2019-04-22 03:32:55', 120.817639, 30.185647, 0, 0, NULL, NULL, NULL, NULL, '2019-04-21 11:32:55', 'system', '2019-04-21 11:32:55', 'system', 1);
INSERT INTO `sb_busposition` VALUES (298, '20190421', '2019-04-22 03:32:55', 120.817639, 30.185647, 0, 0, NULL, NULL, NULL, NULL, '2019-04-21 11:32:55', 'system', '2019-04-21 11:32:55', 'system', 1);
INSERT INTO `sb_busposition` VALUES (299, '20190421', '2019-04-22 03:32:55', 120.817639, 30.185647, 0, 0, NULL, NULL, NULL, NULL, '2019-04-21 11:32:55', 'system', '2019-04-21 11:32:55', 'system', 1);
INSERT INTO `sb_busposition` VALUES (300, '20190421', '2019-04-22 03:32:56', 120.817561, 30.185647, 0, 0, NULL, NULL, NULL, NULL, '2019-04-21 11:32:56', 'system', '2019-04-21 11:32:56', 'system', 1);
INSERT INTO `sb_busposition` VALUES (301, '20190421', '2019-04-22 03:32:56', 120.817561, 30.185647, 0, 0, NULL, NULL, NULL, NULL, '2019-04-21 11:32:56', 'system', '2019-04-21 11:32:56', 'system', 1);
INSERT INTO `sb_busposition` VALUES (302, '20190421', '2019-04-22 03:32:56', 120.817561, 30.185647, 0, 0, NULL, NULL, NULL, NULL, '2019-04-21 11:32:56', 'system', '2019-04-21 11:32:56', 'system', 1);
INSERT INTO `sb_busposition` VALUES (303, '20190421', '2019-04-22 03:32:57', 120.817481, 30.185647, 0, 0, NULL, NULL, NULL, NULL, '2019-04-21 11:32:57', 'system', '2019-04-21 11:32:57', 'system', 1);
INSERT INTO `sb_busposition` VALUES (304, '20190421', '2019-04-22 03:32:57', 120.817481, 30.185647, 0, 0, NULL, NULL, NULL, NULL, '2019-04-21 11:32:57', 'system', '2019-04-21 11:32:57', 'system', 1);
INSERT INTO `sb_busposition` VALUES (305, '20190421', '2019-04-22 03:32:57', 120.817481, 30.185647, 0, 0, NULL, NULL, NULL, NULL, '2019-04-21 11:32:57', 'system', '2019-04-21 11:32:57', 'system', 1);
INSERT INTO `sb_busposition` VALUES (306, '20190421', '2019-04-22 03:32:58', 120.817401, 30.185648, 0, 0, NULL, NULL, NULL, NULL, '2019-04-21 11:32:58', 'system', '2019-04-21 11:32:58', 'system', 1);
INSERT INTO `sb_busposition` VALUES (307, '20190421', '2019-04-22 03:32:58', 120.817401, 30.185648, 0, 0, NULL, NULL, NULL, NULL, '2019-04-21 11:32:58', 'system', '2019-04-21 11:32:58', 'system', 1);
INSERT INTO `sb_busposition` VALUES (308, '20190421', '2019-04-22 03:32:58', 120.817401, 30.185648, 0, 0, NULL, NULL, NULL, NULL, '2019-04-21 11:32:58', 'system', '2019-04-21 11:32:58', 'system', 1);
INSERT INTO `sb_busposition` VALUES (309, '20190421', '2019-04-22 03:32:59', 120.817323, 30.185648, 0, 0, NULL, NULL, NULL, NULL, '2019-04-21 11:32:59', 'system', '2019-04-21 11:32:59', 'system', 1);
INSERT INTO `sb_busposition` VALUES (310, '20190421', '2019-04-22 03:32:59', 120.817323, 30.185648, 0, 0, NULL, NULL, NULL, NULL, '2019-04-21 11:32:59', 'system', '2019-04-21 11:32:59', 'system', 1);
INSERT INTO `sb_busposition` VALUES (311, '20190421', '2019-04-22 03:32:59', 120.817323, 30.185648, 0, 0, NULL, NULL, NULL, NULL, '2019-04-21 11:32:59', 'system', '2019-04-21 11:32:59', 'system', 1);
INSERT INTO `sb_busposition` VALUES (312, '20190421', '2019-04-22 03:33:00', 120.817239, 30.185648, 0, 0, NULL, NULL, NULL, NULL, '2019-04-21 11:33:00', 'system', '2019-04-21 11:33:00', 'system', 1);
INSERT INTO `sb_busposition` VALUES (313, '20190421', '2019-04-22 03:33:00', 120.817239, 30.185648, 0, 0, NULL, NULL, NULL, NULL, '2019-04-21 11:33:00', 'system', '2019-04-21 11:33:00', 'system', 1);
INSERT INTO `sb_busposition` VALUES (314, '20190421', '2019-04-22 03:33:00', 120.817239, 30.185648, 0, 0, NULL, NULL, NULL, NULL, '2019-04-21 11:33:00', 'system', '2019-04-21 11:33:00', 'system', 1);
INSERT INTO `sb_busposition` VALUES (315, '20190421', '2019-04-22 03:33:01', 120.817174, 30.185648, 0, 0, NULL, NULL, NULL, NULL, '2019-04-21 11:33:01', 'system', '2019-04-21 11:33:01', 'system', 1);
INSERT INTO `sb_busposition` VALUES (316, '20190421', '2019-04-22 03:33:01', 120.817174, 30.185648, 0, 0, NULL, NULL, NULL, NULL, '2019-04-21 11:33:01', 'system', '2019-04-21 11:33:01', 'system', 1);
INSERT INTO `sb_busposition` VALUES (317, '20190421', '2019-04-22 03:33:01', 120.817174, 30.185648, 0, 0, NULL, NULL, NULL, NULL, '2019-04-21 11:33:01', 'system', '2019-04-21 11:33:01', 'system', 1);
INSERT INTO `sb_busposition` VALUES (318, '20190421', '2019-04-22 03:33:02', 120.817116, 30.185649, 0, 0, NULL, NULL, NULL, NULL, '2019-04-21 11:33:03', 'system', '2019-04-21 11:33:03', 'system', 1);
INSERT INTO `sb_busposition` VALUES (319, '20190421', '2019-04-22 03:33:02', 120.817116, 30.185649, 0, 0, NULL, NULL, NULL, NULL, '2019-04-21 11:33:03', 'system', '2019-04-21 11:33:03', 'system', 1);
INSERT INTO `sb_busposition` VALUES (320, '20190421', '2019-04-22 03:33:03', 120.817116, 30.185649, 0, 0, NULL, NULL, NULL, NULL, '2019-04-21 11:33:03', 'system', '2019-04-21 11:33:03', 'system', 1);
INSERT INTO `sb_busposition` VALUES (321, '20190421', '2019-04-22 03:33:03', 120.817051, 30.185649, 0, 0, NULL, NULL, NULL, NULL, '2019-04-21 11:33:03', 'system', '2019-04-21 11:33:03', 'system', 1);
INSERT INTO `sb_busposition` VALUES (322, '20190421', '2019-04-22 03:33:03', 120.817051, 30.185649, 0, 0, NULL, NULL, NULL, NULL, '2019-04-21 11:33:03', 'system', '2019-04-21 11:33:03', 'system', 1);
INSERT INTO `sb_busposition` VALUES (323, '20190421', '2019-04-22 03:33:03', 120.817051, 30.185649, 0, 0, NULL, NULL, NULL, NULL, '2019-04-21 11:33:03', 'system', '2019-04-21 11:33:03', 'system', 1);
INSERT INTO `sb_busposition` VALUES (324, '20190421', '2019-04-22 03:33:04', 120.817009, 30.185649, 0, 0, NULL, NULL, NULL, NULL, '2019-04-21 11:33:04', 'system', '2019-04-21 11:33:04', 'system', 1);
INSERT INTO `sb_busposition` VALUES (325, '20190421', '2019-04-22 03:33:04', 120.817009, 30.185649, 0, 0, NULL, NULL, NULL, NULL, '2019-04-21 11:33:04', 'system', '2019-04-21 11:33:04', 'system', 1);
INSERT INTO `sb_busposition` VALUES (326, '20190421', '2019-04-22 03:33:04', 120.817009, 30.185649, 0, 0, NULL, NULL, NULL, NULL, '2019-04-21 11:33:04', 'system', '2019-04-21 11:33:04', 'system', 1);
INSERT INTO `sb_busposition` VALUES (327, '20190421', '2019-04-22 03:33:05', 120.81695, 30.185649, 0, 0, NULL, NULL, NULL, NULL, '2019-04-21 11:33:05', 'system', '2019-04-21 11:33:05', 'system', 1);
INSERT INTO `sb_busposition` VALUES (328, '20190421', '2019-04-22 03:33:05', 120.81695, 30.185649, 0, 0, NULL, NULL, NULL, NULL, '2019-04-21 11:33:05', 'system', '2019-04-21 11:33:05', 'system', 1);
INSERT INTO `sb_busposition` VALUES (329, '20190421', '2019-04-22 03:33:05', 120.81695, 30.185649, 0, 0, NULL, NULL, NULL, NULL, '2019-04-21 11:33:05', 'system', '2019-04-21 11:33:05', 'system', 1);
INSERT INTO `sb_busposition` VALUES (330, '20190421', '2019-04-22 03:33:06', 120.816901, 30.185649, 0, 0, NULL, NULL, NULL, NULL, '2019-04-21 11:33:06', 'system', '2019-04-21 11:33:06', 'system', 1);
INSERT INTO `sb_busposition` VALUES (331, '20190421', '2019-04-22 03:33:06', 120.816901, 30.185649, 0, 0, NULL, NULL, NULL, NULL, '2019-04-21 11:33:07', 'system', '2019-04-21 11:33:07', 'system', 1);
INSERT INTO `sb_busposition` VALUES (332, '20190421', '2019-04-22 03:33:07', 120.816901, 30.185649, 0, 0, NULL, NULL, NULL, NULL, '2019-04-21 11:33:07', 'system', '2019-04-21 11:33:07', 'system', 1);
INSERT INTO `sb_busposition` VALUES (333, '20190421', '2019-04-22 03:33:07', 120.816859, 30.185649, 0, 0, NULL, NULL, NULL, NULL, '2019-04-21 11:33:07', 'system', '2019-04-21 11:33:07', 'system', 1);
INSERT INTO `sb_busposition` VALUES (334, '20190421', '2019-04-22 03:33:07', 120.816859, 30.185649, 0, 0, NULL, NULL, NULL, NULL, '2019-04-21 11:33:07', 'system', '2019-04-21 11:33:07', 'system', 1);
INSERT INTO `sb_busposition` VALUES (335, '20190421', '2019-04-22 03:33:07', 120.816859, 30.185649, 0, 0, NULL, NULL, NULL, NULL, '2019-04-21 11:33:07', 'system', '2019-04-21 11:33:07', 'system', 1);
INSERT INTO `sb_busposition` VALUES (336, '20190421', '2019-04-22 03:33:08', 120.816831, 30.185642, 0, 0, NULL, NULL, NULL, NULL, '2019-04-21 11:33:08', 'system', '2019-04-21 11:33:08', 'system', 1);
INSERT INTO `sb_busposition` VALUES (337, '20190421', '2019-04-22 03:33:08', 120.816831, 30.185642, 0, 0, NULL, NULL, NULL, NULL, '2019-04-21 11:33:08', 'system', '2019-04-21 11:33:08', 'system', 1);
INSERT INTO `sb_busposition` VALUES (338, '20190421', '2019-04-22 03:33:08', 120.816831, 30.185642, 0, 0, NULL, NULL, NULL, NULL, '2019-04-21 11:33:08', 'system', '2019-04-21 11:33:08', 'system', 1);
INSERT INTO `sb_busposition` VALUES (339, '20190421', '2019-04-22 03:33:09', 120.816813, 30.185527, 0, 0, NULL, NULL, NULL, NULL, '2019-04-21 11:33:09', 'system', '2019-04-21 11:33:09', 'system', 1);
INSERT INTO `sb_busposition` VALUES (340, '20190421', '2019-04-22 03:33:09', 120.816813, 30.185527, 0, 0, NULL, NULL, NULL, NULL, '2019-04-21 11:33:09', 'system', '2019-04-21 11:33:09', 'system', 1);
INSERT INTO `sb_busposition` VALUES (341, '20190421', '2019-04-22 03:33:09', 120.816813, 30.185527, 0, 0, NULL, NULL, NULL, NULL, '2019-04-21 11:33:09', 'system', '2019-04-21 11:33:09', 'system', 1);
INSERT INTO `sb_busposition` VALUES (342, '20190421', '2019-04-22 03:33:10', 120.816812, 30.185478, 0, 0, NULL, NULL, NULL, NULL, '2019-04-21 11:33:10', 'system', '2019-04-21 11:33:10', 'system', 1);
INSERT INTO `sb_busposition` VALUES (343, '20190421', '2019-04-22 03:33:10', 120.816812, 30.185478, 0, 0, NULL, NULL, NULL, NULL, '2019-04-21 11:33:10', 'system', '2019-04-21 11:33:10', 'system', 1);
INSERT INTO `sb_busposition` VALUES (344, '20190421', '2019-04-22 03:33:10', 120.816812, 30.185478, 0, 0, NULL, NULL, NULL, NULL, '2019-04-21 11:33:10', 'system', '2019-04-21 11:33:10', 'system', 1);
INSERT INTO `sb_busposition` VALUES (345, '20190421', '2019-04-22 03:33:11', 120.816803, 30.185464, 0, 0, NULL, NULL, NULL, NULL, '2019-04-21 11:33:11', 'system', '2019-04-21 11:33:11', 'system', 1);
INSERT INTO `sb_busposition` VALUES (346, '20190421', '2019-04-22 03:33:11', 120.816803, 30.185464, 0, 0, NULL, NULL, NULL, NULL, '2019-04-21 11:33:11', 'system', '2019-04-21 11:33:11', 'system', 1);
INSERT INTO `sb_busposition` VALUES (347, '20190421', '2019-04-22 03:33:11', 120.816803, 30.185464, 0, 0, NULL, NULL, NULL, NULL, '2019-04-21 11:33:11', 'system', '2019-04-21 11:33:11', 'system', 1);
INSERT INTO `sb_busposition` VALUES (348, '20190421', '2019-04-22 03:33:12', 120.816695, 30.185387, 0, 0, NULL, NULL, NULL, NULL, '2019-04-21 11:33:12', 'system', '2019-04-21 11:33:12', 'system', 1);
INSERT INTO `sb_busposition` VALUES (349, '20190421', '2019-04-22 03:33:12', 120.816695, 30.185387, 0, 0, NULL, NULL, NULL, NULL, '2019-04-21 11:33:12', 'system', '2019-04-21 11:33:12', 'system', 1);
INSERT INTO `sb_busposition` VALUES (350, '20190421', '2019-04-22 03:33:12', 120.816695, 30.185387, 0, 0, NULL, NULL, NULL, NULL, '2019-04-21 11:33:12', 'system', '2019-04-21 11:33:12', 'system', 1);
INSERT INTO `sb_busposition` VALUES (351, '20190421', '2019-04-22 03:33:13', 120.816671, 30.185381, 0, 0, NULL, NULL, NULL, NULL, '2019-04-21 11:33:13', 'system', '2019-04-21 11:33:13', 'system', 1);
INSERT INTO `sb_busposition` VALUES (352, '20190421', '2019-04-22 03:33:13', 120.816671, 30.185381, 0, 0, NULL, NULL, NULL, NULL, '2019-04-21 11:33:13', 'system', '2019-04-21 11:33:13', 'system', 1);
INSERT INTO `sb_busposition` VALUES (353, '20190421', '2019-04-22 03:33:13', 120.816671, 30.185381, 0, 0, NULL, NULL, NULL, NULL, '2019-04-21 11:33:13', 'system', '2019-04-21 11:33:13', 'system', 1);
INSERT INTO `sb_busposition` VALUES (354, '20190421', '2019-04-22 03:33:14', 120.81667, 30.18538, 0, 0, NULL, NULL, NULL, NULL, '2019-04-21 11:33:14', 'system', '2019-04-21 11:33:14', 'system', 1);
INSERT INTO `sb_busposition` VALUES (355, '20190421', '2019-04-22 03:33:14', 120.81667, 30.18538, 0, 0, NULL, NULL, NULL, NULL, '2019-04-21 11:33:14', 'system', '2019-04-21 11:33:14', 'system', 1);
INSERT INTO `sb_busposition` VALUES (356, '20190421', '2019-04-22 03:33:14', 120.81667, 30.18538, 0, 0, NULL, NULL, NULL, NULL, '2019-04-21 11:33:14', 'system', '2019-04-21 11:33:14', 'system', 1);
INSERT INTO `sb_busposition` VALUES (357, '20190421', '2019-04-22 03:33:15', 120.816651, 30.185371, 0, 0, NULL, NULL, NULL, NULL, '2019-04-21 11:33:15', 'system', '2019-04-21 11:33:15', 'system', 1);
INSERT INTO `sb_busposition` VALUES (358, '20190421', '2019-04-22 03:33:15', 120.816651, 30.185371, 0, 0, NULL, NULL, NULL, NULL, '2019-04-21 11:33:15', 'system', '2019-04-21 11:33:15', 'system', 1);
INSERT INTO `sb_busposition` VALUES (359, '20190421', '2019-04-22 03:33:15', 120.816651, 30.185371, 0, 0, NULL, NULL, NULL, NULL, '2019-04-21 11:33:15', 'system', '2019-04-21 11:33:15', 'system', 1);
INSERT INTO `sb_busposition` VALUES (360, '20190421', '2019-04-22 03:33:16', 120.816627, 30.185349, 0, 0, NULL, NULL, NULL, NULL, '2019-04-21 11:33:16', 'system', '2019-04-21 11:33:16', 'system', 1);
INSERT INTO `sb_busposition` VALUES (361, '20190421', '2019-04-22 03:33:16', 120.816627, 30.185349, 0, 0, NULL, NULL, NULL, NULL, '2019-04-21 11:33:16', 'system', '2019-04-21 11:33:16', 'system', 1);
INSERT INTO `sb_busposition` VALUES (362, '20190421', '2019-04-22 03:33:16', 120.816627, 30.185349, 0, 0, NULL, NULL, NULL, NULL, '2019-04-21 11:33:16', 'system', '2019-04-21 11:33:16', 'system', 1);
INSERT INTO `sb_busposition` VALUES (363, '20190421', '2019-04-22 03:33:17', 120.816605, 30.185309, 0, 0, NULL, NULL, NULL, NULL, '2019-04-21 11:33:17', 'system', '2019-04-21 11:33:17', 'system', 1);
INSERT INTO `sb_busposition` VALUES (364, '20190421', '2019-04-22 03:33:17', 120.816605, 30.185309, 0, 0, NULL, NULL, NULL, NULL, '2019-04-21 11:33:17', 'system', '2019-04-21 11:33:17', 'system', 1);
INSERT INTO `sb_busposition` VALUES (365, '20190421', '2019-04-22 03:33:17', 120.816605, 30.185309, 0, 0, NULL, NULL, NULL, NULL, '2019-04-21 11:33:17', 'system', '2019-04-21 11:33:17', 'system', 1);
INSERT INTO `sb_busposition` VALUES (366, '20190421', '2019-04-22 03:33:18', 120.8166, 30.185272, 0, 0, NULL, NULL, NULL, NULL, '2019-04-21 11:33:18', 'system', '2019-04-21 11:33:18', 'system', 1);
INSERT INTO `sb_busposition` VALUES (367, '20190421', '2019-04-22 03:33:18', 120.8166, 30.185272, 0, 0, NULL, NULL, NULL, NULL, '2019-04-21 11:33:18', 'system', '2019-04-21 11:33:18', 'system', 1);
INSERT INTO `sb_busposition` VALUES (368, '20190421', '2019-04-22 03:33:18', 120.8166, 30.185272, 0, 0, NULL, NULL, NULL, NULL, '2019-04-21 11:33:18', 'system', '2019-04-21 11:33:18', 'system', 1);
INSERT INTO `sb_busposition` VALUES (369, '20190421', '2019-04-22 03:33:19', 120.816594, 30.185223, 0, 0, NULL, NULL, NULL, NULL, '2019-04-21 11:33:19', 'system', '2019-04-21 11:33:19', 'system', 1);
INSERT INTO `sb_busposition` VALUES (370, '20190421', '2019-04-22 03:33:19', 120.816594, 30.185223, 0, 0, NULL, NULL, NULL, NULL, '2019-04-21 11:33:19', 'system', '2019-04-21 11:33:19', 'system', 1);
INSERT INTO `sb_busposition` VALUES (371, '20190421', '2019-04-22 03:33:19', 120.816594, 30.185223, 0, 0, NULL, NULL, NULL, NULL, '2019-04-21 11:33:19', 'system', '2019-04-21 11:33:19', 'system', 1);
INSERT INTO `sb_busposition` VALUES (372, '20190421', '2019-04-22 03:33:20', 120.816589, 30.185169, 0, 0, NULL, NULL, NULL, NULL, '2019-04-21 11:33:20', 'system', '2019-04-21 11:33:20', 'system', 1);
INSERT INTO `sb_busposition` VALUES (373, '20190421', '2019-04-22 03:33:20', 120.816589, 30.185169, 0, 0, NULL, NULL, NULL, NULL, '2019-04-21 11:33:20', 'system', '2019-04-21 11:33:20', 'system', 1);
INSERT INTO `sb_busposition` VALUES (374, '20190421', '2019-04-22 03:33:20', 120.816589, 30.185169, 0, 0, NULL, NULL, NULL, NULL, '2019-04-21 11:33:20', 'system', '2019-04-21 11:33:20', 'system', 1);
INSERT INTO `sb_busposition` VALUES (375, '20190421', '2019-04-22 03:33:21', 120.816583, 30.185114, 0, 0, NULL, NULL, NULL, NULL, '2019-04-21 11:33:21', 'system', '2019-04-21 11:33:21', 'system', 1);
INSERT INTO `sb_busposition` VALUES (376, '20190421', '2019-04-22 03:33:21', 120.816583, 30.185114, 0, 0, NULL, NULL, NULL, NULL, '2019-04-21 11:33:21', 'system', '2019-04-21 11:33:21', 'system', 1);
INSERT INTO `sb_busposition` VALUES (377, '20190421', '2019-04-22 03:33:21', 120.816583, 30.185114, 0, 0, NULL, NULL, NULL, NULL, '2019-04-21 11:33:21', 'system', '2019-04-21 11:33:21', 'system', 1);
INSERT INTO `sb_busposition` VALUES (378, '20190421', '2019-04-22 03:33:22', 120.816578, 30.185062, 0, 0, NULL, NULL, NULL, NULL, '2019-04-21 11:33:22', 'system', '2019-04-21 11:33:22', 'system', 1);
INSERT INTO `sb_busposition` VALUES (379, '20190421', '2019-04-22 03:33:22', 120.816578, 30.185062, 0, 0, NULL, NULL, NULL, NULL, '2019-04-21 11:33:22', 'system', '2019-04-21 11:33:22', 'system', 1);
INSERT INTO `sb_busposition` VALUES (380, '20190421', '2019-04-22 03:33:22', 120.816578, 30.185062, 0, 0, NULL, NULL, NULL, NULL, '2019-04-21 11:33:22', 'system', '2019-04-21 11:33:22', 'system', 1);
INSERT INTO `sb_busposition` VALUES (381, '20190421', '2019-04-22 03:33:23', 120.816572, 30.185005, 0, 0, NULL, NULL, NULL, NULL, '2019-04-21 11:33:23', 'system', '2019-04-21 11:33:23', 'system', 1);
INSERT INTO `sb_busposition` VALUES (382, '20190421', '2019-04-22 03:33:23', 120.816572, 30.185005, 0, 0, NULL, NULL, NULL, NULL, '2019-04-21 11:33:23', 'system', '2019-04-21 11:33:23', 'system', 1);
INSERT INTO `sb_busposition` VALUES (383, '20190421', '2019-04-22 03:33:23', 120.816572, 30.185005, 0, 0, NULL, NULL, NULL, NULL, '2019-04-21 11:33:23', 'system', '2019-04-21 11:33:23', 'system', 1);
INSERT INTO `sb_busposition` VALUES (384, '20190421', '2019-04-22 03:33:24', 120.816567, 30.184949, 0, 0, NULL, NULL, NULL, NULL, '2019-04-21 11:33:24', 'system', '2019-04-21 11:33:24', 'system', 1);
INSERT INTO `sb_busposition` VALUES (385, '20190421', '2019-04-22 03:33:24', 120.816567, 30.184949, 0, 0, NULL, NULL, NULL, NULL, '2019-04-21 11:33:24', 'system', '2019-04-21 11:33:24', 'system', 1);
INSERT INTO `sb_busposition` VALUES (386, '20190421', '2019-04-22 03:33:24', 120.816567, 30.184949, 0, 0, NULL, NULL, NULL, NULL, '2019-04-21 11:33:24', 'system', '2019-04-21 11:33:24', 'system', 1);
INSERT INTO `sb_busposition` VALUES (387, '20190421', '2019-04-22 03:33:25', 120.816565, 30.18493, 0, 0, NULL, NULL, NULL, NULL, '2019-04-21 11:33:25', 'system', '2019-04-21 11:33:25', 'system', 1);
INSERT INTO `sb_busposition` VALUES (388, '20190421', '2019-04-22 03:33:25', 120.816565, 30.18493, 0, 0, NULL, NULL, NULL, NULL, '2019-04-21 11:33:25', 'system', '2019-04-21 11:33:25', 'system', 1);
INSERT INTO `sb_busposition` VALUES (389, '20190421', '2019-04-22 03:33:25', 120.816565, 30.18493, 0, 0, NULL, NULL, NULL, NULL, '2019-04-21 11:33:25', 'system', '2019-04-21 11:33:25', 'system', 1);
INSERT INTO `sb_busposition` VALUES (390, '20190421', '2019-04-22 03:33:26', 120.816566, 30.184841, 0, 0, NULL, NULL, NULL, NULL, '2019-04-21 11:33:26', 'system', '2019-04-21 11:33:26', 'system', 1);
INSERT INTO `sb_busposition` VALUES (391, '20190421', '2019-04-22 03:33:26', 120.816566, 30.184841, 0, 0, NULL, NULL, NULL, NULL, '2019-04-21 11:33:26', 'system', '2019-04-21 11:33:26', 'system', 1);
INSERT INTO `sb_busposition` VALUES (392, '20190421', '2019-04-22 03:33:26', 120.816566, 30.184841, 0, 0, NULL, NULL, NULL, NULL, '2019-04-21 11:33:26', 'system', '2019-04-21 11:33:26', 'system', 1);
INSERT INTO `sb_busposition` VALUES (393, '20190421', '2019-04-22 03:33:27', 120.816568, 30.184788, 0, 0, NULL, NULL, NULL, NULL, '2019-04-21 11:33:27', 'system', '2019-04-21 11:33:27', 'system', 1);
INSERT INTO `sb_busposition` VALUES (394, '20190421', '2019-04-22 03:33:27', 120.816568, 30.184788, 0, 0, NULL, NULL, NULL, NULL, '2019-04-21 11:33:27', 'system', '2019-04-21 11:33:27', 'system', 1);
INSERT INTO `sb_busposition` VALUES (395, '20190421', '2019-04-22 03:33:27', 120.816568, 30.184788, 0, 0, NULL, NULL, NULL, NULL, '2019-04-21 11:33:27', 'system', '2019-04-21 11:33:27', 'system', 1);
INSERT INTO `sb_busposition` VALUES (396, '20190421', '2019-04-22 03:33:28', 120.81657, 30.184725, 0, 0, NULL, NULL, NULL, NULL, '2019-04-21 11:33:28', 'system', '2019-04-21 11:33:28', 'system', 1);
INSERT INTO `sb_busposition` VALUES (397, '20190421', '2019-04-22 03:33:28', 120.81657, 30.184725, 0, 0, NULL, NULL, NULL, NULL, '2019-04-21 11:33:28', 'system', '2019-04-21 11:33:28', 'system', 1);
INSERT INTO `sb_busposition` VALUES (398, '20190421', '2019-04-22 03:33:28', 120.81657, 30.184725, 0, 0, NULL, NULL, NULL, NULL, '2019-04-21 11:33:28', 'system', '2019-04-21 11:33:28', 'system', 1);
INSERT INTO `sb_busposition` VALUES (399, '20190421', '2019-04-22 03:33:29', 120.816571, 30.18469, 0, 0, NULL, NULL, NULL, NULL, '2019-04-21 11:33:29', 'system', '2019-04-21 11:33:29', 'system', 1);
INSERT INTO `sb_busposition` VALUES (400, '20190421', '2019-04-22 03:33:29', 120.816571, 30.18469, 0, 0, NULL, NULL, NULL, NULL, '2019-04-21 11:33:29', 'system', '2019-04-21 11:33:29', 'system', 1);
INSERT INTO `sb_busposition` VALUES (401, '20190421', '2019-04-22 03:33:29', 120.816571, 30.18469, 0, 0, NULL, NULL, NULL, NULL, '2019-04-21 11:33:29', 'system', '2019-04-21 11:33:29', 'system', 1);
INSERT INTO `sb_busposition` VALUES (402, '20190421', '2019-04-22 03:33:30', 120.816573, 30.184603, 0, 0, NULL, NULL, NULL, NULL, '2019-04-21 11:33:30', 'system', '2019-04-21 11:33:30', 'system', 1);
INSERT INTO `sb_busposition` VALUES (403, '20190421', '2019-04-22 03:33:30', 120.816573, 30.184603, 0, 0, NULL, NULL, NULL, NULL, '2019-04-21 11:33:30', 'system', '2019-04-21 11:33:30', 'system', 1);
INSERT INTO `sb_busposition` VALUES (404, '20190421', '2019-04-22 03:33:30', 120.816573, 30.184603, 0, 0, NULL, NULL, NULL, NULL, '2019-04-21 11:33:30', 'system', '2019-04-21 11:33:30', 'system', 1);
INSERT INTO `sb_busposition` VALUES (405, '20190421', '2019-04-22 03:33:31', 120.816575, 30.184538, 0, 0, NULL, NULL, NULL, NULL, '2019-04-21 11:33:31', 'system', '2019-04-21 11:33:31', 'system', 1);
INSERT INTO `sb_busposition` VALUES (406, '20190421', '2019-04-22 03:33:31', 120.816575, 30.184538, 0, 0, NULL, NULL, NULL, NULL, '2019-04-21 11:33:31', 'system', '2019-04-21 11:33:31', 'system', 1);
INSERT INTO `sb_busposition` VALUES (407, '20190421', '2019-04-22 03:33:31', 120.816575, 30.184538, 0, 0, NULL, NULL, NULL, NULL, '2019-04-21 11:33:31', 'system', '2019-04-21 11:33:31', 'system', 1);
INSERT INTO `sb_busposition` VALUES (408, '20190421', '2019-04-22 03:33:32', 120.816577, 30.184476, 0, 0, NULL, NULL, NULL, NULL, '2019-04-21 11:33:32', 'system', '2019-04-21 11:33:32', 'system', 1);
INSERT INTO `sb_busposition` VALUES (409, '20190421', '2019-04-22 03:33:32', 120.816577, 30.184476, 0, 0, NULL, NULL, NULL, NULL, '2019-04-21 11:33:32', 'system', '2019-04-21 11:33:32', 'system', 1);
INSERT INTO `sb_busposition` VALUES (410, '20190421', '2019-04-22 03:33:32', 120.816577, 30.184476, 0, 0, NULL, NULL, NULL, NULL, '2019-04-21 11:33:33', 'system', '2019-04-21 11:33:33', 'system', 1);
INSERT INTO `sb_busposition` VALUES (411, '20190421', '2019-04-22 03:33:33', 120.816578, 30.184415, 0, 0, NULL, NULL, NULL, NULL, '2019-04-21 11:33:33', 'system', '2019-04-21 11:33:33', 'system', 1);
INSERT INTO `sb_busposition` VALUES (412, '20190421', '2019-04-22 03:33:33', 120.816578, 30.184415, 0, 0, NULL, NULL, NULL, NULL, '2019-04-21 11:33:33', 'system', '2019-04-21 11:33:33', 'system', 1);
INSERT INTO `sb_busposition` VALUES (413, '20190421', '2019-04-22 03:33:33', 120.816578, 30.184415, 0, 0, NULL, NULL, NULL, NULL, '2019-04-21 11:33:33', 'system', '2019-04-21 11:33:33', 'system', 1);
INSERT INTO `sb_busposition` VALUES (414, '20190421', '2019-04-22 03:33:34', 120.81658, 30.184355, 0, 0, NULL, NULL, NULL, NULL, '2019-04-21 11:33:34', 'system', '2019-04-21 11:33:34', 'system', 1);
INSERT INTO `sb_busposition` VALUES (415, '20190421', '2019-04-22 03:33:34', 120.81658, 30.184355, 0, 0, NULL, NULL, NULL, NULL, '2019-04-21 11:33:34', 'system', '2019-04-21 11:33:34', 'system', 1);
INSERT INTO `sb_busposition` VALUES (416, '20190421', '2019-04-22 03:33:34', 120.81658, 30.184355, 0, 0, NULL, NULL, NULL, NULL, '2019-04-21 11:33:34', 'system', '2019-04-21 11:33:34', 'system', 1);
INSERT INTO `sb_busposition` VALUES (417, '20190421', '2019-04-22 03:33:35', 120.81658, 30.184355, 0, 0, NULL, NULL, NULL, NULL, '2019-04-21 11:33:35', 'system', '2019-04-21 11:33:35', 'system', 1);
INSERT INTO `sb_busposition` VALUES (418, '20190421', '2019-04-22 03:33:35', 120.81658, 30.184355, 0, 0, NULL, NULL, NULL, NULL, '2019-04-21 11:33:35', 'system', '2019-04-21 11:33:35', 'system', 1);
INSERT INTO `sb_busposition` VALUES (419, '20190421', '2019-04-22 03:33:35', 120.81658, 30.184355, 0, 0, NULL, NULL, NULL, NULL, '2019-04-21 11:33:35', 'system', '2019-04-21 11:33:35', 'system', 1);
INSERT INTO `sb_busposition` VALUES (420, '20190421', '2019-04-22 03:33:36', 120.81658, 30.184355, 0, 0, NULL, NULL, NULL, NULL, '2019-04-21 11:33:36', 'system', '2019-04-21 11:33:36', 'system', 1);
INSERT INTO `sb_busposition` VALUES (421, '20190421', '2019-04-22 03:33:36', 120.81658, 30.184355, 0, 0, NULL, NULL, NULL, NULL, '2019-04-21 11:33:36', 'system', '2019-04-21 11:33:36', 'system', 1);
INSERT INTO `sb_busposition` VALUES (422, '20190421', '2019-04-22 03:33:36', 120.81658, 30.184355, 0, 0, NULL, NULL, NULL, NULL, '2019-04-21 11:33:36', 'system', '2019-04-21 11:33:36', 'system', 1);
INSERT INTO `sb_busposition` VALUES (423, '20190421', '2019-04-22 03:33:37', 120.81658, 30.184355, 0, 0, NULL, NULL, NULL, NULL, '2019-04-21 11:33:37', 'system', '2019-04-21 11:33:37', 'system', 1);
INSERT INTO `sb_busposition` VALUES (424, '20190421', '2019-04-22 03:33:37', 120.81658, 30.184355, 0, 0, NULL, NULL, NULL, NULL, '2019-04-21 11:33:37', 'system', '2019-04-21 11:33:37', 'system', 1);
INSERT INTO `sb_busposition` VALUES (425, '20190421', '2019-04-22 03:33:37', 120.81658, 30.184355, 0, 0, NULL, NULL, NULL, NULL, '2019-04-21 11:33:37', 'system', '2019-04-21 11:33:37', 'system', 1);
INSERT INTO `sb_busposition` VALUES (426, '20190421', '2019-04-22 03:33:38', 120.81658, 30.184355, 0, 0, NULL, NULL, NULL, NULL, '2019-04-21 11:33:38', 'system', '2019-04-21 11:33:38', 'system', 1);
INSERT INTO `sb_busposition` VALUES (427, '20190421', '2019-04-22 03:33:38', 120.81658, 30.184355, 0, 0, NULL, NULL, NULL, NULL, '2019-04-21 11:33:38', 'system', '2019-04-21 11:33:38', 'system', 1);
INSERT INTO `sb_busposition` VALUES (428, '20190421', '2019-04-22 03:33:38', 120.81658, 30.184355, 0, 0, NULL, NULL, NULL, NULL, '2019-04-21 11:33:38', 'system', '2019-04-21 11:33:38', 'system', 1);
INSERT INTO `sb_busposition` VALUES (429, '20190421', '2019-04-22 03:33:39', 120.81658, 30.184355, 0, 0, NULL, NULL, NULL, NULL, '2019-04-21 11:33:39', 'system', '2019-04-21 11:33:39', 'system', 1);
INSERT INTO `sb_busposition` VALUES (430, '20190421', '2019-04-22 03:33:39', 120.81658, 30.184355, 0, 0, NULL, NULL, NULL, NULL, '2019-04-21 11:33:39', 'system', '2019-04-21 11:33:39', 'system', 1);
INSERT INTO `sb_busposition` VALUES (431, '20190421', '2019-04-22 03:33:39', 120.81658, 30.184355, 0, 0, NULL, NULL, NULL, NULL, '2019-04-21 11:33:39', 'system', '2019-04-21 11:33:39', 'system', 1);
INSERT INTO `sb_busposition` VALUES (432, '20190421', '2019-04-22 03:33:40', 120.816486, 30.184018, 0, 0, NULL, NULL, NULL, NULL, '2019-04-21 11:33:40', 'system', '2019-04-21 11:33:40', 'system', 1);
INSERT INTO `sb_busposition` VALUES (433, '20190421', '2019-04-22 03:33:40', 120.816486, 30.184018, 0, 0, NULL, NULL, NULL, NULL, '2019-04-21 11:33:40', 'system', '2019-04-21 11:33:40', 'system', 1);
INSERT INTO `sb_busposition` VALUES (434, '20190421', '2019-04-22 03:33:40', 120.816486, 30.184018, 0, 0, NULL, NULL, NULL, NULL, '2019-04-21 11:33:40', 'system', '2019-04-21 11:33:40', 'system', 1);
INSERT INTO `sb_busposition` VALUES (435, '20190421', '2019-04-22 03:33:41', 120.816493, 30.183999, 0, 0, NULL, NULL, NULL, NULL, '2019-04-21 11:33:41', 'system', '2019-04-21 11:33:41', 'system', 1);
INSERT INTO `sb_busposition` VALUES (436, '20190421', '2019-04-22 03:33:41', 120.816493, 30.183999, 0, 0, NULL, NULL, NULL, NULL, '2019-04-21 11:33:41', 'system', '2019-04-21 11:33:41', 'system', 1);
INSERT INTO `sb_busposition` VALUES (437, '20190421', '2019-04-22 03:33:41', 120.816493, 30.183999, 0, 0, NULL, NULL, NULL, NULL, '2019-04-21 11:33:41', 'system', '2019-04-21 11:33:41', 'system', 1);
INSERT INTO `sb_busposition` VALUES (438, '20190421', '2019-04-22 03:33:42', 120.816503, 30.18399, 0, 0, NULL, NULL, NULL, NULL, '2019-04-21 11:33:42', 'system', '2019-04-21 11:33:42', 'system', 1);
INSERT INTO `sb_busposition` VALUES (439, '20190421', '2019-04-22 03:33:42', 120.816503, 30.18399, 0, 0, NULL, NULL, NULL, NULL, '2019-04-21 11:33:42', 'system', '2019-04-21 11:33:42', 'system', 1);
INSERT INTO `sb_busposition` VALUES (440, '20190421', '2019-04-22 03:33:42', 120.816503, 30.18399, 0, 0, NULL, NULL, NULL, NULL, '2019-04-21 11:33:42', 'system', '2019-04-21 11:33:42', 'system', 1);
INSERT INTO `sb_busposition` VALUES (441, '20190421', '2019-04-22 03:33:43', 120.816618, 30.184007, 0, 0, NULL, NULL, NULL, NULL, '2019-04-21 11:33:43', 'system', '2019-04-21 11:33:43', 'system', 1);
INSERT INTO `sb_busposition` VALUES (442, '20190421', '2019-04-22 03:33:43', 120.816618, 30.184007, 0, 0, NULL, NULL, NULL, NULL, '2019-04-21 11:33:43', 'system', '2019-04-21 11:33:43', 'system', 1);
INSERT INTO `sb_busposition` VALUES (443, '20190421', '2019-04-22 03:33:43', 120.816618, 30.184007, 0, 0, NULL, NULL, NULL, NULL, '2019-04-21 11:33:43', 'system', '2019-04-21 11:33:43', 'system', 1);
INSERT INTO `sb_busposition` VALUES (444, '20190421', '2019-04-22 03:33:44', 120.81669, 30.184018, 0, 0, NULL, NULL, NULL, NULL, '2019-04-21 11:33:44', 'system', '2019-04-21 11:33:44', 'system', 1);
INSERT INTO `sb_busposition` VALUES (445, '20190421', '2019-04-22 03:33:44', 120.81669, 30.184018, 0, 0, NULL, NULL, NULL, NULL, '2019-04-21 11:33:44', 'system', '2019-04-21 11:33:44', 'system', 1);
INSERT INTO `sb_busposition` VALUES (446, '20190421', '2019-04-22 03:33:44', 120.81669, 30.184018, 0, 0, NULL, NULL, NULL, NULL, '2019-04-21 11:33:44', 'system', '2019-04-21 11:33:44', 'system', 1);
INSERT INTO `sb_busposition` VALUES (447, '20190421', '2019-04-22 03:33:45', 120.816747, 30.184018, 0, 0, NULL, NULL, NULL, NULL, '2019-04-21 11:33:45', 'system', '2019-04-21 11:33:45', 'system', 1);
INSERT INTO `sb_busposition` VALUES (448, '20190421', '2019-04-22 03:33:45', 120.816747, 30.184018, 0, 0, NULL, NULL, NULL, NULL, '2019-04-21 11:33:45', 'system', '2019-04-21 11:33:45', 'system', 1);
INSERT INTO `sb_busposition` VALUES (449, '20190421', '2019-04-22 03:33:45', 120.816747, 30.184018, 0, 0, NULL, NULL, NULL, NULL, '2019-04-21 11:33:45', 'system', '2019-04-21 11:33:45', 'system', 1);
INSERT INTO `sb_busposition` VALUES (450, '20190421', '2019-04-22 03:33:46', 120.816817, 30.184013, 0, 0, NULL, NULL, NULL, NULL, '2019-04-21 11:33:46', 'system', '2019-04-21 11:33:46', 'system', 1);
INSERT INTO `sb_busposition` VALUES (451, '20190421', '2019-04-22 03:33:46', 120.816817, 30.184013, 0, 0, NULL, NULL, NULL, NULL, '2019-04-21 11:33:46', 'system', '2019-04-21 11:33:46', 'system', 1);
INSERT INTO `sb_busposition` VALUES (452, '20190421', '2019-04-22 03:33:46', 120.816817, 30.184013, 0, 0, NULL, NULL, NULL, NULL, '2019-04-21 11:33:46', 'system', '2019-04-21 11:33:46', 'system', 1);
INSERT INTO `sb_busposition` VALUES (453, '20190421', '2019-04-22 03:33:47', 120.816888, 30.184013, 0, 0, NULL, NULL, NULL, NULL, '2019-04-21 11:33:47', 'system', '2019-04-21 11:33:47', 'system', 1);
INSERT INTO `sb_busposition` VALUES (454, '20190421', '2019-04-22 03:33:47', 120.816888, 30.184013, 0, 0, NULL, NULL, NULL, NULL, '2019-04-21 11:33:47', 'system', '2019-04-21 11:33:47', 'system', 1);
INSERT INTO `sb_busposition` VALUES (455, '20190421', '2019-04-22 03:33:47', 120.816888, 30.184013, 0, 0, NULL, NULL, NULL, NULL, '2019-04-21 11:33:47', 'system', '2019-04-21 11:33:47', 'system', 1);
INSERT INTO `sb_busposition` VALUES (456, '20190421', '2019-04-22 03:33:48', 120.816964, 30.184014, 0, 0, NULL, NULL, NULL, NULL, '2019-04-21 11:33:48', 'system', '2019-04-21 11:33:48', 'system', 1);
INSERT INTO `sb_busposition` VALUES (457, '20190421', '2019-04-22 03:33:48', 120.816964, 30.184014, 0, 0, NULL, NULL, NULL, NULL, '2019-04-21 11:33:48', 'system', '2019-04-21 11:33:48', 'system', 1);
INSERT INTO `sb_busposition` VALUES (458, '20190421', '2019-04-22 03:33:48', 120.816964, 30.184014, 0, 0, NULL, NULL, NULL, NULL, '2019-04-21 11:33:48', 'system', '2019-04-21 11:33:48', 'system', 1);
INSERT INTO `sb_busposition` VALUES (459, '20190421', '2019-04-22 03:33:49', 120.817039, 30.184035, 0, 0, NULL, NULL, NULL, NULL, '2019-04-21 11:33:49', 'system', '2019-04-21 11:33:49', 'system', 1);
INSERT INTO `sb_busposition` VALUES (460, '20190421', '2019-04-22 03:33:49', 120.817039, 30.184035, 0, 0, NULL, NULL, NULL, NULL, '2019-04-21 11:33:49', 'system', '2019-04-21 11:33:49', 'system', 1);
INSERT INTO `sb_busposition` VALUES (461, '20190421', '2019-04-22 03:33:49', 120.817039, 30.184035, 0, 0, NULL, NULL, NULL, NULL, '2019-04-21 11:33:49', 'system', '2019-04-21 11:33:49', 'system', 1);
INSERT INTO `sb_busposition` VALUES (462, '20190421', '2019-04-22 03:33:50', 120.817136, 30.184068, 0, 0, NULL, NULL, NULL, NULL, '2019-04-21 11:33:50', 'system', '2019-04-21 11:33:50', 'system', 1);
INSERT INTO `sb_busposition` VALUES (463, '20190421', '2019-04-22 03:33:50', 120.817136, 30.184068, 0, 0, NULL, NULL, NULL, NULL, '2019-04-21 11:33:50', 'system', '2019-04-21 11:33:50', 'system', 1);
INSERT INTO `sb_busposition` VALUES (464, '20190421', '2019-04-22 03:33:50', 120.817136, 30.184068, 0, 0, NULL, NULL, NULL, NULL, '2019-04-21 11:33:50', 'system', '2019-04-21 11:33:50', 'system', 1);
INSERT INTO `sb_busposition` VALUES (465, '20190421', '2019-04-22 03:33:51', 120.817155, 30.184106, 0, 0, NULL, NULL, NULL, NULL, '2019-04-21 11:33:51', 'system', '2019-04-21 11:33:51', 'system', 1);
INSERT INTO `sb_busposition` VALUES (466, '20190421', '2019-04-22 03:33:51', 120.817155, 30.184106, 0, 0, NULL, NULL, NULL, NULL, '2019-04-21 11:33:51', 'system', '2019-04-21 11:33:51', 'system', 1);
INSERT INTO `sb_busposition` VALUES (467, '20190421', '2019-04-22 03:33:51', 120.817155, 30.184106, 0, 0, NULL, NULL, NULL, NULL, '2019-04-21 11:33:51', 'system', '2019-04-21 11:33:51', 'system', 1);
INSERT INTO `sb_busposition` VALUES (468, '20190421', '2019-04-22 03:33:52', 120.817183, 30.18415, 0, 0, NULL, NULL, NULL, NULL, '2019-04-21 11:33:52', 'system', '2019-04-21 11:33:52', 'system', 1);
INSERT INTO `sb_busposition` VALUES (469, '20190421', '2019-04-22 03:33:52', 120.817183, 30.18415, 0, 0, NULL, NULL, NULL, NULL, '2019-04-21 11:33:52', 'system', '2019-04-21 11:33:52', 'system', 1);
INSERT INTO `sb_busposition` VALUES (470, '20190421', '2019-04-22 03:33:52', 120.817183, 30.18415, 0, 0, NULL, NULL, NULL, NULL, '2019-04-21 11:33:52', 'system', '2019-04-21 11:33:52', 'system', 1);
INSERT INTO `sb_busposition` VALUES (471, '20190421', '2019-04-22 03:33:53', 120.817214, 30.184182, 0, 0, NULL, NULL, NULL, NULL, '2019-04-21 11:33:53', 'system', '2019-04-21 11:33:53', 'system', 1);
INSERT INTO `sb_busposition` VALUES (472, '20190421', '2019-04-22 03:33:53', 120.817214, 30.184182, 0, 0, NULL, NULL, NULL, NULL, '2019-04-21 11:33:53', 'system', '2019-04-21 11:33:53', 'system', 1);
INSERT INTO `sb_busposition` VALUES (473, '20190421', '2019-04-22 03:33:53', 120.817214, 30.184182, 0, 0, NULL, NULL, NULL, NULL, '2019-04-21 11:33:53', 'system', '2019-04-21 11:33:53', 'system', 1);
INSERT INTO `sb_busposition` VALUES (474, '20190421', '2019-04-22 03:33:54', 120.817253, 30.184221, 0, 0, NULL, NULL, NULL, NULL, '2019-04-21 11:33:54', 'system', '2019-04-21 11:33:54', 'system', 1);
INSERT INTO `sb_busposition` VALUES (475, '20190421', '2019-04-22 03:33:54', 120.817253, 30.184221, 0, 0, NULL, NULL, NULL, NULL, '2019-04-21 11:33:54', 'system', '2019-04-21 11:33:54', 'system', 1);
INSERT INTO `sb_busposition` VALUES (476, '20190421', '2019-04-22 03:33:54', 120.817253, 30.184221, 0, 0, NULL, NULL, NULL, NULL, '2019-04-21 11:33:54', 'system', '2019-04-21 11:33:54', 'system', 1);
INSERT INTO `sb_busposition` VALUES (477, '20190421', '2019-04-22 03:33:55', 120.817309, 30.184241, 0, 0, NULL, NULL, NULL, NULL, '2019-04-21 11:33:55', 'system', '2019-04-21 11:33:55', 'system', 1);
INSERT INTO `sb_busposition` VALUES (478, '20190421', '2019-04-22 03:33:55', 120.817309, 30.184241, 0, 0, NULL, NULL, NULL, NULL, '2019-04-21 11:33:55', 'system', '2019-04-21 11:33:55', 'system', 1);
INSERT INTO `sb_busposition` VALUES (479, '20190421', '2019-04-22 03:33:55', 120.817309, 30.184241, 0, 0, NULL, NULL, NULL, NULL, '2019-04-21 11:33:55', 'system', '2019-04-21 11:33:55', 'system', 1);
INSERT INTO `sb_busposition` VALUES (480, '20190421', '2019-04-22 03:33:56', 120.817361, 30.184249, 0, 0, NULL, NULL, NULL, NULL, '2019-04-21 11:33:56', 'system', '2019-04-21 11:33:56', 'system', 1);
INSERT INTO `sb_busposition` VALUES (481, '20190421', '2019-04-22 03:33:56', 120.817361, 30.184249, 0, 0, NULL, NULL, NULL, NULL, '2019-04-21 11:33:56', 'system', '2019-04-21 11:33:56', 'system', 1);
INSERT INTO `sb_busposition` VALUES (482, '20190421', '2019-04-22 03:33:56', 120.817361, 30.184249, 0, 0, NULL, NULL, NULL, NULL, '2019-04-21 11:33:56', 'system', '2019-04-21 11:33:56', 'system', 1);
INSERT INTO `sb_busposition` VALUES (483, '20190421', '2019-04-22 03:33:57', 120.817422, 30.18425, 0, 0, NULL, NULL, NULL, NULL, '2019-04-21 11:33:57', 'system', '2019-04-21 11:33:57', 'system', 1);
INSERT INTO `sb_busposition` VALUES (484, '20190421', '2019-04-22 03:33:57', 120.817422, 30.18425, 0, 0, NULL, NULL, NULL, NULL, '2019-04-21 11:33:57', 'system', '2019-04-21 11:33:57', 'system', 1);
INSERT INTO `sb_busposition` VALUES (485, '20190421', '2019-04-22 03:33:57', 120.817422, 30.18425, 0, 0, NULL, NULL, NULL, NULL, '2019-04-21 11:33:57', 'system', '2019-04-21 11:33:57', 'system', 1);
INSERT INTO `sb_busposition` VALUES (486, '20190421', '2019-04-22 03:33:58', 120.817484, 30.184244, 0, 0, NULL, NULL, NULL, NULL, '2019-04-21 11:33:58', 'system', '2019-04-21 11:33:58', 'system', 1);
INSERT INTO `sb_busposition` VALUES (487, '20190421', '2019-04-22 03:33:58', 120.817484, 30.184244, 0, 0, NULL, NULL, NULL, NULL, '2019-04-21 11:33:58', 'system', '2019-04-21 11:33:58', 'system', 1);
INSERT INTO `sb_busposition` VALUES (488, '20190421', '2019-04-22 03:33:58', 120.817484, 30.184244, 0, 0, NULL, NULL, NULL, NULL, '2019-04-21 11:33:58', 'system', '2019-04-21 11:33:58', 'system', 1);
INSERT INTO `sb_busposition` VALUES (489, '20190421', '2019-04-22 03:33:59', 120.817542, 30.184242, 0, 0, NULL, NULL, NULL, NULL, '2019-04-21 11:33:59', 'system', '2019-04-21 11:33:59', 'system', 1);
INSERT INTO `sb_busposition` VALUES (490, '20190421', '2019-04-22 03:33:59', 120.817542, 30.184242, 0, 0, NULL, NULL, NULL, NULL, '2019-04-21 11:33:59', 'system', '2019-04-21 11:33:59', 'system', 1);
INSERT INTO `sb_busposition` VALUES (491, '20190421', '2019-04-22 03:33:59', 120.817542, 30.184242, 0, 0, NULL, NULL, NULL, NULL, '2019-04-21 11:33:59', 'system', '2019-04-21 11:33:59', 'system', 1);
INSERT INTO `sb_busposition` VALUES (492, '20190421', '2019-04-22 03:34:00', 120.8176, 30.184235, 0, 0, NULL, NULL, NULL, NULL, '2019-04-21 11:34:00', 'system', '2019-04-21 11:34:00', 'system', 1);
INSERT INTO `sb_busposition` VALUES (493, '20190421', '2019-04-22 03:34:00', 120.8176, 30.184235, 0, 0, NULL, NULL, NULL, NULL, '2019-04-21 11:34:00', 'system', '2019-04-21 11:34:00', 'system', 1);
INSERT INTO `sb_busposition` VALUES (494, '20190421', '2019-04-22 03:34:00', 120.8176, 30.184235, 0, 0, NULL, NULL, NULL, NULL, '2019-04-21 11:34:00', 'system', '2019-04-21 11:34:00', 'system', 1);
INSERT INTO `sb_busposition` VALUES (495, '20190421', '2019-04-22 03:34:01', 120.817667, 30.184212, 0, 0, NULL, NULL, NULL, NULL, '2019-04-21 11:34:01', 'system', '2019-04-21 11:34:01', 'system', 1);
INSERT INTO `sb_busposition` VALUES (496, '20190421', '2019-04-22 03:34:01', 120.817667, 30.184212, 0, 0, NULL, NULL, NULL, NULL, '2019-04-21 11:34:01', 'system', '2019-04-21 11:34:01', 'system', 1);
INSERT INTO `sb_busposition` VALUES (497, '20190421', '2019-04-22 03:34:01', 120.817667, 30.184212, 0, 0, NULL, NULL, NULL, NULL, '2019-04-21 11:34:01', 'system', '2019-04-21 11:34:01', 'system', 1);
INSERT INTO `sb_busposition` VALUES (498, '20190421', '2019-04-22 03:34:02', 120.817734, 30.184211, 0, 0, NULL, NULL, NULL, NULL, '2019-04-21 11:34:02', 'system', '2019-04-21 11:34:02', 'system', 1);
INSERT INTO `sb_busposition` VALUES (499, '20190421', '2019-04-22 03:34:02', 120.817734, 30.184211, 0, 0, NULL, NULL, NULL, NULL, '2019-04-21 11:34:02', 'system', '2019-04-21 11:34:02', 'system', 1);
INSERT INTO `sb_busposition` VALUES (500, '20190421', '2019-04-22 03:34:02', 120.817734, 30.184211, 0, 0, NULL, NULL, NULL, NULL, '2019-04-21 11:34:02', 'system', '2019-04-21 11:34:02', 'system', 1);
INSERT INTO `sb_busposition` VALUES (501, '20190421', '2019-04-22 03:34:03', 120.817779, 30.184211, 0, 0, NULL, NULL, NULL, NULL, '2019-04-21 11:34:03', 'system', '2019-04-21 11:34:03', 'system', 1);
INSERT INTO `sb_busposition` VALUES (502, '20190421', '2019-04-22 03:34:03', 120.817779, 30.184211, 0, 0, NULL, NULL, NULL, NULL, '2019-04-21 11:34:03', 'system', '2019-04-21 11:34:03', 'system', 1);
INSERT INTO `sb_busposition` VALUES (503, '20190421', '2019-04-22 03:34:03', 120.817779, 30.184211, 0, 0, NULL, NULL, NULL, NULL, '2019-04-21 11:34:03', 'system', '2019-04-21 11:34:03', 'system', 1);
INSERT INTO `sb_busposition` VALUES (504, '20190421', '2019-04-22 03:34:04', 120.817776, 30.184211, 0, 0, NULL, NULL, NULL, NULL, '2019-04-21 11:34:04', 'system', '2019-04-21 11:34:04', 'system', 1);
INSERT INTO `sb_busposition` VALUES (505, '20190421', '2019-04-22 03:34:04', 120.817776, 30.184211, 0, 0, NULL, NULL, NULL, NULL, '2019-04-21 11:34:04', 'system', '2019-04-21 11:34:04', 'system', 1);
INSERT INTO `sb_busposition` VALUES (506, '20190421', '2019-04-22 03:34:04', 120.817776, 30.184211, 0, 0, NULL, NULL, NULL, NULL, '2019-04-21 11:34:04', 'system', '2019-04-21 11:34:04', 'system', 1);
INSERT INTO `sb_busposition` VALUES (507, '20190421', '2019-04-22 03:34:05', 120.817784, 30.184113, 0, 0, NULL, NULL, NULL, NULL, '2019-04-21 11:34:05', 'system', '2019-04-21 11:34:05', 'system', 1);
INSERT INTO `sb_busposition` VALUES (508, '20190421', '2019-04-22 03:34:05', 120.817784, 30.184113, 0, 0, NULL, NULL, NULL, NULL, '2019-04-21 11:34:05', 'system', '2019-04-21 11:34:05', 'system', 1);
INSERT INTO `sb_busposition` VALUES (509, '20190421', '2019-04-22 03:34:05', 120.817784, 30.184113, 0, 0, NULL, NULL, NULL, NULL, '2019-04-21 11:34:05', 'system', '2019-04-21 11:34:05', 'system', 1);
INSERT INTO `sb_busposition` VALUES (510, '20190421', '2019-04-22 03:34:06', 120.817786, 30.184056, 0, 0, NULL, NULL, NULL, NULL, '2019-04-21 11:34:06', 'system', '2019-04-21 11:34:06', 'system', 1);
INSERT INTO `sb_busposition` VALUES (511, '20190421', '2019-04-22 03:34:06', 120.817786, 30.184056, 0, 0, NULL, NULL, NULL, NULL, '2019-04-21 11:34:06', 'system', '2019-04-21 11:34:06', 'system', 1);
INSERT INTO `sb_busposition` VALUES (512, '20190421', '2019-04-22 03:34:06', 120.817786, 30.184056, 0, 0, NULL, NULL, NULL, NULL, '2019-04-21 11:34:06', 'system', '2019-04-21 11:34:06', 'system', 1);
INSERT INTO `sb_busposition` VALUES (513, '20190421', '2019-04-22 03:34:07', 120.817789, 30.184001, 0, 0, NULL, NULL, NULL, NULL, '2019-04-21 11:34:07', 'system', '2019-04-21 11:34:07', 'system', 1);
INSERT INTO `sb_busposition` VALUES (514, '20190421', '2019-04-22 03:34:07', 120.817789, 30.184001, 0, 0, NULL, NULL, NULL, NULL, '2019-04-21 11:34:07', 'system', '2019-04-21 11:34:07', 'system', 1);
INSERT INTO `sb_busposition` VALUES (515, '20190421', '2019-04-22 03:34:07', 120.817789, 30.184001, 0, 0, NULL, NULL, NULL, NULL, '2019-04-21 11:34:07', 'system', '2019-04-21 11:34:07', 'system', 1);
INSERT INTO `sb_busposition` VALUES (516, '20190421', '2019-04-22 03:34:08', 120.817791, 30.183948, 0, 0, NULL, NULL, NULL, NULL, '2019-04-21 11:34:08', 'system', '2019-04-21 11:34:08', 'system', 1);
INSERT INTO `sb_busposition` VALUES (517, '20190421', '2019-04-22 03:34:08', 120.817791, 30.183948, 0, 0, NULL, NULL, NULL, NULL, '2019-04-21 11:34:08', 'system', '2019-04-21 11:34:08', 'system', 1);
INSERT INTO `sb_busposition` VALUES (518, '20190421', '2019-04-22 03:34:08', 120.817791, 30.183948, 0, 0, NULL, NULL, NULL, NULL, '2019-04-21 11:34:08', 'system', '2019-04-21 11:34:08', 'system', 1);
INSERT INTO `sb_busposition` VALUES (519, '20190421', '2019-04-22 03:34:09', 120.817792, 30.183937, 0, 0, NULL, NULL, NULL, NULL, '2019-04-21 11:34:09', 'system', '2019-04-21 11:34:09', 'system', 1);
INSERT INTO `sb_busposition` VALUES (520, '20190421', '2019-04-22 03:34:09', 120.817792, 30.183937, 0, 0, NULL, NULL, NULL, NULL, '2019-04-21 11:34:09', 'system', '2019-04-21 11:34:09', 'system', 1);
INSERT INTO `sb_busposition` VALUES (521, '20190421', '2019-04-22 03:34:09', 120.817792, 30.183937, 0, 0, NULL, NULL, NULL, NULL, '2019-04-21 11:34:09', 'system', '2019-04-21 11:34:09', 'system', 1);
INSERT INTO `sb_busposition` VALUES (522, '20190421', '2019-04-22 03:34:10', 120.81786, 30.183888, 0, 0, NULL, NULL, NULL, NULL, '2019-04-21 11:34:10', 'system', '2019-04-21 11:34:10', 'system', 1);
INSERT INTO `sb_busposition` VALUES (523, '20190421', '2019-04-22 03:34:10', 120.81786, 30.183888, 0, 0, NULL, NULL, NULL, NULL, '2019-04-21 11:34:10', 'system', '2019-04-21 11:34:10', 'system', 1);
INSERT INTO `sb_busposition` VALUES (524, '20190421', '2019-04-22 03:34:10', 120.81786, 30.183888, 0, 0, NULL, NULL, NULL, NULL, '2019-04-21 11:34:10', 'system', '2019-04-21 11:34:10', 'system', 1);
INSERT INTO `sb_busposition` VALUES (525, '20190421', '2019-04-22 03:34:11', 120.817866, 30.183884, 0, 0, NULL, NULL, NULL, NULL, '2019-04-21 11:34:11', 'system', '2019-04-21 11:34:11', 'system', 1);
INSERT INTO `sb_busposition` VALUES (526, '20190421', '2019-04-22 03:34:11', 120.817866, 30.183884, 0, 0, NULL, NULL, NULL, NULL, '2019-04-21 11:34:11', 'system', '2019-04-21 11:34:11', 'system', 1);
INSERT INTO `sb_busposition` VALUES (527, '20190421', '2019-04-22 03:34:11', 120.817866, 30.183884, 0, 0, NULL, NULL, NULL, NULL, '2019-04-21 11:34:11', 'system', '2019-04-21 11:34:11', 'system', 1);
INSERT INTO `sb_busposition` VALUES (528, '20190421', '2019-04-22 03:34:12', 120.817949, 30.183859, 0, 0, NULL, NULL, NULL, NULL, '2019-04-21 11:34:12', 'system', '2019-04-21 11:34:12', 'system', 1);
INSERT INTO `sb_busposition` VALUES (529, '20190421', '2019-04-22 03:34:12', 120.817949, 30.183859, 0, 0, NULL, NULL, NULL, NULL, '2019-04-21 11:34:12', 'system', '2019-04-21 11:34:12', 'system', 1);
INSERT INTO `sb_busposition` VALUES (530, '20190421', '2019-04-22 03:34:12', 120.817949, 30.183859, 0, 0, NULL, NULL, NULL, NULL, '2019-04-21 11:34:12', 'system', '2019-04-21 11:34:12', 'system', 1);
INSERT INTO `sb_busposition` VALUES (531, '20190421', '2019-04-22 03:34:13', 120.817956, 30.183857, 0, 0, NULL, NULL, NULL, NULL, '2019-04-21 11:34:13', 'system', '2019-04-21 11:34:13', 'system', 1);
INSERT INTO `sb_busposition` VALUES (532, '20190421', '2019-04-22 03:34:13', 120.817956, 30.183857, 0, 0, NULL, NULL, NULL, NULL, '2019-04-21 11:34:13', 'system', '2019-04-21 11:34:13', 'system', 1);
INSERT INTO `sb_busposition` VALUES (533, '20190421', '2019-04-22 03:34:13', 120.817956, 30.183857, 0, 0, NULL, NULL, NULL, NULL, '2019-04-21 11:34:13', 'system', '2019-04-21 11:34:13', 'system', 1);
INSERT INTO `sb_busposition` VALUES (534, '20190421', '2019-04-22 03:34:14', 120.818035, 30.183848, 0, 0, NULL, NULL, NULL, NULL, '2019-04-21 11:34:14', 'system', '2019-04-21 11:34:14', 'system', 1);
INSERT INTO `sb_busposition` VALUES (535, '20190421', '2019-04-22 03:34:14', 120.818035, 30.183848, 0, 0, NULL, NULL, NULL, NULL, '2019-04-21 11:34:14', 'system', '2019-04-21 11:34:14', 'system', 1);
INSERT INTO `sb_busposition` VALUES (536, '20190421', '2019-04-22 03:34:14', 120.818035, 30.183848, 0, 0, NULL, NULL, NULL, NULL, '2019-04-21 11:34:14', 'system', '2019-04-21 11:34:14', 'system', 1);
INSERT INTO `sb_busposition` VALUES (537, '20190421', '2019-04-22 03:34:15', 120.81807, 30.183843, 0, 0, NULL, NULL, NULL, NULL, '2019-04-21 11:34:15', 'system', '2019-04-21 11:34:15', 'system', 1);
INSERT INTO `sb_busposition` VALUES (538, '20190421', '2019-04-22 03:34:15', 120.81807, 30.183843, 0, 0, NULL, NULL, NULL, NULL, '2019-04-21 11:34:15', 'system', '2019-04-21 11:34:15', 'system', 1);
INSERT INTO `sb_busposition` VALUES (539, '20190421', '2019-04-22 03:34:15', 120.81807, 30.183843, 0, 0, NULL, NULL, NULL, NULL, '2019-04-21 11:34:15', 'system', '2019-04-21 11:34:15', 'system', 1);
INSERT INTO `sb_busposition` VALUES (540, '20190421', '2019-04-22 03:34:16', 120.818079, 30.183842, 0, 0, NULL, NULL, NULL, NULL, '2019-04-21 11:34:16', 'system', '2019-04-21 11:34:16', 'system', 1);
INSERT INTO `sb_busposition` VALUES (541, '20190421', '2019-04-22 03:34:16', 120.818079, 30.183842, 0, 0, NULL, NULL, NULL, NULL, '2019-04-21 11:34:16', 'system', '2019-04-21 11:34:16', 'system', 1);
INSERT INTO `sb_busposition` VALUES (542, '20190421', '2019-04-22 03:34:16', 120.818079, 30.183842, 0, 0, NULL, NULL, NULL, NULL, '2019-04-21 11:34:16', 'system', '2019-04-21 11:34:16', 'system', 1);
INSERT INTO `sb_busposition` VALUES (543, '20190421', '2019-04-22 03:34:17', 120.818082, 30.183842, 0, 0, NULL, NULL, NULL, NULL, '2019-04-21 11:34:17', 'system', '2019-04-21 11:34:17', 'system', 1);
INSERT INTO `sb_busposition` VALUES (544, '20190421', '2019-04-22 03:34:17', 120.818082, 30.183842, 0, 0, NULL, NULL, NULL, NULL, '2019-04-21 11:34:17', 'system', '2019-04-21 11:34:17', 'system', 1);
INSERT INTO `sb_busposition` VALUES (545, '20190421', '2019-04-22 03:34:17', 120.818082, 30.183842, 0, 0, NULL, NULL, NULL, NULL, '2019-04-21 11:34:17', 'system', '2019-04-21 11:34:17', 'system', 1);
INSERT INTO `sb_busposition` VALUES (546, '20190421', '2019-04-22 03:34:18', 120.818082, 30.183842, 0, 0, NULL, NULL, NULL, NULL, '2019-04-21 11:34:18', 'system', '2019-04-21 11:34:18', 'system', 1);
INSERT INTO `sb_busposition` VALUES (547, '20190421', '2019-04-22 03:34:18', 120.818082, 30.183842, 0, 0, NULL, NULL, NULL, NULL, '2019-04-21 11:34:18', 'system', '2019-04-21 11:34:18', 'system', 1);
INSERT INTO `sb_busposition` VALUES (548, '20190421', '2019-04-22 03:34:18', 120.818082, 30.183842, 0, 0, NULL, NULL, NULL, NULL, '2019-04-21 11:34:18', 'system', '2019-04-21 11:34:18', 'system', 1);
INSERT INTO `sb_busposition` VALUES (549, '20190421', '2019-04-22 03:34:19', 120.818069, 30.183844, 0, 0, NULL, NULL, NULL, NULL, '2019-04-21 11:34:19', 'system', '2019-04-21 11:34:19', 'system', 1);
INSERT INTO `sb_busposition` VALUES (550, '20190421', '2019-04-22 03:34:19', 120.818069, 30.183844, 0, 0, NULL, NULL, NULL, NULL, '2019-04-21 11:34:19', 'system', '2019-04-21 11:34:19', 'system', 1);
INSERT INTO `sb_busposition` VALUES (551, '20190421', '2019-04-22 03:34:19', 120.818069, 30.183844, 0, 0, NULL, NULL, NULL, NULL, '2019-04-21 11:34:19', 'system', '2019-04-21 11:34:19', 'system', 1);
INSERT INTO `sb_busposition` VALUES (552, '20190421', '2019-04-22 03:34:20', 120.818329, 30.183659, 0, 0, NULL, NULL, NULL, NULL, '2019-04-21 11:34:20', 'system', '2019-04-21 11:34:20', 'system', 1);
INSERT INTO `sb_busposition` VALUES (553, '20190421', '2019-04-22 03:34:20', 120.818329, 30.183659, 0, 0, NULL, NULL, NULL, NULL, '2019-04-21 11:34:20', 'system', '2019-04-21 11:34:20', 'system', 1);
INSERT INTO `sb_busposition` VALUES (554, '20190421', '2019-04-22 03:34:20', 120.818329, 30.183659, 0, 0, NULL, NULL, NULL, NULL, '2019-04-21 11:34:20', 'system', '2019-04-21 11:34:20', 'system', 1);
INSERT INTO `sb_busposition` VALUES (555, '20190421', '2019-04-22 03:34:21', 120.818327, 30.183623, 0, 0, NULL, NULL, NULL, NULL, '2019-04-21 11:34:21', 'system', '2019-04-21 11:34:21', 'system', 1);
INSERT INTO `sb_busposition` VALUES (556, '20190421', '2019-04-22 03:34:21', 120.818327, 30.183623, 0, 0, NULL, NULL, NULL, NULL, '2019-04-21 11:34:21', 'system', '2019-04-21 11:34:21', 'system', 1);
INSERT INTO `sb_busposition` VALUES (557, '20190421', '2019-04-22 03:34:21', 120.818327, 30.183623, 0, 0, NULL, NULL, NULL, NULL, '2019-04-21 11:34:21', 'system', '2019-04-21 11:34:21', 'system', 1);
INSERT INTO `sb_busposition` VALUES (558, '20190421', '2019-04-22 03:34:22', 120.818325, 30.183564, 0, 0, NULL, NULL, NULL, NULL, '2019-04-21 11:34:22', 'system', '2019-04-21 11:34:22', 'system', 1);
INSERT INTO `sb_busposition` VALUES (559, '20190421', '2019-04-22 03:34:22', 120.818325, 30.183564, 0, 0, NULL, NULL, NULL, NULL, '2019-04-21 11:34:22', 'system', '2019-04-21 11:34:22', 'system', 1);
INSERT INTO `sb_busposition` VALUES (560, '20190421', '2019-04-22 03:34:22', 120.818325, 30.183564, 0, 0, NULL, NULL, NULL, NULL, '2019-04-21 11:34:22', 'system', '2019-04-21 11:34:22', 'system', 1);
INSERT INTO `sb_busposition` VALUES (561, '20190421', '2019-04-22 03:34:23', 120.818323, 30.183512, 0, 0, NULL, NULL, NULL, NULL, '2019-04-21 11:34:23', 'system', '2019-04-21 11:34:23', 'system', 1);
INSERT INTO `sb_busposition` VALUES (562, '20190421', '2019-04-22 03:34:23', 120.818323, 30.183512, 0, 0, NULL, NULL, NULL, NULL, '2019-04-21 11:34:23', 'system', '2019-04-21 11:34:23', 'system', 1);
INSERT INTO `sb_busposition` VALUES (563, '20190421', '2019-04-22 03:34:23', 120.818323, 30.183512, 0, 0, NULL, NULL, NULL, NULL, '2019-04-21 11:34:23', 'system', '2019-04-21 11:34:23', 'system', 1);
INSERT INTO `sb_busposition` VALUES (564, '20190421', '2019-04-22 03:34:24', 120.818323, 30.183512, 0, 0, NULL, NULL, NULL, NULL, '2019-04-21 11:34:24', 'system', '2019-04-21 11:34:24', 'system', 1);
INSERT INTO `sb_busposition` VALUES (565, '20190421', '2019-04-22 03:34:24', 120.818323, 30.183512, 0, 0, NULL, NULL, NULL, NULL, '2019-04-21 11:34:24', 'system', '2019-04-21 11:34:24', 'system', 1);
INSERT INTO `sb_busposition` VALUES (566, '20190421', '2019-04-22 03:34:24', 120.818323, 30.183512, 0, 0, NULL, NULL, NULL, NULL, '2019-04-21 11:34:24', 'system', '2019-04-21 11:34:24', 'system', 1);
INSERT INTO `sb_busposition` VALUES (567, '20190421', '2019-04-22 03:34:25', 120.818323, 30.18341, 0, 0, NULL, NULL, NULL, NULL, '2019-04-21 11:34:25', 'system', '2019-04-21 11:34:25', 'system', 1);
INSERT INTO `sb_busposition` VALUES (568, '20190421', '2019-04-22 03:34:25', 120.818323, 30.18341, 0, 0, NULL, NULL, NULL, NULL, '2019-04-21 11:34:25', 'system', '2019-04-21 11:34:25', 'system', 1);
INSERT INTO `sb_busposition` VALUES (569, '20190421', '2019-04-22 03:34:25', 120.818323, 30.18341, 0, 0, NULL, NULL, NULL, NULL, '2019-04-21 11:34:25', 'system', '2019-04-21 11:34:25', 'system', 1);
INSERT INTO `sb_busposition` VALUES (570, '20190421', '2019-04-22 03:34:26', 120.818323, 30.18336, 0, 0, NULL, NULL, NULL, NULL, '2019-04-21 11:34:26', 'system', '2019-04-21 11:34:26', 'system', 1);
INSERT INTO `sb_busposition` VALUES (571, '20190421', '2019-04-22 03:34:26', 120.818323, 30.18336, 0, 0, NULL, NULL, NULL, NULL, '2019-04-21 11:34:26', 'system', '2019-04-21 11:34:26', 'system', 1);
INSERT INTO `sb_busposition` VALUES (572, '20190421', '2019-04-22 03:34:26', 120.818323, 30.18336, 0, 0, NULL, NULL, NULL, NULL, '2019-04-21 11:34:26', 'system', '2019-04-21 11:34:26', 'system', 1);
INSERT INTO `sb_busposition` VALUES (573, '20190421', '2019-04-22 03:34:27', 120.818324, 30.183309, 0, 0, NULL, NULL, NULL, NULL, '2019-04-21 11:34:27', 'system', '2019-04-21 11:34:27', 'system', 1);
INSERT INTO `sb_busposition` VALUES (574, '20190421', '2019-04-22 03:34:27', 120.818324, 30.183309, 0, 0, NULL, NULL, NULL, NULL, '2019-04-21 11:34:27', 'system', '2019-04-21 11:34:27', 'system', 1);
INSERT INTO `sb_busposition` VALUES (575, '20190421', '2019-04-22 03:34:27', 120.818324, 30.183309, 0, 0, NULL, NULL, NULL, NULL, '2019-04-21 11:34:27', 'system', '2019-04-21 11:34:27', 'system', 1);
INSERT INTO `sb_busposition` VALUES (576, '20190421', '2019-04-22 03:34:28', 120.818324, 30.183254, 0, 0, NULL, NULL, NULL, NULL, '2019-04-21 11:34:28', 'system', '2019-04-21 11:34:28', 'system', 1);
INSERT INTO `sb_busposition` VALUES (577, '20190421', '2019-04-22 03:34:28', 120.818324, 30.183254, 0, 0, NULL, NULL, NULL, NULL, '2019-04-21 11:34:28', 'system', '2019-04-21 11:34:28', 'system', 1);
INSERT INTO `sb_busposition` VALUES (578, '20190421', '2019-04-22 03:34:28', 120.818324, 30.183254, 0, 0, NULL, NULL, NULL, NULL, '2019-04-21 11:34:28', 'system', '2019-04-21 11:34:28', 'system', 1);
INSERT INTO `sb_busposition` VALUES (579, '20190421', '2019-04-22 03:34:29', 120.818324, 30.183206, 0, 0, NULL, NULL, NULL, NULL, '2019-04-21 11:34:29', 'system', '2019-04-21 11:34:29', 'system', 1);
INSERT INTO `sb_busposition` VALUES (580, '20190421', '2019-04-22 03:34:29', 120.818324, 30.183206, 0, 0, NULL, NULL, NULL, NULL, '2019-04-21 11:34:29', 'system', '2019-04-21 11:34:29', 'system', 1);
INSERT INTO `sb_busposition` VALUES (581, '20190421', '2019-04-22 03:34:29', 120.818324, 30.183206, 0, 0, NULL, NULL, NULL, NULL, '2019-04-21 11:34:29', 'system', '2019-04-21 11:34:29', 'system', 1);
INSERT INTO `sb_busposition` VALUES (582, '20190421', '2019-04-22 03:34:30', 120.818325, 30.183152, 0, 0, NULL, NULL, NULL, NULL, '2019-04-21 11:34:30', 'system', '2019-04-21 11:34:30', 'system', 1);
INSERT INTO `sb_busposition` VALUES (583, '20190421', '2019-04-22 03:34:30', 120.818325, 30.183152, 0, 0, NULL, NULL, NULL, NULL, '2019-04-21 11:34:30', 'system', '2019-04-21 11:34:30', 'system', 1);
INSERT INTO `sb_busposition` VALUES (584, '20190421', '2019-04-22 03:34:30', 120.818325, 30.183152, 0, 0, NULL, NULL, NULL, NULL, '2019-04-21 11:34:30', 'system', '2019-04-21 11:34:30', 'system', 1);
INSERT INTO `sb_busposition` VALUES (585, '20190421', '2019-04-22 03:34:31', 120.818325, 30.183095, 0, 0, NULL, NULL, NULL, NULL, '2019-04-21 11:34:31', 'system', '2019-04-21 11:34:31', 'system', 1);
INSERT INTO `sb_busposition` VALUES (586, '20190421', '2019-04-22 03:34:31', 120.818325, 30.183095, 0, 0, NULL, NULL, NULL, NULL, '2019-04-21 11:34:31', 'system', '2019-04-21 11:34:31', 'system', 1);
INSERT INTO `sb_busposition` VALUES (587, '20190421', '2019-04-22 03:34:31', 120.818325, 30.183095, 0, 0, NULL, NULL, NULL, NULL, '2019-04-21 11:34:31', 'system', '2019-04-21 11:34:31', 'system', 1);
INSERT INTO `sb_busposition` VALUES (588, '20190421', '2019-04-22 03:34:32', 120.818326, 30.183029, 0, 0, NULL, NULL, NULL, NULL, '2019-04-21 11:34:32', 'system', '2019-04-21 11:34:32', 'system', 1);
INSERT INTO `sb_busposition` VALUES (589, '20190421', '2019-04-22 03:34:32', 120.818326, 30.183029, 0, 0, NULL, NULL, NULL, NULL, '2019-04-21 11:34:32', 'system', '2019-04-21 11:34:32', 'system', 1);
INSERT INTO `sb_busposition` VALUES (590, '20190421', '2019-04-22 03:34:32', 120.818326, 30.183029, 0, 0, NULL, NULL, NULL, NULL, '2019-04-21 11:34:32', 'system', '2019-04-21 11:34:32', 'system', 1);
INSERT INTO `sb_busposition` VALUES (591, '20190421', '2019-04-22 03:34:33', 120.818326, 30.182971, 0, 0, NULL, NULL, NULL, NULL, '2019-04-21 11:34:33', 'system', '2019-04-21 11:34:33', 'system', 1);
INSERT INTO `sb_busposition` VALUES (592, '20190421', '2019-04-22 03:34:33', 120.818326, 30.182971, 0, 0, NULL, NULL, NULL, NULL, '2019-04-21 11:34:33', 'system', '2019-04-21 11:34:33', 'system', 1);
INSERT INTO `sb_busposition` VALUES (593, '20190421', '2019-04-22 03:34:33', 120.818326, 30.182971, 0, 0, NULL, NULL, NULL, NULL, '2019-04-21 11:34:33', 'system', '2019-04-21 11:34:33', 'system', 1);
INSERT INTO `sb_busposition` VALUES (594, '20190421', '2019-04-22 03:34:34', 120.818326, 30.182911, 0, 0, NULL, NULL, NULL, NULL, '2019-04-21 11:34:34', 'system', '2019-04-21 11:34:34', 'system', 1);
INSERT INTO `sb_busposition` VALUES (595, '20190421', '2019-04-22 03:34:34', 120.818326, 30.182911, 0, 0, NULL, NULL, NULL, NULL, '2019-04-21 11:34:34', 'system', '2019-04-21 11:34:34', 'system', 1);
INSERT INTO `sb_busposition` VALUES (596, '20190421', '2019-04-22 03:34:34', 120.818326, 30.182911, 0, 0, NULL, NULL, NULL, NULL, '2019-04-21 11:34:34', 'system', '2019-04-21 11:34:34', 'system', 1);
INSERT INTO `sb_busposition` VALUES (597, '20190421', '2019-04-22 03:34:35', 120.818327, 30.182851, 0, 0, NULL, NULL, NULL, NULL, '2019-04-21 11:34:35', 'system', '2019-04-21 11:34:35', 'system', 1);
INSERT INTO `sb_busposition` VALUES (598, '20190421', '2019-04-22 03:34:35', 120.818327, 30.182851, 0, 0, NULL, NULL, NULL, NULL, '2019-04-21 11:34:35', 'system', '2019-04-21 11:34:35', 'system', 1);
INSERT INTO `sb_busposition` VALUES (599, '20190421', '2019-04-22 03:34:35', 120.818327, 30.182851, 0, 0, NULL, NULL, NULL, NULL, '2019-04-21 11:34:35', 'system', '2019-04-21 11:34:35', 'system', 1);
INSERT INTO `sb_busposition` VALUES (600, '20190421', '2019-04-22 03:34:36', 120.818327, 30.182786, 0, 0, NULL, NULL, NULL, NULL, '2019-04-21 11:34:36', 'system', '2019-04-21 11:34:36', 'system', 1);
INSERT INTO `sb_busposition` VALUES (601, '20190421', '2019-04-22 03:34:36', 120.818327, 30.182786, 0, 0, NULL, NULL, NULL, NULL, '2019-04-21 11:34:36', 'system', '2019-04-21 11:34:36', 'system', 1);
INSERT INTO `sb_busposition` VALUES (602, '20190421', '2019-04-22 03:34:36', 120.818327, 30.182786, 0, 0, NULL, NULL, NULL, NULL, '2019-04-21 11:34:36', 'system', '2019-04-21 11:34:36', 'system', 1);
INSERT INTO `sb_busposition` VALUES (603, '20190421', '2019-04-22 03:34:37', 120.818327, 30.182718, 0, 0, NULL, NULL, NULL, NULL, '2019-04-21 11:34:37', 'system', '2019-04-21 11:34:37', 'system', 1);
INSERT INTO `sb_busposition` VALUES (604, '20190421', '2019-04-22 03:34:37', 120.818327, 30.182718, 0, 0, NULL, NULL, NULL, NULL, '2019-04-21 11:34:37', 'system', '2019-04-21 11:34:37', 'system', 1);
INSERT INTO `sb_busposition` VALUES (605, '20190421', '2019-04-22 03:34:37', 120.818327, 30.182718, 0, 0, NULL, NULL, NULL, NULL, '2019-04-21 11:34:37', 'system', '2019-04-21 11:34:37', 'system', 1);
INSERT INTO `sb_busposition` VALUES (606, '20190421', '2019-04-22 03:34:38', 120.818328, 30.182653, 0, 0, NULL, NULL, NULL, NULL, '2019-04-21 11:34:38', 'system', '2019-04-21 11:34:38', 'system', 1);
INSERT INTO `sb_busposition` VALUES (607, '20190421', '2019-04-22 03:34:38', 120.818328, 30.182653, 0, 0, NULL, NULL, NULL, NULL, '2019-04-21 11:34:38', 'system', '2019-04-21 11:34:38', 'system', 1);
INSERT INTO `sb_busposition` VALUES (608, '20190421', '2019-04-22 03:34:38', 120.818328, 30.182653, 0, 0, NULL, NULL, NULL, NULL, '2019-04-21 11:34:38', 'system', '2019-04-21 11:34:38', 'system', 1);
INSERT INTO `sb_busposition` VALUES (609, '20190421', '2019-04-22 03:34:39', 120.818328, 30.182586, 0, 0, NULL, NULL, NULL, NULL, '2019-04-21 11:34:39', 'system', '2019-04-21 11:34:39', 'system', 1);
INSERT INTO `sb_busposition` VALUES (610, '20190421', '2019-04-22 03:34:39', 120.818328, 30.182586, 0, 0, NULL, NULL, NULL, NULL, '2019-04-21 11:34:39', 'system', '2019-04-21 11:34:39', 'system', 1);
INSERT INTO `sb_busposition` VALUES (611, '20190421', '2019-04-22 03:34:39', 120.818328, 30.182586, 0, 0, NULL, NULL, NULL, NULL, '2019-04-21 11:34:39', 'system', '2019-04-21 11:34:39', 'system', 1);
INSERT INTO `sb_busposition` VALUES (612, '20190421', '2019-04-22 03:34:40', 120.818329, 30.182521, 0, 0, NULL, NULL, NULL, NULL, '2019-04-21 11:34:40', 'system', '2019-04-21 11:34:40', 'system', 1);
INSERT INTO `sb_busposition` VALUES (613, '20190421', '2019-04-22 03:34:40', 120.818329, 30.182521, 0, 0, NULL, NULL, NULL, NULL, '2019-04-21 11:34:40', 'system', '2019-04-21 11:34:40', 'system', 1);
INSERT INTO `sb_busposition` VALUES (614, '20190421', '2019-04-22 03:34:40', 120.818329, 30.182521, 0, 0, NULL, NULL, NULL, NULL, '2019-04-21 11:34:40', 'system', '2019-04-21 11:34:40', 'system', 1);
INSERT INTO `sb_busposition` VALUES (615, '20190421', '2019-04-22 03:34:41', 120.818329, 30.182454, 0, 0, NULL, NULL, NULL, NULL, '2019-04-21 11:34:41', 'system', '2019-04-21 11:34:41', 'system', 1);
INSERT INTO `sb_busposition` VALUES (616, '20190421', '2019-04-22 03:34:41', 120.818329, 30.182454, 0, 0, NULL, NULL, NULL, NULL, '2019-04-21 11:34:41', 'system', '2019-04-21 11:34:41', 'system', 1);
INSERT INTO `sb_busposition` VALUES (617, '20190421', '2019-04-22 03:34:41', 120.818329, 30.182454, 0, 0, NULL, NULL, NULL, NULL, '2019-04-21 11:34:41', 'system', '2019-04-21 11:34:41', 'system', 1);
INSERT INTO `sb_busposition` VALUES (618, '20190421', '2019-04-22 03:34:42', 120.818329, 30.182398, 0, 0, NULL, NULL, NULL, NULL, '2019-04-21 11:34:42', 'system', '2019-04-21 11:34:42', 'system', 1);
INSERT INTO `sb_busposition` VALUES (619, '20190421', '2019-04-22 03:34:42', 120.818329, 30.182398, 0, 0, NULL, NULL, NULL, NULL, '2019-04-21 11:34:42', 'system', '2019-04-21 11:34:42', 'system', 1);
INSERT INTO `sb_busposition` VALUES (620, '20190421', '2019-04-22 03:34:42', 120.818329, 30.182398, 0, 0, NULL, NULL, NULL, NULL, '2019-04-21 11:34:42', 'system', '2019-04-21 11:34:42', 'system', 1);
INSERT INTO `sb_busposition` VALUES (621, '20190421', '2019-04-22 03:34:43', 120.81833, 30.182341, 0, 0, NULL, NULL, NULL, NULL, '2019-04-21 11:34:43', 'system', '2019-04-21 11:34:43', 'system', 1);
INSERT INTO `sb_busposition` VALUES (622, '20190421', '2019-04-22 03:34:43', 120.81833, 30.182341, 0, 0, NULL, NULL, NULL, NULL, '2019-04-21 11:34:43', 'system', '2019-04-21 11:34:43', 'system', 1);
INSERT INTO `sb_busposition` VALUES (623, '20190421', '2019-04-22 03:34:43', 120.81833, 30.182341, 0, 0, NULL, NULL, NULL, NULL, '2019-04-21 11:34:43', 'system', '2019-04-21 11:34:43', 'system', 1);
INSERT INTO `sb_busposition` VALUES (624, '20190421', '2019-04-22 03:34:44', 120.81833, 30.182286, 0, 0, NULL, NULL, NULL, NULL, '2019-04-21 11:34:44', 'system', '2019-04-21 11:34:44', 'system', 1);
INSERT INTO `sb_busposition` VALUES (625, '20190421', '2019-04-22 03:34:44', 120.81833, 30.182286, 0, 0, NULL, NULL, NULL, NULL, '2019-04-21 11:34:44', 'system', '2019-04-21 11:34:44', 'system', 1);
INSERT INTO `sb_busposition` VALUES (626, '20190421', '2019-04-22 03:34:44', 120.81833, 30.182286, 0, 0, NULL, NULL, NULL, NULL, '2019-04-21 11:34:44', 'system', '2019-04-21 11:34:44', 'system', 1);
INSERT INTO `sb_busposition` VALUES (627, '20190421', '2019-04-22 03:34:45', 120.81833, 30.182241, 0, 0, NULL, NULL, NULL, NULL, '2019-04-21 11:34:45', 'system', '2019-04-21 11:34:45', 'system', 1);
INSERT INTO `sb_busposition` VALUES (628, '20190421', '2019-04-22 03:34:45', 120.81833, 30.182241, 0, 0, NULL, NULL, NULL, NULL, '2019-04-21 11:34:45', 'system', '2019-04-21 11:34:45', 'system', 1);
INSERT INTO `sb_busposition` VALUES (629, '20190421', '2019-04-22 03:34:45', 120.81833, 30.182241, 0, 0, NULL, NULL, NULL, NULL, '2019-04-21 11:34:45', 'system', '2019-04-21 11:34:45', 'system', 1);
INSERT INTO `sb_busposition` VALUES (630, '20190421', '2019-04-22 03:34:46', 120.81833, 30.182202, 0, 0, NULL, NULL, NULL, NULL, '2019-04-21 11:34:46', 'system', '2019-04-21 11:34:46', 'system', 1);
INSERT INTO `sb_busposition` VALUES (631, '20190421', '2019-04-22 03:34:46', 120.81833, 30.182202, 0, 0, NULL, NULL, NULL, NULL, '2019-04-21 11:34:46', 'system', '2019-04-21 11:34:46', 'system', 1);
INSERT INTO `sb_busposition` VALUES (632, '20190421', '2019-04-22 03:34:46', 120.81833, 30.182202, 0, 0, NULL, NULL, NULL, NULL, '2019-04-21 11:34:46', 'system', '2019-04-21 11:34:46', 'system', 1);
INSERT INTO `sb_busposition` VALUES (633, '20190421', '2019-04-22 03:34:47', 120.818331, 30.182162, 0, 0, NULL, NULL, NULL, NULL, '2019-04-21 11:34:47', 'system', '2019-04-21 11:34:47', 'system', 1);
INSERT INTO `sb_busposition` VALUES (634, '20190421', '2019-04-22 03:34:47', 120.818331, 30.182162, 0, 0, NULL, NULL, NULL, NULL, '2019-04-21 11:34:47', 'system', '2019-04-21 11:34:47', 'system', 1);
INSERT INTO `sb_busposition` VALUES (635, '20190421', '2019-04-22 03:34:47', 120.818331, 30.182162, 0, 0, NULL, NULL, NULL, NULL, '2019-04-21 11:34:47', 'system', '2019-04-21 11:34:47', 'system', 1);
INSERT INTO `sb_busposition` VALUES (636, '20190421', '2019-04-22 03:34:48', 120.818331, 30.182128, 0, 0, NULL, NULL, NULL, NULL, '2019-04-21 11:34:48', 'system', '2019-04-21 11:34:48', 'system', 1);
INSERT INTO `sb_busposition` VALUES (637, '20190421', '2019-04-22 03:34:48', 120.818331, 30.182128, 0, 0, NULL, NULL, NULL, NULL, '2019-04-21 11:34:48', 'system', '2019-04-21 11:34:48', 'system', 1);
INSERT INTO `sb_busposition` VALUES (638, '20190421', '2019-04-22 03:34:48', 120.818331, 30.182128, 0, 0, NULL, NULL, NULL, NULL, '2019-04-21 11:34:48', 'system', '2019-04-21 11:34:48', 'system', 1);
INSERT INTO `sb_busposition` VALUES (639, '20190421', '2019-04-22 03:34:49', 120.818326, 30.182147, 0, 0, NULL, NULL, NULL, NULL, '2019-04-21 11:34:49', 'system', '2019-04-21 11:34:49', 'system', 1);
INSERT INTO `sb_busposition` VALUES (640, '20190421', '2019-04-22 03:34:49', 120.818326, 30.182147, 0, 0, NULL, NULL, NULL, NULL, '2019-04-21 11:34:49', 'system', '2019-04-21 11:34:49', 'system', 1);
INSERT INTO `sb_busposition` VALUES (641, '20190421', '2019-04-22 03:34:49', 120.818326, 30.182147, 0, 0, NULL, NULL, NULL, NULL, '2019-04-21 11:34:49', 'system', '2019-04-21 11:34:49', 'system', 1);
INSERT INTO `sb_busposition` VALUES (642, '20190421', '2019-04-22 03:34:50', 120.818329, 30.182145, 0, 0, NULL, NULL, NULL, NULL, '2019-04-21 11:34:50', 'system', '2019-04-21 11:34:50', 'system', 1);
INSERT INTO `sb_busposition` VALUES (643, '20190421', '2019-04-22 03:34:50', 120.818329, 30.182145, 0, 0, NULL, NULL, NULL, NULL, '2019-04-21 11:34:50', 'system', '2019-04-21 11:34:50', 'system', 1);
INSERT INTO `sb_busposition` VALUES (644, '20190421', '2019-04-22 03:34:50', 120.818329, 30.182145, 0, 0, NULL, NULL, NULL, NULL, '2019-04-21 11:34:50', 'system', '2019-04-21 11:34:50', 'system', 1);
INSERT INTO `sb_busposition` VALUES (645, '20190421', '2019-04-22 03:34:51', 120.818331, 30.182148, 0, 0, NULL, NULL, NULL, NULL, '2019-04-21 11:34:51', 'system', '2019-04-21 11:34:51', 'system', 1);
INSERT INTO `sb_busposition` VALUES (646, '20190421', '2019-04-22 03:34:51', 120.818331, 30.182148, 0, 0, NULL, NULL, NULL, NULL, '2019-04-21 11:34:51', 'system', '2019-04-21 11:34:51', 'system', 1);
INSERT INTO `sb_busposition` VALUES (647, '20190421', '2019-04-22 03:34:51', 120.818331, 30.182148, 0, 0, NULL, NULL, NULL, NULL, '2019-04-21 11:34:51', 'system', '2019-04-21 11:34:51', 'system', 1);
INSERT INTO `sb_busposition` VALUES (648, '20190421', '2019-04-22 03:34:52', 120.818332, 30.182077, 0, 0, NULL, NULL, NULL, NULL, '2019-04-21 11:34:52', 'system', '2019-04-21 11:34:52', 'system', 1);
INSERT INTO `sb_busposition` VALUES (649, '20190421', '2019-04-22 03:34:52', 120.818332, 30.182077, 0, 0, NULL, NULL, NULL, NULL, '2019-04-21 11:34:52', 'system', '2019-04-21 11:34:52', 'system', 1);
INSERT INTO `sb_busposition` VALUES (650, '20190421', '2019-04-22 03:34:52', 120.818332, 30.182077, 0, 0, NULL, NULL, NULL, NULL, '2019-04-21 11:34:52', 'system', '2019-04-21 11:34:52', 'system', 1);
INSERT INTO `sb_busposition` VALUES (651, '20190421', '2019-04-22 03:34:53', 120.818332, 30.182027, 0, 0, NULL, NULL, NULL, NULL, '2019-04-21 11:34:53', 'system', '2019-04-21 11:34:53', 'system', 1);
INSERT INTO `sb_busposition` VALUES (652, '20190421', '2019-04-22 03:34:53', 120.818332, 30.182027, 0, 0, NULL, NULL, NULL, NULL, '2019-04-21 11:34:53', 'system', '2019-04-21 11:34:53', 'system', 1);
INSERT INTO `sb_busposition` VALUES (653, '20190421', '2019-04-22 03:34:53', 120.818332, 30.182027, 0, 0, NULL, NULL, NULL, NULL, '2019-04-21 11:34:53', 'system', '2019-04-21 11:34:53', 'system', 1);
INSERT INTO `sb_busposition` VALUES (654, '20190421', '2019-04-22 03:34:54', 120.818332, 30.181989, 0, 0, NULL, NULL, NULL, NULL, '2019-04-21 11:34:54', 'system', '2019-04-21 11:34:54', 'system', 1);
INSERT INTO `sb_busposition` VALUES (655, '20190421', '2019-04-22 03:34:54', 120.818332, 30.181989, 0, 0, NULL, NULL, NULL, NULL, '2019-04-21 11:34:54', 'system', '2019-04-21 11:34:54', 'system', 1);
INSERT INTO `sb_busposition` VALUES (656, '20190421', '2019-04-22 03:34:54', 120.818332, 30.181989, 0, 0, NULL, NULL, NULL, NULL, '2019-04-21 11:34:54', 'system', '2019-04-21 11:34:54', 'system', 1);
INSERT INTO `sb_busposition` VALUES (657, '20190421', '2019-04-22 03:34:55', 120.818332, 30.181967, 0, 0, NULL, NULL, NULL, NULL, '2019-04-21 11:34:55', 'system', '2019-04-21 11:34:55', 'system', 1);
INSERT INTO `sb_busposition` VALUES (658, '20190421', '2019-04-22 03:34:55', 120.818332, 30.181967, 0, 0, NULL, NULL, NULL, NULL, '2019-04-21 11:34:55', 'system', '2019-04-21 11:34:55', 'system', 1);
INSERT INTO `sb_busposition` VALUES (659, '20190421', '2019-04-22 03:34:55', 120.818332, 30.181967, 0, 0, NULL, NULL, NULL, NULL, '2019-04-21 11:34:55', 'system', '2019-04-21 11:34:55', 'system', 1);
INSERT INTO `sb_busposition` VALUES (660, '20190421', '2019-04-22 03:34:56', 120.818343, 30.181946, 0, 0, NULL, NULL, NULL, NULL, '2019-04-21 11:34:56', 'system', '2019-04-21 11:34:56', 'system', 1);
INSERT INTO `sb_busposition` VALUES (661, '20190421', '2019-04-22 03:34:56', 120.818343, 30.181946, 0, 0, NULL, NULL, NULL, NULL, '2019-04-21 11:34:56', 'system', '2019-04-21 11:34:56', 'system', 1);
INSERT INTO `sb_busposition` VALUES (662, '20190421', '2019-04-22 03:34:56', 120.818343, 30.181946, 0, 0, NULL, NULL, NULL, NULL, '2019-04-21 11:34:56', 'system', '2019-04-21 11:34:56', 'system', 1);
INSERT INTO `sb_busposition` VALUES (663, '20190421', '2019-04-22 03:34:57', 120.818348, 30.18193, 0, 0, NULL, NULL, NULL, NULL, '2019-04-21 11:34:57', 'system', '2019-04-21 11:34:57', 'system', 1);
INSERT INTO `sb_busposition` VALUES (664, '20190421', '2019-04-22 03:34:57', 120.818348, 30.18193, 0, 0, NULL, NULL, NULL, NULL, '2019-04-21 11:34:57', 'system', '2019-04-21 11:34:57', 'system', 1);
INSERT INTO `sb_busposition` VALUES (665, '20190421', '2019-04-22 03:34:57', 120.818348, 30.18193, 0, 0, NULL, NULL, NULL, NULL, '2019-04-21 11:34:57', 'system', '2019-04-21 11:34:57', 'system', 1);
INSERT INTO `sb_busposition` VALUES (666, '20190421', '2019-04-22 03:34:58', 120.818535, 30.181767, 0, 0, NULL, NULL, NULL, NULL, '2019-04-21 11:34:58', 'system', '2019-04-21 11:34:58', 'system', 1);
INSERT INTO `sb_busposition` VALUES (667, '20190421', '2019-04-22 03:34:58', 120.818535, 30.181767, 0, 0, NULL, NULL, NULL, NULL, '2019-04-21 11:34:58', 'system', '2019-04-21 11:34:58', 'system', 1);
INSERT INTO `sb_busposition` VALUES (668, '20190421', '2019-04-22 03:34:58', 120.818535, 30.181767, 0, 0, NULL, NULL, NULL, NULL, '2019-04-21 11:34:58', 'system', '2019-04-21 11:34:58', 'system', 1);
INSERT INTO `sb_busposition` VALUES (669, '20190421', '2019-04-22 03:34:59', 120.818587, 30.181769, 0, 0, NULL, NULL, NULL, NULL, '2019-04-21 11:34:59', 'system', '2019-04-21 11:34:59', 'system', 1);
INSERT INTO `sb_busposition` VALUES (670, '20190421', '2019-04-22 03:34:59', 120.818587, 30.181769, 0, 0, NULL, NULL, NULL, NULL, '2019-04-21 11:34:59', 'system', '2019-04-21 11:34:59', 'system', 1);
INSERT INTO `sb_busposition` VALUES (671, '20190421', '2019-04-22 03:34:59', 120.818587, 30.181769, 0, 0, NULL, NULL, NULL, NULL, '2019-04-21 11:34:59', 'system', '2019-04-21 11:34:59', 'system', 1);
INSERT INTO `sb_busposition` VALUES (672, '20190421', '2019-04-22 03:35:00', 120.818681, 30.181771, 0, 0, NULL, NULL, NULL, NULL, '2019-04-21 11:35:00', 'system', '2019-04-21 11:35:00', 'system', 1);
INSERT INTO `sb_busposition` VALUES (673, '20190421', '2019-04-22 03:35:00', 120.818681, 30.181771, 0, 0, NULL, NULL, NULL, NULL, '2019-04-21 11:35:00', 'system', '2019-04-21 11:35:00', 'system', 1);
INSERT INTO `sb_busposition` VALUES (674, '20190421', '2019-04-22 03:35:00', 120.818681, 30.181771, 0, 0, NULL, NULL, NULL, NULL, '2019-04-21 11:35:00', 'system', '2019-04-21 11:35:00', 'system', 1);
INSERT INTO `sb_busposition` VALUES (675, '20190421', '2019-04-22 03:35:01', 120.818749, 30.181772, 0, 0, NULL, NULL, NULL, NULL, '2019-04-21 11:35:01', 'system', '2019-04-21 11:35:01', 'system', 1);
INSERT INTO `sb_busposition` VALUES (676, '20190421', '2019-04-22 03:35:01', 120.818749, 30.181772, 0, 0, NULL, NULL, NULL, NULL, '2019-04-21 11:35:01', 'system', '2019-04-21 11:35:01', 'system', 1);
INSERT INTO `sb_busposition` VALUES (677, '20190421', '2019-04-22 03:35:01', 120.818749, 30.181772, 0, 0, NULL, NULL, NULL, NULL, '2019-04-21 11:35:01', 'system', '2019-04-21 11:35:01', 'system', 1);
INSERT INTO `sb_busposition` VALUES (678, '20190421', '2019-04-22 03:35:02', 120.818822, 30.181779, 0, 0, NULL, NULL, NULL, NULL, '2019-04-21 11:35:02', 'system', '2019-04-21 11:35:02', 'system', 1);
INSERT INTO `sb_busposition` VALUES (679, '20190421', '2019-04-22 03:35:02', 120.818822, 30.181779, 0, 0, NULL, NULL, NULL, NULL, '2019-04-21 11:35:02', 'system', '2019-04-21 11:35:02', 'system', 1);
INSERT INTO `sb_busposition` VALUES (680, '20190421', '2019-04-22 03:35:02', 120.818822, 30.181779, 0, 0, NULL, NULL, NULL, NULL, '2019-04-21 11:35:02', 'system', '2019-04-21 11:35:02', 'system', 1);
INSERT INTO `sb_busposition` VALUES (681, '20190421', '2019-04-22 03:35:03', 120.81888, 30.181784, 0, 0, NULL, NULL, NULL, NULL, '2019-04-21 11:35:03', 'system', '2019-04-21 11:35:03', 'system', 1);
INSERT INTO `sb_busposition` VALUES (682, '20190421', '2019-04-22 03:35:03', 120.81888, 30.181784, 0, 0, NULL, NULL, NULL, NULL, '2019-04-21 11:35:03', 'system', '2019-04-21 11:35:03', 'system', 1);
INSERT INTO `sb_busposition` VALUES (683, '20190421', '2019-04-22 03:35:03', 120.81888, 30.181784, 0, 0, NULL, NULL, NULL, NULL, '2019-04-21 11:35:03', 'system', '2019-04-21 11:35:03', 'system', 1);
INSERT INTO `sb_busposition` VALUES (684, '20190421', '2019-04-22 03:35:04', 120.818933, 30.181788, 0, 0, NULL, NULL, NULL, NULL, '2019-04-21 11:35:04', 'system', '2019-04-21 11:35:04', 'system', 1);
INSERT INTO `sb_busposition` VALUES (685, '20190421', '2019-04-22 03:35:04', 120.818933, 30.181788, 0, 0, NULL, NULL, NULL, NULL, '2019-04-21 11:35:04', 'system', '2019-04-21 11:35:04', 'system', 1);
INSERT INTO `sb_busposition` VALUES (686, '20190421', '2019-04-22 03:35:04', 120.818933, 30.181788, 0, 0, NULL, NULL, NULL, NULL, '2019-04-21 11:35:04', 'system', '2019-04-21 11:35:04', 'system', 1);
INSERT INTO `sb_busposition` VALUES (687, '20190421', '2019-04-22 03:35:05', 120.818983, 30.181793, 0, 0, NULL, NULL, NULL, NULL, '2019-04-21 11:35:05', 'system', '2019-04-21 11:35:05', 'system', 1);
INSERT INTO `sb_busposition` VALUES (688, '20190421', '2019-04-22 03:35:05', 120.818983, 30.181793, 0, 0, NULL, NULL, NULL, NULL, '2019-04-21 11:35:05', 'system', '2019-04-21 11:35:05', 'system', 1);
INSERT INTO `sb_busposition` VALUES (689, '20190421', '2019-04-22 03:35:05', 120.818983, 30.181793, 0, 0, NULL, NULL, NULL, NULL, '2019-04-21 11:35:05', 'system', '2019-04-21 11:35:05', 'system', 1);
INSERT INTO `sb_busposition` VALUES (690, '20190421', '2019-04-22 03:35:06', 120.81904, 30.181798, 0, 0, NULL, NULL, NULL, NULL, '2019-04-21 11:35:06', 'system', '2019-04-21 11:35:06', 'system', 1);
INSERT INTO `sb_busposition` VALUES (691, '20190421', '2019-04-22 03:35:06', 120.81904, 30.181798, 0, 0, NULL, NULL, NULL, NULL, '2019-04-21 11:35:06', 'system', '2019-04-21 11:35:06', 'system', 1);
INSERT INTO `sb_busposition` VALUES (692, '20190421', '2019-04-22 03:35:06', 120.81904, 30.181798, 0, 0, NULL, NULL, NULL, NULL, '2019-04-21 11:35:06', 'system', '2019-04-21 11:35:06', 'system', 1);
INSERT INTO `sb_busposition` VALUES (693, '20190421', '2019-04-22 03:35:07', 120.819072, 30.181801, 0, 0, NULL, NULL, NULL, NULL, '2019-04-21 11:35:07', 'system', '2019-04-21 11:35:07', 'system', 1);
INSERT INTO `sb_busposition` VALUES (694, '20190421', '2019-04-22 03:35:07', 120.819072, 30.181801, 0, 0, NULL, NULL, NULL, NULL, '2019-04-21 11:35:07', 'system', '2019-04-21 11:35:07', 'system', 1);
INSERT INTO `sb_busposition` VALUES (695, '20190421', '2019-04-22 03:35:07', 120.819072, 30.181801, 0, 0, NULL, NULL, NULL, NULL, '2019-04-21 11:35:07', 'system', '2019-04-21 11:35:07', 'system', 1);
INSERT INTO `sb_busposition` VALUES (696, '20190421', '2019-04-22 03:35:08', 120.819108, 30.181804, 0, 0, NULL, NULL, NULL, NULL, '2019-04-21 11:35:08', 'system', '2019-04-21 11:35:08', 'system', 1);
INSERT INTO `sb_busposition` VALUES (697, '20190421', '2019-04-22 03:35:08', 120.819108, 30.181804, 0, 0, NULL, NULL, NULL, NULL, '2019-04-21 11:35:08', 'system', '2019-04-21 11:35:08', 'system', 1);
INSERT INTO `sb_busposition` VALUES (698, '20190421', '2019-04-22 03:35:08', 120.819108, 30.181804, 0, 0, NULL, NULL, NULL, NULL, '2019-04-21 11:35:08', 'system', '2019-04-21 11:35:08', 'system', 1);
INSERT INTO `sb_busposition` VALUES (699, '20190421', '2019-04-22 03:35:09', 120.819135, 30.181806, 0, 0, NULL, NULL, NULL, NULL, '2019-04-21 11:35:09', 'system', '2019-04-21 11:35:09', 'system', 1);
INSERT INTO `sb_busposition` VALUES (700, '20190421', '2019-04-22 03:35:09', 120.819135, 30.181806, 0, 0, NULL, NULL, NULL, NULL, '2019-04-21 11:35:09', 'system', '2019-04-21 11:35:09', 'system', 1);
INSERT INTO `sb_busposition` VALUES (701, '20190421', '2019-04-22 03:35:09', 120.819135, 30.181806, 0, 0, NULL, NULL, NULL, NULL, '2019-04-21 11:35:09', 'system', '2019-04-21 11:35:09', 'system', 1);
INSERT INTO `sb_busposition` VALUES (702, '20190421', '2019-04-22 03:35:10', 120.819166, 30.181816, 0, 0, NULL, NULL, NULL, NULL, '2019-04-21 11:35:10', 'system', '2019-04-21 11:35:10', 'system', 1);
INSERT INTO `sb_busposition` VALUES (703, '20190421', '2019-04-22 03:35:10', 120.819166, 30.181816, 0, 0, NULL, NULL, NULL, NULL, '2019-04-21 11:35:10', 'system', '2019-04-21 11:35:10', 'system', 1);
INSERT INTO `sb_busposition` VALUES (704, '20190421', '2019-04-22 03:35:10', 120.819166, 30.181816, 0, 0, NULL, NULL, NULL, NULL, '2019-04-21 11:35:10', 'system', '2019-04-21 11:35:10', 'system', 1);
INSERT INTO `sb_busposition` VALUES (705, '20190421', '2019-04-22 03:35:11', 120.819193, 30.181815, 0, 0, NULL, NULL, NULL, NULL, '2019-04-21 11:35:11', 'system', '2019-04-21 11:35:11', 'system', 1);
INSERT INTO `sb_busposition` VALUES (706, '20190421', '2019-04-22 03:35:11', 120.819193, 30.181815, 0, 0, NULL, NULL, NULL, NULL, '2019-04-21 11:35:11', 'system', '2019-04-21 11:35:11', 'system', 1);
INSERT INTO `sb_busposition` VALUES (707, '20190421', '2019-04-22 03:35:11', 120.819193, 30.181815, 0, 0, NULL, NULL, NULL, NULL, '2019-04-21 11:35:11', 'system', '2019-04-21 11:35:11', 'system', 1);
INSERT INTO `sb_busposition` VALUES (708, '20190421', '2019-04-22 03:35:12', 120.819195, 30.181805, 0, 0, NULL, NULL, NULL, NULL, '2019-04-21 11:35:12', 'system', '2019-04-21 11:35:12', 'system', 1);
INSERT INTO `sb_busposition` VALUES (709, '20190421', '2019-04-22 03:35:12', 120.819195, 30.181805, 0, 0, NULL, NULL, NULL, NULL, '2019-04-21 11:35:12', 'system', '2019-04-21 11:35:12', 'system', 1);
INSERT INTO `sb_busposition` VALUES (710, '20190421', '2019-04-22 03:35:12', 120.819195, 30.181805, 0, 0, NULL, NULL, NULL, NULL, '2019-04-21 11:35:12', 'system', '2019-04-21 11:35:12', 'system', 1);
INSERT INTO `sb_busposition` VALUES (711, '20190421', '2019-04-22 03:35:13', 120.819199, 30.181771, 0, 0, NULL, NULL, NULL, NULL, '2019-04-21 11:35:13', 'system', '2019-04-21 11:35:13', 'system', 1);
INSERT INTO `sb_busposition` VALUES (712, '20190421', '2019-04-22 03:35:13', 120.819199, 30.181771, 0, 0, NULL, NULL, NULL, NULL, '2019-04-21 11:35:13', 'system', '2019-04-21 11:35:13', 'system', 1);
INSERT INTO `sb_busposition` VALUES (713, '20190421', '2019-04-22 03:35:13', 120.819199, 30.181771, 0, 0, NULL, NULL, NULL, NULL, '2019-04-21 11:35:13', 'system', '2019-04-21 11:35:13', 'system', 1);
INSERT INTO `sb_busposition` VALUES (714, '20190421', '2019-04-22 03:35:14', 120.819197, 30.18174, 0, 0, NULL, NULL, NULL, NULL, '2019-04-21 11:35:14', 'system', '2019-04-21 11:35:14', 'system', 1);
INSERT INTO `sb_busposition` VALUES (715, '20190421', '2019-04-22 03:35:14', 120.819197, 30.18174, 0, 0, NULL, NULL, NULL, NULL, '2019-04-21 11:35:14', 'system', '2019-04-21 11:35:14', 'system', 1);
INSERT INTO `sb_busposition` VALUES (716, '20190421', '2019-04-22 03:35:14', 120.819197, 30.18174, 0, 0, NULL, NULL, NULL, NULL, '2019-04-21 11:35:14', 'system', '2019-04-21 11:35:14', 'system', 1);
INSERT INTO `sb_busposition` VALUES (717, '20190421', '2019-04-22 03:35:15', 120.819161, 30.181701, 0, 0, NULL, NULL, NULL, NULL, '2019-04-21 11:35:15', 'system', '2019-04-21 11:35:15', 'system', 1);
INSERT INTO `sb_busposition` VALUES (718, '20190421', '2019-04-22 03:35:15', 120.819161, 30.181701, 0, 0, NULL, NULL, NULL, NULL, '2019-04-21 11:35:15', 'system', '2019-04-21 11:35:15', 'system', 1);
INSERT INTO `sb_busposition` VALUES (719, '20190421', '2019-04-22 03:35:15', 120.819161, 30.181701, 0, 0, NULL, NULL, NULL, NULL, '2019-04-21 11:35:15', 'system', '2019-04-21 11:35:15', 'system', 1);
INSERT INTO `sb_busposition` VALUES (720, '20190421', '2019-04-22 03:35:16', 120.81913, 30.181669, 0, 0, NULL, NULL, NULL, NULL, '2019-04-21 11:35:16', 'system', '2019-04-21 11:35:16', 'system', 1);
INSERT INTO `sb_busposition` VALUES (721, '20190421', '2019-04-22 03:35:16', 120.81913, 30.181669, 0, 0, NULL, NULL, NULL, NULL, '2019-04-21 11:35:16', 'system', '2019-04-21 11:35:16', 'system', 1);
INSERT INTO `sb_busposition` VALUES (722, '20190421', '2019-04-22 03:35:16', 120.81913, 30.181669, 0, 0, NULL, NULL, NULL, NULL, '2019-04-21 11:35:16', 'system', '2019-04-21 11:35:16', 'system', 1);
INSERT INTO `sb_busposition` VALUES (723, '20190421', '2019-04-22 03:35:17', 120.819093, 30.181644, 0, 0, NULL, NULL, NULL, NULL, '2019-04-21 11:35:17', 'system', '2019-04-21 11:35:17', 'system', 1);
INSERT INTO `sb_busposition` VALUES (724, '20190421', '2019-04-22 03:35:17', 120.819093, 30.181644, 0, 0, NULL, NULL, NULL, NULL, '2019-04-21 11:35:17', 'system', '2019-04-21 11:35:17', 'system', 1);
INSERT INTO `sb_busposition` VALUES (725, '20190421', '2019-04-22 03:35:17', 120.819093, 30.181644, 0, 0, NULL, NULL, NULL, NULL, '2019-04-21 11:35:17', 'system', '2019-04-21 11:35:17', 'system', 1);
INSERT INTO `sb_busposition` VALUES (726, '20190421', '2019-04-22 03:35:18', 120.819053, 30.181625, 0, 0, NULL, NULL, NULL, NULL, '2019-04-21 11:35:18', 'system', '2019-04-21 11:35:18', 'system', 1);
INSERT INTO `sb_busposition` VALUES (727, '20190421', '2019-04-22 03:35:18', 120.819053, 30.181625, 0, 0, NULL, NULL, NULL, NULL, '2019-04-21 11:35:18', 'system', '2019-04-21 11:35:18', 'system', 1);
INSERT INTO `sb_busposition` VALUES (728, '20190421', '2019-04-22 03:35:18', 120.819053, 30.181625, 0, 0, NULL, NULL, NULL, NULL, '2019-04-21 11:35:18', 'system', '2019-04-21 11:35:18', 'system', 1);
INSERT INTO `sb_busposition` VALUES (729, '20190421', '2019-04-22 03:35:19', 120.818996, 30.181632, 0, 0, NULL, NULL, NULL, NULL, '2019-04-21 11:35:19', 'system', '2019-04-21 11:35:19', 'system', 1);
INSERT INTO `sb_busposition` VALUES (730, '20190421', '2019-04-22 03:35:19', 120.818996, 30.181632, 0, 0, NULL, NULL, NULL, NULL, '2019-04-21 11:35:19', 'system', '2019-04-21 11:35:19', 'system', 1);
INSERT INTO `sb_busposition` VALUES (731, '20190421', '2019-04-22 03:35:19', 120.818996, 30.181632, 0, 0, NULL, NULL, NULL, NULL, '2019-04-21 11:35:19', 'system', '2019-04-21 11:35:19', 'system', 1);
INSERT INTO `sb_busposition` VALUES (732, '20190421', '2019-04-22 03:35:20', 120.818954, 30.181626, 0, 0, NULL, NULL, NULL, NULL, '2019-04-21 11:35:20', 'system', '2019-04-21 11:35:20', 'system', 1);
INSERT INTO `sb_busposition` VALUES (733, '20190421', '2019-04-22 03:35:20', 120.818954, 30.181626, 0, 0, NULL, NULL, NULL, NULL, '2019-04-21 11:35:20', 'system', '2019-04-21 11:35:20', 'system', 1);
INSERT INTO `sb_busposition` VALUES (734, '20190421', '2019-04-22 03:35:20', 120.818954, 30.181626, 0, 0, NULL, NULL, NULL, NULL, '2019-04-21 11:35:20', 'system', '2019-04-21 11:35:20', 'system', 1);
INSERT INTO `sb_busposition` VALUES (735, '20190421', '2019-04-22 03:35:21', 120.818902, 30.181622, 0, 0, NULL, NULL, NULL, NULL, '2019-04-21 11:35:21', 'system', '2019-04-21 11:35:21', 'system', 1);
INSERT INTO `sb_busposition` VALUES (736, '20190421', '2019-04-22 03:35:21', 120.818902, 30.181622, 0, 0, NULL, NULL, NULL, NULL, '2019-04-21 11:35:21', 'system', '2019-04-21 11:35:21', 'system', 1);
INSERT INTO `sb_busposition` VALUES (737, '20190421', '2019-04-22 03:35:21', 120.818902, 30.181622, 0, 0, NULL, NULL, NULL, NULL, '2019-04-21 11:35:21', 'system', '2019-04-21 11:35:21', 'system', 1);
INSERT INTO `sb_busposition` VALUES (738, '20190421', '2019-04-22 03:35:22', 120.818857, 30.181623, 0, 0, NULL, NULL, NULL, NULL, '2019-04-21 11:35:22', 'system', '2019-04-21 11:35:22', 'system', 1);
INSERT INTO `sb_busposition` VALUES (739, '20190421', '2019-04-22 03:35:22', 120.818857, 30.181623, 0, 0, NULL, NULL, NULL, NULL, '2019-04-21 11:35:22', 'system', '2019-04-21 11:35:22', 'system', 1);
INSERT INTO `sb_busposition` VALUES (740, '20190421', '2019-04-22 03:35:22', 120.818857, 30.181623, 0, 0, NULL, NULL, NULL, NULL, '2019-04-21 11:35:22', 'system', '2019-04-21 11:35:22', 'system', 1);
INSERT INTO `sb_busposition` VALUES (741, '20190421', '2019-04-22 03:35:23', 120.818813, 30.181618, 0, 0, NULL, NULL, NULL, NULL, '2019-04-21 11:35:23', 'system', '2019-04-21 11:35:23', 'system', 1);
INSERT INTO `sb_busposition` VALUES (742, '20190421', '2019-04-22 03:35:23', 120.818813, 30.181618, 0, 0, NULL, NULL, NULL, NULL, '2019-04-21 11:35:23', 'system', '2019-04-21 11:35:23', 'system', 1);
INSERT INTO `sb_busposition` VALUES (743, '20190421', '2019-04-22 03:35:23', 120.818813, 30.181618, 0, 0, NULL, NULL, NULL, NULL, '2019-04-21 11:35:23', 'system', '2019-04-21 11:35:23', 'system', 1);
INSERT INTO `sb_busposition` VALUES (744, '20190421', '2019-04-22 03:35:24', 120.818758, 30.181608, 0, 0, NULL, NULL, NULL, NULL, '2019-04-21 11:35:24', 'system', '2019-04-21 11:35:24', 'system', 1);
INSERT INTO `sb_busposition` VALUES (745, '20190421', '2019-04-22 03:35:24', 120.818758, 30.181608, 0, 0, NULL, NULL, NULL, NULL, '2019-04-21 11:35:24', 'system', '2019-04-21 11:35:24', 'system', 1);
INSERT INTO `sb_busposition` VALUES (746, '20190421', '2019-04-22 03:35:24', 120.818758, 30.181608, 0, 0, NULL, NULL, NULL, NULL, '2019-04-21 11:35:24', 'system', '2019-04-21 11:35:24', 'system', 1);
INSERT INTO `sb_busposition` VALUES (747, '20190421', '2019-04-22 03:35:25', 120.818712, 30.181603, 0, 0, NULL, NULL, NULL, NULL, '2019-04-21 11:35:25', 'system', '2019-04-21 11:35:25', 'system', 1);
INSERT INTO `sb_busposition` VALUES (748, '20190421', '2019-04-22 03:35:25', 120.818712, 30.181603, 0, 0, NULL, NULL, NULL, NULL, '2019-04-21 11:35:25', 'system', '2019-04-21 11:35:25', 'system', 1);
INSERT INTO `sb_busposition` VALUES (749, '20190421', '2019-04-22 03:35:25', 120.818712, 30.181603, 0, 0, NULL, NULL, NULL, NULL, '2019-04-21 11:35:25', 'system', '2019-04-21 11:35:25', 'system', 1);
INSERT INTO `sb_busposition` VALUES (750, '20190421', '2019-04-22 03:35:26', 120.81867, 30.181586, 0, 0, NULL, NULL, NULL, NULL, '2019-04-21 11:35:26', 'system', '2019-04-21 11:35:26', 'system', 1);
INSERT INTO `sb_busposition` VALUES (751, '20190421', '2019-04-22 03:35:26', 120.81867, 30.181586, 0, 0, NULL, NULL, NULL, NULL, '2019-04-21 11:35:26', 'system', '2019-04-21 11:35:26', 'system', 1);
INSERT INTO `sb_busposition` VALUES (752, '20190421', '2019-04-22 03:35:26', 120.81867, 30.181586, 0, 0, NULL, NULL, NULL, NULL, '2019-04-21 11:35:26', 'system', '2019-04-21 11:35:26', 'system', 1);
INSERT INTO `sb_busposition` VALUES (753, '20190421', '2019-04-22 03:35:27', 120.818626, 30.181568, 0, 0, NULL, NULL, NULL, NULL, '2019-04-21 11:35:27', 'system', '2019-04-21 11:35:27', 'system', 1);
INSERT INTO `sb_busposition` VALUES (754, '20190421', '2019-04-22 03:35:27', 120.818626, 30.181568, 0, 0, NULL, NULL, NULL, NULL, '2019-04-21 11:35:27', 'system', '2019-04-21 11:35:27', 'system', 1);
INSERT INTO `sb_busposition` VALUES (755, '20190421', '2019-04-22 03:35:27', 120.818626, 30.181568, 0, 0, NULL, NULL, NULL, NULL, '2019-04-21 11:35:27', 'system', '2019-04-21 11:35:27', 'system', 1);
INSERT INTO `sb_busposition` VALUES (756, '20190421', '2019-04-22 03:35:28', 120.818586, 30.181518, 0, 0, NULL, NULL, NULL, NULL, '2019-04-21 11:35:28', 'system', '2019-04-21 11:35:28', 'system', 1);
INSERT INTO `sb_busposition` VALUES (757, '20190421', '2019-04-22 03:35:28', 120.818586, 30.181518, 0, 0, NULL, NULL, NULL, NULL, '2019-04-21 11:35:28', 'system', '2019-04-21 11:35:28', 'system', 1);
INSERT INTO `sb_busposition` VALUES (758, '20190421', '2019-04-22 03:35:28', 120.818586, 30.181518, 0, 0, NULL, NULL, NULL, NULL, '2019-04-21 11:35:28', 'system', '2019-04-21 11:35:28', 'system', 1);
INSERT INTO `sb_busposition` VALUES (759, '20190421', '2019-04-22 03:35:29', 120.818557, 30.181471, 0, 0, NULL, NULL, NULL, NULL, '2019-04-21 11:35:29', 'system', '2019-04-21 11:35:29', 'system', 1);
INSERT INTO `sb_busposition` VALUES (760, '20190421', '2019-04-22 03:35:29', 120.818557, 30.181471, 0, 0, NULL, NULL, NULL, NULL, '2019-04-21 11:35:29', 'system', '2019-04-21 11:35:29', 'system', 1);
INSERT INTO `sb_busposition` VALUES (761, '20190421', '2019-04-22 03:35:29', 120.818557, 30.181471, 0, 0, NULL, NULL, NULL, NULL, '2019-04-21 11:35:29', 'system', '2019-04-21 11:35:29', 'system', 1);
INSERT INTO `sb_busposition` VALUES (762, '20190421', '2019-04-22 03:35:30', 120.818541, 30.181426, 0, 0, NULL, NULL, NULL, NULL, '2019-04-21 11:35:30', 'system', '2019-04-21 11:35:30', 'system', 1);
INSERT INTO `sb_busposition` VALUES (763, '20190421', '2019-04-22 03:35:30', 120.818541, 30.181426, 0, 0, NULL, NULL, NULL, NULL, '2019-04-21 11:35:30', 'system', '2019-04-21 11:35:30', 'system', 1);
INSERT INTO `sb_busposition` VALUES (764, '20190421', '2019-04-22 03:35:30', 120.818541, 30.181426, 0, 0, NULL, NULL, NULL, NULL, '2019-04-21 11:35:30', 'system', '2019-04-21 11:35:30', 'system', 1);
INSERT INTO `sb_busposition` VALUES (765, '20190421', '2019-04-22 03:35:31', 120.818527, 30.18138, 0, 0, NULL, NULL, NULL, NULL, '2019-04-21 11:35:31', 'system', '2019-04-21 11:35:31', 'system', 1);
INSERT INTO `sb_busposition` VALUES (766, '20190421', '2019-04-22 03:35:31', 120.818527, 30.18138, 0, 0, NULL, NULL, NULL, NULL, '2019-04-21 11:35:31', 'system', '2019-04-21 11:35:31', 'system', 1);
INSERT INTO `sb_busposition` VALUES (767, '20190421', '2019-04-22 03:35:31', 120.818527, 30.18138, 0, 0, NULL, NULL, NULL, NULL, '2019-04-21 11:35:31', 'system', '2019-04-21 11:35:31', 'system', 1);
INSERT INTO `sb_busposition` VALUES (768, '20190421', '2019-04-22 03:35:32', 120.818448, 30.181328, 0, 0, NULL, NULL, NULL, NULL, '2019-04-21 11:35:32', 'system', '2019-04-21 11:35:32', 'system', 1);
INSERT INTO `sb_busposition` VALUES (769, '20190421', '2019-04-22 03:35:32', 120.818448, 30.181328, 0, 0, NULL, NULL, NULL, NULL, '2019-04-21 11:35:32', 'system', '2019-04-21 11:35:32', 'system', 1);
INSERT INTO `sb_busposition` VALUES (770, '20190421', '2019-04-22 03:35:32', 120.818448, 30.181328, 0, 0, NULL, NULL, NULL, NULL, '2019-04-21 11:35:32', 'system', '2019-04-21 11:35:32', 'system', 1);
INSERT INTO `sb_busposition` VALUES (771, '20190421', '2019-04-22 03:35:33', 120.818449, 30.181288, 0, 0, NULL, NULL, NULL, NULL, '2019-04-21 11:35:33', 'system', '2019-04-21 11:35:33', 'system', 1);
INSERT INTO `sb_busposition` VALUES (772, '20190421', '2019-04-22 03:35:33', 120.818449, 30.181288, 0, 0, NULL, NULL, NULL, NULL, '2019-04-21 11:35:33', 'system', '2019-04-21 11:35:33', 'system', 1);
INSERT INTO `sb_busposition` VALUES (773, '20190421', '2019-04-22 03:35:33', 120.818449, 30.181288, 0, 0, NULL, NULL, NULL, NULL, '2019-04-21 11:35:33', 'system', '2019-04-21 11:35:33', 'system', 1);
INSERT INTO `sb_busposition` VALUES (774, '20190421', '2019-04-22 03:35:34', 120.81845, 30.18124, 0, 0, NULL, NULL, NULL, NULL, '2019-04-21 11:35:34', 'system', '2019-04-21 11:35:34', 'system', 1);
INSERT INTO `sb_busposition` VALUES (775, '20190421', '2019-04-22 03:35:34', 120.81845, 30.18124, 0, 0, NULL, NULL, NULL, NULL, '2019-04-21 11:35:34', 'system', '2019-04-21 11:35:34', 'system', 1);
INSERT INTO `sb_busposition` VALUES (776, '20190421', '2019-04-22 03:35:34', 120.81845, 30.18124, 0, 0, NULL, NULL, NULL, NULL, '2019-04-21 11:35:34', 'system', '2019-04-21 11:35:34', 'system', 1);
INSERT INTO `sb_busposition` VALUES (777, '20190421', '2019-04-22 03:35:35', 120.818452, 30.181191, 0, 0, NULL, NULL, NULL, NULL, '2019-04-21 11:35:35', 'system', '2019-04-21 11:35:35', 'system', 1);
INSERT INTO `sb_busposition` VALUES (778, '20190421', '2019-04-22 03:35:35', 120.818452, 30.181191, 0, 0, NULL, NULL, NULL, NULL, '2019-04-21 11:35:35', 'system', '2019-04-21 11:35:35', 'system', 1);
INSERT INTO `sb_busposition` VALUES (779, '20190421', '2019-04-22 03:35:35', 120.818452, 30.181191, 0, 0, NULL, NULL, NULL, NULL, '2019-04-21 11:35:35', 'system', '2019-04-21 11:35:35', 'system', 1);
INSERT INTO `sb_busposition` VALUES (780, '20190421', '2019-04-22 03:35:36', 120.818453, 30.181165, 0, 0, NULL, NULL, NULL, NULL, '2019-04-21 11:35:36', 'system', '2019-04-21 11:35:36', 'system', 1);
INSERT INTO `sb_busposition` VALUES (781, '20190421', '2019-04-22 03:35:36', 120.818453, 30.181165, 0, 0, NULL, NULL, NULL, NULL, '2019-04-21 11:35:36', 'system', '2019-04-21 11:35:36', 'system', 1);
INSERT INTO `sb_busposition` VALUES (782, '20190421', '2019-04-22 03:35:36', 120.818453, 30.181165, 0, 0, NULL, NULL, NULL, NULL, '2019-04-21 11:35:36', 'system', '2019-04-21 11:35:36', 'system', 1);
INSERT INTO `sb_busposition` VALUES (783, '20190421', '2019-04-22 03:35:37', 120.818431, 30.18119, 0, 0, NULL, NULL, NULL, NULL, '2019-04-21 11:35:37', 'system', '2019-04-21 11:35:37', 'system', 1);
INSERT INTO `sb_busposition` VALUES (784, '20190421', '2019-04-22 03:35:37', 120.818431, 30.18119, 0, 0, NULL, NULL, NULL, NULL, '2019-04-21 11:35:37', 'system', '2019-04-21 11:35:37', 'system', 1);
INSERT INTO `sb_busposition` VALUES (785, '20190421', '2019-04-22 03:35:37', 120.818431, 30.18119, 0, 0, NULL, NULL, NULL, NULL, '2019-04-21 11:35:37', 'system', '2019-04-21 11:35:37', 'system', 1);
INSERT INTO `sb_busposition` VALUES (786, '20190421', '2019-04-22 03:35:38', 120.818434, 30.181192, 0, 0, NULL, NULL, NULL, NULL, '2019-04-21 11:35:38', 'system', '2019-04-21 11:35:38', 'system', 1);
INSERT INTO `sb_busposition` VALUES (787, '20190421', '2019-04-22 03:35:38', 120.818434, 30.181192, 0, 0, NULL, NULL, NULL, NULL, '2019-04-21 11:35:38', 'system', '2019-04-21 11:35:38', 'system', 1);
INSERT INTO `sb_busposition` VALUES (788, '20190421', '2019-04-22 03:35:38', 120.818434, 30.181192, 0, 0, NULL, NULL, NULL, NULL, '2019-04-21 11:35:38', 'system', '2019-04-21 11:35:38', 'system', 1);
INSERT INTO `sb_busposition` VALUES (789, '20190421', '2019-04-22 03:35:39', 120.818651, 30.181094, 0, 0, NULL, NULL, NULL, NULL, '2019-04-21 11:35:39', 'system', '2019-04-21 11:35:39', 'system', 1);
INSERT INTO `sb_busposition` VALUES (790, '20190421', '2019-04-22 03:35:39', 120.818651, 30.181094, 0, 0, NULL, NULL, NULL, NULL, '2019-04-21 11:35:39', 'system', '2019-04-21 11:35:39', 'system', 1);
INSERT INTO `sb_busposition` VALUES (791, '20190421', '2019-04-22 03:35:39', 120.818651, 30.181094, 0, 0, NULL, NULL, NULL, NULL, '2019-04-21 11:35:39', 'system', '2019-04-21 11:35:39', 'system', 1);
INSERT INTO `sb_busposition` VALUES (792, '20190421', '2019-04-22 03:35:40', 120.818725, 30.181088, 0, 0, NULL, NULL, NULL, NULL, '2019-04-21 11:35:40', 'system', '2019-04-21 11:35:40', 'system', 1);
INSERT INTO `sb_busposition` VALUES (793, '20190421', '2019-04-22 03:35:40', 120.818725, 30.181088, 0, 0, NULL, NULL, NULL, NULL, '2019-04-21 11:35:40', 'system', '2019-04-21 11:35:40', 'system', 1);
INSERT INTO `sb_busposition` VALUES (794, '20190421', '2019-04-22 03:35:40', 120.818725, 30.181088, 0, 0, NULL, NULL, NULL, NULL, '2019-04-21 11:35:40', 'system', '2019-04-21 11:35:40', 'system', 1);
INSERT INTO `sb_busposition` VALUES (795, '20190421', '2019-04-22 03:35:41', 120.818792, 30.181089, 0, 0, NULL, NULL, NULL, NULL, '2019-04-21 11:35:41', 'system', '2019-04-21 11:35:41', 'system', 1);
INSERT INTO `sb_busposition` VALUES (796, '20190421', '2019-04-22 03:35:41', 120.818792, 30.181089, 0, 0, NULL, NULL, NULL, NULL, '2019-04-21 11:35:41', 'system', '2019-04-21 11:35:41', 'system', 1);
INSERT INTO `sb_busposition` VALUES (797, '20190421', '2019-04-22 03:35:41', 120.818792, 30.181089, 0, 0, NULL, NULL, NULL, NULL, '2019-04-21 11:35:41', 'system', '2019-04-21 11:35:41', 'system', 1);
INSERT INTO `sb_busposition` VALUES (798, '20190421', '2019-04-22 03:35:42', 120.818857, 30.181094, 0, 0, NULL, NULL, NULL, NULL, '2019-04-21 11:35:42', 'system', '2019-04-21 11:35:42', 'system', 1);
INSERT INTO `sb_busposition` VALUES (799, '20190421', '2019-04-22 03:35:42', 120.818857, 30.181094, 0, 0, NULL, NULL, NULL, NULL, '2019-04-21 11:35:42', 'system', '2019-04-21 11:35:42', 'system', 1);
INSERT INTO `sb_busposition` VALUES (800, '20190421', '2019-04-22 03:35:42', 120.818857, 30.181094, 0, 0, NULL, NULL, NULL, NULL, '2019-04-21 11:35:42', 'system', '2019-04-21 11:35:42', 'system', 1);
INSERT INTO `sb_busposition` VALUES (801, '20190421', '2019-04-22 03:35:43', 120.818927, 30.181099, 0, 0, NULL, NULL, NULL, NULL, '2019-04-21 11:35:43', 'system', '2019-04-21 11:35:43', 'system', 1);
INSERT INTO `sb_busposition` VALUES (802, '20190421', '2019-04-22 03:35:43', 120.818927, 30.181099, 0, 0, NULL, NULL, NULL, NULL, '2019-04-21 11:35:43', 'system', '2019-04-21 11:35:43', 'system', 1);
INSERT INTO `sb_busposition` VALUES (803, '20190421', '2019-04-22 03:35:43', 120.818927, 30.181099, 0, 0, NULL, NULL, NULL, NULL, '2019-04-21 11:35:43', 'system', '2019-04-21 11:35:43', 'system', 1);
INSERT INTO `sb_busposition` VALUES (804, '20190421', '2019-04-22 03:35:44', 120.818998, 30.181095, 0, 0, NULL, NULL, NULL, NULL, '2019-04-21 11:35:44', 'system', '2019-04-21 11:35:44', 'system', 1);
INSERT INTO `sb_busposition` VALUES (805, '20190421', '2019-04-22 03:35:44', 120.818998, 30.181095, 0, 0, NULL, NULL, NULL, NULL, '2019-04-21 11:35:44', 'system', '2019-04-21 11:35:44', 'system', 1);
INSERT INTO `sb_busposition` VALUES (806, '20190421', '2019-04-22 03:35:44', 120.818998, 30.181095, 0, 0, NULL, NULL, NULL, NULL, '2019-04-21 11:35:44', 'system', '2019-04-21 11:35:44', 'system', 1);
INSERT INTO `sb_busposition` VALUES (807, '20190421', '2019-04-22 03:35:45', 120.819063, 30.181093, 0, 0, NULL, NULL, NULL, NULL, '2019-04-21 11:35:45', 'system', '2019-04-21 11:35:45', 'system', 1);
INSERT INTO `sb_busposition` VALUES (808, '20190421', '2019-04-22 03:35:45', 120.819063, 30.181093, 0, 0, NULL, NULL, NULL, NULL, '2019-04-21 11:35:45', 'system', '2019-04-21 11:35:45', 'system', 1);
INSERT INTO `sb_busposition` VALUES (809, '20190421', '2019-04-22 03:35:45', 120.819063, 30.181093, 0, 0, NULL, NULL, NULL, NULL, '2019-04-21 11:35:45', 'system', '2019-04-21 11:35:45', 'system', 1);
INSERT INTO `sb_busposition` VALUES (810, '20190421', '2019-04-22 03:35:46', 120.819133, 30.181094, 0, 0, NULL, NULL, NULL, NULL, '2019-04-21 11:35:46', 'system', '2019-04-21 11:35:46', 'system', 1);
INSERT INTO `sb_busposition` VALUES (811, '20190421', '2019-04-22 03:35:46', 120.819133, 30.181094, 0, 0, NULL, NULL, NULL, NULL, '2019-04-21 11:35:46', 'system', '2019-04-21 11:35:46', 'system', 1);
INSERT INTO `sb_busposition` VALUES (812, '20190421', '2019-04-22 03:35:46', 120.819133, 30.181094, 0, 0, NULL, NULL, NULL, NULL, '2019-04-21 11:35:46', 'system', '2019-04-21 11:35:46', 'system', 1);
INSERT INTO `sb_busposition` VALUES (813, '20190421', '2019-04-22 03:35:47', 120.819209, 30.181095, 0, 0, NULL, NULL, NULL, NULL, '2019-04-21 11:35:47', 'system', '2019-04-21 11:35:47', 'system', 1);
INSERT INTO `sb_busposition` VALUES (814, '20190421', '2019-04-22 03:35:47', 120.819209, 30.181095, 0, 0, NULL, NULL, NULL, NULL, '2019-04-21 11:35:47', 'system', '2019-04-21 11:35:47', 'system', 1);
INSERT INTO `sb_busposition` VALUES (815, '20190421', '2019-04-22 03:35:47', 120.819209, 30.181095, 0, 0, NULL, NULL, NULL, NULL, '2019-04-21 11:35:47', 'system', '2019-04-21 11:35:47', 'system', 1);
INSERT INTO `sb_busposition` VALUES (816, '20190421', '2019-04-22 03:35:48', 120.819288, 30.181097, 0, 0, NULL, NULL, NULL, NULL, '2019-04-21 11:35:48', 'system', '2019-04-21 11:35:48', 'system', 1);
INSERT INTO `sb_busposition` VALUES (817, '20190421', '2019-04-22 03:35:48', 120.819288, 30.181097, 0, 0, NULL, NULL, NULL, NULL, '2019-04-21 11:35:48', 'system', '2019-04-21 11:35:48', 'system', 1);
INSERT INTO `sb_busposition` VALUES (818, '20190421', '2019-04-22 03:35:48', 120.819288, 30.181097, 0, 0, NULL, NULL, NULL, NULL, '2019-04-21 11:35:48', 'system', '2019-04-21 11:35:48', 'system', 1);
INSERT INTO `sb_busposition` VALUES (819, '20190421', '2019-04-22 03:35:49', 120.819368, 30.181098, 0, 0, NULL, NULL, NULL, NULL, '2019-04-21 11:35:49', 'system', '2019-04-21 11:35:49', 'system', 1);
INSERT INTO `sb_busposition` VALUES (820, '20190421', '2019-04-22 03:35:49', 120.819368, 30.181098, 0, 0, NULL, NULL, NULL, NULL, '2019-04-21 11:35:49', 'system', '2019-04-21 11:35:49', 'system', 1);
INSERT INTO `sb_busposition` VALUES (821, '20190421', '2019-04-22 03:35:49', 120.819368, 30.181098, 0, 0, NULL, NULL, NULL, NULL, '2019-04-21 11:35:49', 'system', '2019-04-21 11:35:49', 'system', 1);
INSERT INTO `sb_busposition` VALUES (822, '20190421', '2019-04-22 03:35:50', 120.819421, 30.181098, 0, 0, NULL, NULL, NULL, NULL, '2019-04-21 11:35:50', 'system', '2019-04-21 11:35:50', 'system', 1);
INSERT INTO `sb_busposition` VALUES (823, '20190421', '2019-04-22 03:35:50', 120.819421, 30.181098, 0, 0, NULL, NULL, NULL, NULL, '2019-04-21 11:35:50', 'system', '2019-04-21 11:35:50', 'system', 1);
INSERT INTO `sb_busposition` VALUES (824, '20190421', '2019-04-22 03:35:50', 120.819421, 30.181098, 0, 0, NULL, NULL, NULL, NULL, '2019-04-21 11:35:50', 'system', '2019-04-21 11:35:50', 'system', 1);
INSERT INTO `sb_busposition` VALUES (825, '20190421', '2019-04-22 03:35:51', 120.819493, 30.181102, 0, 0, NULL, NULL, NULL, NULL, '2019-04-21 11:35:51', 'system', '2019-04-21 11:35:51', 'system', 1);
INSERT INTO `sb_busposition` VALUES (826, '20190421', '2019-04-22 03:35:51', 120.819493, 30.181102, 0, 0, NULL, NULL, NULL, NULL, '2019-04-21 11:35:51', 'system', '2019-04-21 11:35:51', 'system', 1);
INSERT INTO `sb_busposition` VALUES (827, '20190421', '2019-04-22 03:35:51', 120.819493, 30.181102, 0, 0, NULL, NULL, NULL, NULL, '2019-04-21 11:35:51', 'system', '2019-04-21 11:35:51', 'system', 1);
INSERT INTO `sb_busposition` VALUES (828, '20190421', '2019-04-22 03:35:52', 120.819562, 30.181101, 0, 0, NULL, NULL, NULL, NULL, '2019-04-21 11:35:52', 'system', '2019-04-21 11:35:52', 'system', 1);
INSERT INTO `sb_busposition` VALUES (829, '20190421', '2019-04-22 03:35:52', 120.819562, 30.181101, 0, 0, NULL, NULL, NULL, NULL, '2019-04-21 11:35:52', 'system', '2019-04-21 11:35:52', 'system', 1);
INSERT INTO `sb_busposition` VALUES (830, '20190421', '2019-04-22 03:35:52', 120.819562, 30.181101, 0, 0, NULL, NULL, NULL, NULL, '2019-04-21 11:35:52', 'system', '2019-04-21 11:35:52', 'system', 1);
INSERT INTO `sb_busposition` VALUES (831, '20190421', '2019-04-22 03:35:53', 120.819638, 30.181106, 0, 0, NULL, NULL, NULL, NULL, '2019-04-21 11:35:53', 'system', '2019-04-21 11:35:53', 'system', 1);
INSERT INTO `sb_busposition` VALUES (832, '20190421', '2019-04-22 03:35:53', 120.819638, 30.181106, 0, 0, NULL, NULL, NULL, NULL, '2019-04-21 11:35:53', 'system', '2019-04-21 11:35:53', 'system', 1);
INSERT INTO `sb_busposition` VALUES (833, '20190421', '2019-04-22 03:35:53', 120.819638, 30.181106, 0, 0, NULL, NULL, NULL, NULL, '2019-04-21 11:35:53', 'system', '2019-04-21 11:35:53', 'system', 1);
INSERT INTO `sb_busposition` VALUES (834, '20190421', '2019-04-22 03:35:54', 120.819713, 30.181108, 0, 0, NULL, NULL, NULL, NULL, '2019-04-21 11:35:54', 'system', '2019-04-21 11:35:54', 'system', 1);
INSERT INTO `sb_busposition` VALUES (835, '20190421', '2019-04-22 03:35:54', 120.819713, 30.181108, 0, 0, NULL, NULL, NULL, NULL, '2019-04-21 11:35:54', 'system', '2019-04-21 11:35:54', 'system', 1);
INSERT INTO `sb_busposition` VALUES (836, '20190421', '2019-04-22 03:35:54', 120.819713, 30.181108, 0, 0, NULL, NULL, NULL, NULL, '2019-04-21 11:35:54', 'system', '2019-04-21 11:35:54', 'system', 1);
INSERT INTO `sb_busposition` VALUES (837, '20190421', '2019-04-22 03:35:55', 120.819789, 30.181109, 0, 0, NULL, NULL, NULL, NULL, '2019-04-21 11:35:55', 'system', '2019-04-21 11:35:55', 'system', 1);
INSERT INTO `sb_busposition` VALUES (838, '20190421', '2019-04-22 03:35:55', 120.819789, 30.181109, 0, 0, NULL, NULL, NULL, NULL, '2019-04-21 11:35:55', 'system', '2019-04-21 11:35:55', 'system', 1);
INSERT INTO `sb_busposition` VALUES (839, '20190421', '2019-04-22 03:35:55', 120.819789, 30.181109, 0, 0, NULL, NULL, NULL, NULL, '2019-04-21 11:35:55', 'system', '2019-04-21 11:35:55', 'system', 1);
INSERT INTO `sb_busposition` VALUES (840, '20190421', '2019-04-22 03:35:56', 120.819863, 30.181112, 0, 0, NULL, NULL, NULL, NULL, '2019-04-21 11:35:56', 'system', '2019-04-21 11:35:56', 'system', 1);
INSERT INTO `sb_busposition` VALUES (841, '20190421', '2019-04-22 03:35:56', 120.819863, 30.181112, 0, 0, NULL, NULL, NULL, NULL, '2019-04-21 11:35:56', 'system', '2019-04-21 11:35:56', 'system', 1);
INSERT INTO `sb_busposition` VALUES (842, '20190421', '2019-04-22 03:35:56', 120.819863, 30.181112, 0, 0, NULL, NULL, NULL, NULL, '2019-04-21 11:35:56', 'system', '2019-04-21 11:35:56', 'system', 1);
INSERT INTO `sb_busposition` VALUES (843, '20190421', '2019-04-22 03:35:57', 120.819938, 30.181112, 0, 0, NULL, NULL, NULL, NULL, '2019-04-21 11:35:57', 'system', '2019-04-21 11:35:57', 'system', 1);
INSERT INTO `sb_busposition` VALUES (844, '20190421', '2019-04-22 03:35:57', 120.819938, 30.181112, 0, 0, NULL, NULL, NULL, NULL, '2019-04-21 11:35:57', 'system', '2019-04-21 11:35:57', 'system', 1);
INSERT INTO `sb_busposition` VALUES (845, '20190421', '2019-04-22 03:35:57', 120.819938, 30.181112, 0, 0, NULL, NULL, NULL, NULL, '2019-04-21 11:35:57', 'system', '2019-04-21 11:35:57', 'system', 1);
INSERT INTO `sb_busposition` VALUES (846, '20190421', '2019-04-22 03:35:58', 120.820014, 30.181113, 0, 0, NULL, NULL, NULL, NULL, '2019-04-21 11:35:58', 'system', '2019-04-21 11:35:58', 'system', 1);
INSERT INTO `sb_busposition` VALUES (847, '20190421', '2019-04-22 03:35:58', 120.820014, 30.181113, 0, 0, NULL, NULL, NULL, NULL, '2019-04-21 11:35:58', 'system', '2019-04-21 11:35:58', 'system', 1);
INSERT INTO `sb_busposition` VALUES (848, '20190421', '2019-04-22 03:35:58', 120.820014, 30.181113, 0, 0, NULL, NULL, NULL, NULL, '2019-04-21 11:35:58', 'system', '2019-04-21 11:35:58', 'system', 1);
INSERT INTO `sb_busposition` VALUES (849, '20190421', '2019-04-22 03:35:59', 120.820087, 30.181118, 0, 0, NULL, NULL, NULL, NULL, '2019-04-21 11:35:59', 'system', '2019-04-21 11:35:59', 'system', 1);
INSERT INTO `sb_busposition` VALUES (850, '20190421', '2019-04-22 03:35:59', 120.820087, 30.181118, 0, 0, NULL, NULL, NULL, NULL, '2019-04-21 11:35:59', 'system', '2019-04-21 11:35:59', 'system', 1);
INSERT INTO `sb_busposition` VALUES (851, '20190421', '2019-04-22 03:35:59', 120.820087, 30.181118, 0, 0, NULL, NULL, NULL, NULL, '2019-04-21 11:35:59', 'system', '2019-04-21 11:35:59', 'system', 1);
INSERT INTO `sb_busposition` VALUES (852, '20190421', '2019-04-22 03:36:00', 120.820159, 30.181118, 0, 0, NULL, NULL, NULL, NULL, '2019-04-21 11:36:00', 'system', '2019-04-21 11:36:00', 'system', 1);
INSERT INTO `sb_busposition` VALUES (853, '20190421', '2019-04-22 03:36:00', 120.820159, 30.181118, 0, 0, NULL, NULL, NULL, NULL, '2019-04-21 11:36:00', 'system', '2019-04-21 11:36:00', 'system', 1);
INSERT INTO `sb_busposition` VALUES (854, '20190421', '2019-04-22 03:36:00', 120.820159, 30.181118, 0, 0, NULL, NULL, NULL, NULL, '2019-04-21 11:36:00', 'system', '2019-04-21 11:36:00', 'system', 1);
INSERT INTO `sb_busposition` VALUES (855, '20190421', '2019-04-22 03:36:01', 120.820233, 30.181115, 0, 0, NULL, NULL, NULL, NULL, '2019-04-21 11:36:01', 'system', '2019-04-21 11:36:01', 'system', 1);
INSERT INTO `sb_busposition` VALUES (856, '20190421', '2019-04-22 03:36:01', 120.820233, 30.181115, 0, 0, NULL, NULL, NULL, NULL, '2019-04-21 11:36:01', 'system', '2019-04-21 11:36:01', 'system', 1);
INSERT INTO `sb_busposition` VALUES (857, '20190421', '2019-04-22 03:36:01', 120.820233, 30.181115, 0, 0, NULL, NULL, NULL, NULL, '2019-04-21 11:36:01', 'system', '2019-04-21 11:36:01', 'system', 1);
INSERT INTO `sb_busposition` VALUES (858, '20190421', '2019-04-22 03:36:02', 120.820308, 30.181114, 0, 0, NULL, NULL, NULL, NULL, '2019-04-21 11:36:02', 'system', '2019-04-21 11:36:02', 'system', 1);
INSERT INTO `sb_busposition` VALUES (859, '20190421', '2019-04-22 03:36:02', 120.820308, 30.181114, 0, 0, NULL, NULL, NULL, NULL, '2019-04-21 11:36:02', 'system', '2019-04-21 11:36:02', 'system', 1);
INSERT INTO `sb_busposition` VALUES (860, '20190421', '2019-04-22 03:36:02', 120.820308, 30.181114, 0, 0, NULL, NULL, NULL, NULL, '2019-04-21 11:36:02', 'system', '2019-04-21 11:36:02', 'system', 1);
INSERT INTO `sb_busposition` VALUES (861, '20190421', '2019-04-22 03:36:03', 120.820384, 30.181116, 0, 0, NULL, NULL, NULL, NULL, '2019-04-21 11:36:03', 'system', '2019-04-21 11:36:03', 'system', 1);
INSERT INTO `sb_busposition` VALUES (862, '20190421', '2019-04-22 03:36:03', 120.820384, 30.181116, 0, 0, NULL, NULL, NULL, NULL, '2019-04-21 11:36:03', 'system', '2019-04-21 11:36:03', 'system', 1);
INSERT INTO `sb_busposition` VALUES (863, '20190421', '2019-04-22 03:36:03', 120.820384, 30.181116, 0, 0, NULL, NULL, NULL, NULL, '2019-04-21 11:36:03', 'system', '2019-04-21 11:36:03', 'system', 1);
INSERT INTO `sb_busposition` VALUES (864, '20190421', '2019-04-22 03:36:04', 120.820457, 30.18112, 0, 0, NULL, NULL, NULL, NULL, '2019-04-21 11:36:04', 'system', '2019-04-21 11:36:04', 'system', 1);
INSERT INTO `sb_busposition` VALUES (865, '20190421', '2019-04-22 03:36:04', 120.820457, 30.18112, 0, 0, NULL, NULL, NULL, NULL, '2019-04-21 11:36:04', 'system', '2019-04-21 11:36:04', 'system', 1);
INSERT INTO `sb_busposition` VALUES (866, '20190421', '2019-04-22 03:36:04', 120.820457, 30.18112, 0, 0, NULL, NULL, NULL, NULL, '2019-04-21 11:36:04', 'system', '2019-04-21 11:36:04', 'system', 1);
INSERT INTO `sb_busposition` VALUES (867, '20190421', '2019-04-22 03:36:05', 120.820528, 30.181124, 0, 0, NULL, NULL, NULL, NULL, '2019-04-21 11:36:05', 'system', '2019-04-21 11:36:05', 'system', 1);
INSERT INTO `sb_busposition` VALUES (868, '20190421', '2019-04-22 03:36:05', 120.820528, 30.181124, 0, 0, NULL, NULL, NULL, NULL, '2019-04-21 11:36:05', 'system', '2019-04-21 11:36:05', 'system', 1);
INSERT INTO `sb_busposition` VALUES (869, '20190421', '2019-04-22 03:36:05', 120.820528, 30.181124, 0, 0, NULL, NULL, NULL, NULL, '2019-04-21 11:36:05', 'system', '2019-04-21 11:36:05', 'system', 1);
INSERT INTO `sb_busposition` VALUES (870, '20190421', '2019-04-22 03:36:06', 120.8206, 30.181132, 0, 0, NULL, NULL, NULL, NULL, '2019-04-21 11:36:06', 'system', '2019-04-21 11:36:06', 'system', 1);
INSERT INTO `sb_busposition` VALUES (871, '20190421', '2019-04-22 03:36:06', 120.8206, 30.181132, 0, 0, NULL, NULL, NULL, NULL, '2019-04-21 11:36:06', 'system', '2019-04-21 11:36:06', 'system', 1);
INSERT INTO `sb_busposition` VALUES (872, '20190421', '2019-04-22 03:36:06', 120.8206, 30.181132, 0, 0, NULL, NULL, NULL, NULL, '2019-04-21 11:36:06', 'system', '2019-04-21 11:36:06', 'system', 1);
INSERT INTO `sb_busposition` VALUES (873, '20190421', '2019-04-22 03:36:07', 120.820668, 30.181135, 0, 0, NULL, NULL, NULL, NULL, '2019-04-21 11:36:07', 'system', '2019-04-21 11:36:07', 'system', 1);
INSERT INTO `sb_busposition` VALUES (874, '20190421', '2019-04-22 03:36:07', 120.820668, 30.181135, 0, 0, NULL, NULL, NULL, NULL, '2019-04-21 11:36:07', 'system', '2019-04-21 11:36:07', 'system', 1);
INSERT INTO `sb_busposition` VALUES (875, '20190421', '2019-04-22 03:36:07', 120.820668, 30.181135, 0, 0, NULL, NULL, NULL, NULL, '2019-04-21 11:36:07', 'system', '2019-04-21 11:36:07', 'system', 1);
INSERT INTO `sb_busposition` VALUES (876, '20190421', '2019-04-22 03:36:08', 120.820742, 30.181141, 0, 0, NULL, NULL, NULL, NULL, '2019-04-21 11:36:08', 'system', '2019-04-21 11:36:08', 'system', 1);
INSERT INTO `sb_busposition` VALUES (877, '20190421', '2019-04-22 03:36:08', 120.820742, 30.181141, 0, 0, NULL, NULL, NULL, NULL, '2019-04-21 11:36:08', 'system', '2019-04-21 11:36:08', 'system', 1);
INSERT INTO `sb_busposition` VALUES (878, '20190421', '2019-04-22 03:36:08', 120.820742, 30.181141, 0, 0, NULL, NULL, NULL, NULL, '2019-04-21 11:36:08', 'system', '2019-04-21 11:36:08', 'system', 1);
INSERT INTO `sb_busposition` VALUES (879, '20190421', '2019-04-22 03:36:09', 120.820808, 30.181146, 0, 0, NULL, NULL, NULL, NULL, '2019-04-21 11:36:09', 'system', '2019-04-21 11:36:09', 'system', 1);
INSERT INTO `sb_busposition` VALUES (880, '20190421', '2019-04-22 03:36:09', 120.820808, 30.181146, 0, 0, NULL, NULL, NULL, NULL, '2019-04-21 11:36:09', 'system', '2019-04-21 11:36:09', 'system', 1);
INSERT INTO `sb_busposition` VALUES (881, '20190421', '2019-04-22 03:36:09', 120.820808, 30.181146, 0, 0, NULL, NULL, NULL, NULL, '2019-04-21 11:36:09', 'system', '2019-04-21 11:36:09', 'system', 1);
INSERT INTO `sb_busposition` VALUES (882, '20190421', '2019-04-22 03:36:10', 120.820872, 30.181151, 0, 0, NULL, NULL, NULL, NULL, '2019-04-21 11:36:10', 'system', '2019-04-21 11:36:10', 'system', 1);
INSERT INTO `sb_busposition` VALUES (883, '20190421', '2019-04-22 03:36:10', 120.820872, 30.181151, 0, 0, NULL, NULL, NULL, NULL, '2019-04-21 11:36:10', 'system', '2019-04-21 11:36:10', 'system', 1);
INSERT INTO `sb_busposition` VALUES (884, '20190421', '2019-04-22 03:36:10', 120.820872, 30.181151, 0, 0, NULL, NULL, NULL, NULL, '2019-04-21 11:36:10', 'system', '2019-04-21 11:36:10', 'system', 1);
INSERT INTO `sb_busposition` VALUES (885, '20190421', '2019-04-22 03:36:11', 120.820926, 30.181156, 0, 0, NULL, NULL, NULL, NULL, '2019-04-21 11:36:11', 'system', '2019-04-21 11:36:11', 'system', 1);
INSERT INTO `sb_busposition` VALUES (886, '20190421', '2019-04-22 03:36:11', 120.820926, 30.181156, 0, 0, NULL, NULL, NULL, NULL, '2019-04-21 11:36:11', 'system', '2019-04-21 11:36:11', 'system', 1);
INSERT INTO `sb_busposition` VALUES (887, '20190421', '2019-04-22 03:36:11', 120.820926, 30.181156, 0, 0, NULL, NULL, NULL, NULL, '2019-04-21 11:36:11', 'system', '2019-04-21 11:36:11', 'system', 1);
INSERT INTO `sb_busposition` VALUES (888, '20190421', '2019-04-22 03:36:12', 120.820974, 30.18116, 0, 0, NULL, NULL, NULL, NULL, '2019-04-21 11:36:12', 'system', '2019-04-21 11:36:12', 'system', 1);
INSERT INTO `sb_busposition` VALUES (889, '20190421', '2019-04-22 03:36:12', 120.820974, 30.18116, 0, 0, NULL, NULL, NULL, NULL, '2019-04-21 11:36:12', 'system', '2019-04-21 11:36:12', 'system', 1);
INSERT INTO `sb_busposition` VALUES (890, '20190421', '2019-04-22 03:36:12', 120.820974, 30.18116, 0, 0, NULL, NULL, NULL, NULL, '2019-04-21 11:36:12', 'system', '2019-04-21 11:36:12', 'system', 1);
INSERT INTO `sb_busposition` VALUES (891, '20190421', '2019-04-22 03:36:13', 120.821021, 30.181164, 0, 0, NULL, NULL, NULL, NULL, '2019-04-21 11:36:13', 'system', '2019-04-21 11:36:13', 'system', 1);
INSERT INTO `sb_busposition` VALUES (892, '20190421', '2019-04-22 03:36:13', 120.821021, 30.181164, 0, 0, NULL, NULL, NULL, NULL, '2019-04-21 11:36:13', 'system', '2019-04-21 11:36:13', 'system', 1);
INSERT INTO `sb_busposition` VALUES (893, '20190421', '2019-04-22 03:36:13', 120.821021, 30.181164, 0, 0, NULL, NULL, NULL, NULL, '2019-04-21 11:36:13', 'system', '2019-04-21 11:36:13', 'system', 1);
INSERT INTO `sb_busposition` VALUES (894, '20190421', '2019-04-22 03:36:14', 120.821066, 30.181167, 0, 0, NULL, NULL, NULL, NULL, '2019-04-21 11:36:14', 'system', '2019-04-21 11:36:14', 'system', 1);
INSERT INTO `sb_busposition` VALUES (895, '20190421', '2019-04-22 03:36:14', 120.821066, 30.181167, 0, 0, NULL, NULL, NULL, NULL, '2019-04-21 11:36:14', 'system', '2019-04-21 11:36:14', 'system', 1);
INSERT INTO `sb_busposition` VALUES (896, '20190421', '2019-04-22 03:36:14', 120.821066, 30.181167, 0, 0, NULL, NULL, NULL, NULL, '2019-04-21 11:36:14', 'system', '2019-04-21 11:36:14', 'system', 1);
INSERT INTO `sb_busposition` VALUES (897, '20190421', '2019-04-22 03:36:15', 120.821103, 30.18117, 0, 0, NULL, NULL, NULL, NULL, '2019-04-21 11:36:15', 'system', '2019-04-21 11:36:15', 'system', 1);
INSERT INTO `sb_busposition` VALUES (898, '20190421', '2019-04-22 03:36:15', 120.821103, 30.18117, 0, 0, NULL, NULL, NULL, NULL, '2019-04-21 11:36:15', 'system', '2019-04-21 11:36:15', 'system', 1);
INSERT INTO `sb_busposition` VALUES (899, '20190421', '2019-04-22 03:36:15', 120.821103, 30.18117, 0, 0, NULL, NULL, NULL, NULL, '2019-04-21 11:36:15', 'system', '2019-04-21 11:36:15', 'system', 1);
INSERT INTO `sb_busposition` VALUES (900, '20190421', '2019-04-22 03:36:16', 120.821149, 30.181188, 0, 0, NULL, NULL, NULL, NULL, '2019-04-21 11:36:16', 'system', '2019-04-21 11:36:16', 'system', 1);
INSERT INTO `sb_busposition` VALUES (901, '20190421', '2019-04-22 03:36:16', 120.821149, 30.181188, 0, 0, NULL, NULL, NULL, NULL, '2019-04-21 11:36:16', 'system', '2019-04-21 11:36:16', 'system', 1);
INSERT INTO `sb_busposition` VALUES (902, '20190421', '2019-04-22 03:36:16', 120.821149, 30.181188, 0, 0, NULL, NULL, NULL, NULL, '2019-04-21 11:36:16', 'system', '2019-04-21 11:36:16', 'system', 1);
INSERT INTO `sb_busposition` VALUES (903, '20190421', '2019-04-22 03:36:17', 120.821188, 30.181213, 0, 0, NULL, NULL, NULL, NULL, '2019-04-21 11:36:17', 'system', '2019-04-21 11:36:17', 'system', 1);
INSERT INTO `sb_busposition` VALUES (904, '20190421', '2019-04-22 03:36:17', 120.821188, 30.181213, 0, 0, NULL, NULL, NULL, NULL, '2019-04-21 11:36:17', 'system', '2019-04-21 11:36:17', 'system', 1);
INSERT INTO `sb_busposition` VALUES (905, '20190421', '2019-04-22 03:36:17', 120.821188, 30.181213, 0, 0, NULL, NULL, NULL, NULL, '2019-04-21 11:36:17', 'system', '2019-04-21 11:36:17', 'system', 1);
INSERT INTO `sb_busposition` VALUES (906, '20190421', '2019-04-22 03:36:18', 120.821201, 30.181229, 0, 0, NULL, NULL, NULL, NULL, '2019-04-21 11:36:18', 'system', '2019-04-21 11:36:18', 'system', 1);
INSERT INTO `sb_busposition` VALUES (907, '20190421', '2019-04-22 03:36:18', 120.821201, 30.181229, 0, 0, NULL, NULL, NULL, NULL, '2019-04-21 11:36:18', 'system', '2019-04-21 11:36:18', 'system', 1);
INSERT INTO `sb_busposition` VALUES (908, '20190421', '2019-04-22 03:36:18', 120.821201, 30.181229, 0, 0, NULL, NULL, NULL, NULL, '2019-04-21 11:36:18', 'system', '2019-04-21 11:36:18', 'system', 1);
INSERT INTO `sb_busposition` VALUES (909, '20190421', '2019-04-22 03:36:19', 120.821217, 30.181318, 0, 0, NULL, NULL, NULL, NULL, '2019-04-21 11:36:19', 'system', '2019-04-21 11:36:19', 'system', 1);
INSERT INTO `sb_busposition` VALUES (910, '20190421', '2019-04-22 03:36:19', 120.821217, 30.181318, 0, 0, NULL, NULL, NULL, NULL, '2019-04-21 11:36:19', 'system', '2019-04-21 11:36:19', 'system', 1);
INSERT INTO `sb_busposition` VALUES (911, '20190421', '2019-04-22 03:36:19', 120.821217, 30.181318, 0, 0, NULL, NULL, NULL, NULL, '2019-04-21 11:36:19', 'system', '2019-04-21 11:36:19', 'system', 1);
INSERT INTO `sb_busposition` VALUES (912, '20190421', '2019-04-22 03:36:20', 120.821226, 30.181372, 0, 0, NULL, NULL, NULL, NULL, '2019-04-21 11:36:20', 'system', '2019-04-21 11:36:20', 'system', 1);
INSERT INTO `sb_busposition` VALUES (913, '20190421', '2019-04-22 03:36:20', 120.821226, 30.181372, 0, 0, NULL, NULL, NULL, NULL, '2019-04-21 11:36:20', 'system', '2019-04-21 11:36:20', 'system', 1);
INSERT INTO `sb_busposition` VALUES (914, '20190421', '2019-04-22 03:36:20', 120.821226, 30.181372, 0, 0, NULL, NULL, NULL, NULL, '2019-04-21 11:36:20', 'system', '2019-04-21 11:36:20', 'system', 1);
INSERT INTO `sb_busposition` VALUES (915, '20190421', '2019-04-22 03:36:21', 120.821237, 30.181419, 0, 0, NULL, NULL, NULL, NULL, '2019-04-21 11:36:21', 'system', '2019-04-21 11:36:21', 'system', 1);
INSERT INTO `sb_busposition` VALUES (916, '20190421', '2019-04-22 03:36:21', 120.821237, 30.181419, 0, 0, NULL, NULL, NULL, NULL, '2019-04-21 11:36:21', 'system', '2019-04-21 11:36:21', 'system', 1);
INSERT INTO `sb_busposition` VALUES (917, '20190421', '2019-04-22 03:36:21', 120.821237, 30.181419, 0, 0, NULL, NULL, NULL, NULL, '2019-04-21 11:36:21', 'system', '2019-04-21 11:36:21', 'system', 1);
INSERT INTO `sb_busposition` VALUES (918, '20190421', '2019-04-22 03:36:22', 120.821275, 30.181472, 0, 0, NULL, NULL, NULL, NULL, '2019-04-21 11:36:22', 'system', '2019-04-21 11:36:22', 'system', 1);
INSERT INTO `sb_busposition` VALUES (919, '20190421', '2019-04-22 03:36:22', 120.821275, 30.181472, 0, 0, NULL, NULL, NULL, NULL, '2019-04-21 11:36:22', 'system', '2019-04-21 11:36:22', 'system', 1);
INSERT INTO `sb_busposition` VALUES (920, '20190421', '2019-04-22 03:36:22', 120.821275, 30.181472, 0, 0, NULL, NULL, NULL, NULL, '2019-04-21 11:36:22', 'system', '2019-04-21 11:36:22', 'system', 1);
INSERT INTO `sb_busposition` VALUES (921, '20190421', '2019-04-22 03:36:23', 120.821298, 30.181518, 0, 0, NULL, NULL, NULL, NULL, '2019-04-21 11:36:23', 'system', '2019-04-21 11:36:23', 'system', 1);
INSERT INTO `sb_busposition` VALUES (922, '20190421', '2019-04-22 03:36:23', 120.821298, 30.181518, 0, 0, NULL, NULL, NULL, NULL, '2019-04-21 11:36:23', 'system', '2019-04-21 11:36:23', 'system', 1);
INSERT INTO `sb_busposition` VALUES (923, '20190421', '2019-04-22 03:36:23', 120.821298, 30.181518, 0, 0, NULL, NULL, NULL, NULL, '2019-04-21 11:36:23', 'system', '2019-04-21 11:36:23', 'system', 1);
INSERT INTO `sb_busposition` VALUES (924, '20190421', '2019-04-22 03:36:24', 120.821316, 30.18156, 0, 0, NULL, NULL, NULL, NULL, '2019-04-21 11:36:24', 'system', '2019-04-21 11:36:24', 'system', 1);
INSERT INTO `sb_busposition` VALUES (925, '20190421', '2019-04-22 03:36:24', 120.821316, 30.18156, 0, 0, NULL, NULL, NULL, NULL, '2019-04-21 11:36:24', 'system', '2019-04-21 11:36:24', 'system', 1);
INSERT INTO `sb_busposition` VALUES (926, '20190421', '2019-04-22 03:36:24', 120.821316, 30.18156, 0, 0, NULL, NULL, NULL, NULL, '2019-04-21 11:36:24', 'system', '2019-04-21 11:36:24', 'system', 1);
INSERT INTO `sb_busposition` VALUES (927, '20190421', '2019-04-22 03:36:25', 120.82135, 30.181599, 0, 0, NULL, NULL, NULL, NULL, '2019-04-21 11:36:25', 'system', '2019-04-21 11:36:25', 'system', 1);
INSERT INTO `sb_busposition` VALUES (928, '20190421', '2019-04-22 03:36:25', 120.82135, 30.181599, 0, 0, NULL, NULL, NULL, NULL, '2019-04-21 11:36:25', 'system', '2019-04-21 11:36:25', 'system', 1);
INSERT INTO `sb_busposition` VALUES (929, '20190421', '2019-04-22 03:36:25', 120.82135, 30.181599, 0, 0, NULL, NULL, NULL, NULL, '2019-04-21 11:36:25', 'system', '2019-04-21 11:36:25', 'system', 1);
INSERT INTO `sb_busposition` VALUES (930, '20190421', '2019-04-22 03:36:26', 120.821381, 30.18164, 0, 0, NULL, NULL, NULL, NULL, '2019-04-21 11:36:26', 'system', '2019-04-21 11:36:26', 'system', 1);
INSERT INTO `sb_busposition` VALUES (931, '20190421', '2019-04-22 03:36:26', 120.821381, 30.18164, 0, 0, NULL, NULL, NULL, NULL, '2019-04-21 11:36:26', 'system', '2019-04-21 11:36:26', 'system', 1);
INSERT INTO `sb_busposition` VALUES (932, '20190421', '2019-04-22 03:36:26', 120.821381, 30.18164, 0, 0, NULL, NULL, NULL, NULL, '2019-04-21 11:36:26', 'system', '2019-04-21 11:36:26', 'system', 1);
INSERT INTO `sb_busposition` VALUES (933, '20190421', '2019-04-22 03:36:27', 120.821387, 30.181675, 0, 0, NULL, NULL, NULL, NULL, '2019-04-21 11:36:27', 'system', '2019-04-21 11:36:27', 'system', 1);
INSERT INTO `sb_busposition` VALUES (934, '20190421', '2019-04-22 03:36:27', 120.821387, 30.181675, 0, 0, NULL, NULL, NULL, NULL, '2019-04-21 11:36:27', 'system', '2019-04-21 11:36:27', 'system', 1);
INSERT INTO `sb_busposition` VALUES (935, '20190421', '2019-04-22 03:36:27', 120.821387, 30.181675, 0, 0, NULL, NULL, NULL, NULL, '2019-04-21 11:36:27', 'system', '2019-04-21 11:36:27', 'system', 1);
INSERT INTO `sb_busposition` VALUES (936, '20190421', '2019-04-22 03:36:28', 120.821407, 30.181712, 0, 0, NULL, NULL, NULL, NULL, '2019-04-21 11:36:28', 'system', '2019-04-21 11:36:28', 'system', 1);
INSERT INTO `sb_busposition` VALUES (937, '20190421', '2019-04-22 03:36:28', 120.821407, 30.181712, 0, 0, NULL, NULL, NULL, NULL, '2019-04-21 11:36:28', 'system', '2019-04-21 11:36:28', 'system', 1);
INSERT INTO `sb_busposition` VALUES (938, '20190421', '2019-04-22 03:36:28', 120.821407, 30.181712, 0, 0, NULL, NULL, NULL, NULL, '2019-04-21 11:36:28', 'system', '2019-04-21 11:36:28', 'system', 1);
INSERT INTO `sb_busposition` VALUES (939, '20190421', '2019-04-22 03:36:29', 120.821394, 30.181772, 0, 0, NULL, NULL, NULL, NULL, '2019-04-21 11:36:29', 'system', '2019-04-21 11:36:29', 'system', 1);
INSERT INTO `sb_busposition` VALUES (940, '20190421', '2019-04-22 03:36:29', 120.821394, 30.181772, 0, 0, NULL, NULL, NULL, NULL, '2019-04-21 11:36:29', 'system', '2019-04-21 11:36:29', 'system', 1);
INSERT INTO `sb_busposition` VALUES (941, '20190421', '2019-04-22 03:36:29', 120.821394, 30.181772, 0, 0, NULL, NULL, NULL, NULL, '2019-04-21 11:36:29', 'system', '2019-04-21 11:36:29', 'system', 1);
INSERT INTO `sb_busposition` VALUES (942, '20190421', '2019-04-22 03:36:30', 120.821395, 30.181781, 0, 0, NULL, NULL, NULL, NULL, '2019-04-21 11:36:30', 'system', '2019-04-21 11:36:30', 'system', 1);
INSERT INTO `sb_busposition` VALUES (943, '20190421', '2019-04-22 03:36:30', 120.821395, 30.181781, 0, 0, NULL, NULL, NULL, NULL, '2019-04-21 11:36:30', 'system', '2019-04-21 11:36:30', 'system', 1);
INSERT INTO `sb_busposition` VALUES (944, '20190421', '2019-04-22 03:36:30', 120.821395, 30.181781, 0, 0, NULL, NULL, NULL, NULL, '2019-04-21 11:36:30', 'system', '2019-04-21 11:36:30', 'system', 1);
INSERT INTO `sb_busposition` VALUES (945, '20190421', '2019-04-22 03:36:31', 120.821398, 30.181819, 0, 0, NULL, NULL, NULL, NULL, '2019-04-21 11:36:31', 'system', '2019-04-21 11:36:31', 'system', 1);
INSERT INTO `sb_busposition` VALUES (946, '20190421', '2019-04-22 03:36:31', 120.821398, 30.181819, 0, 0, NULL, NULL, NULL, NULL, '2019-04-21 11:36:31', 'system', '2019-04-21 11:36:31', 'system', 1);
INSERT INTO `sb_busposition` VALUES (947, '20190421', '2019-04-22 03:36:31', 120.821398, 30.181819, 0, 0, NULL, NULL, NULL, NULL, '2019-04-21 11:36:31', 'system', '2019-04-21 11:36:31', 'system', 1);
INSERT INTO `sb_busposition` VALUES (948, '20190421', '2019-04-22 03:36:32', 120.821401, 30.181845, 0, 0, NULL, NULL, NULL, NULL, '2019-04-21 11:36:32', 'system', '2019-04-21 11:36:32', 'system', 1);
INSERT INTO `sb_busposition` VALUES (949, '20190421', '2019-04-22 03:36:32', 120.821401, 30.181845, 0, 0, NULL, NULL, NULL, NULL, '2019-04-21 11:36:32', 'system', '2019-04-21 11:36:32', 'system', 1);
INSERT INTO `sb_busposition` VALUES (950, '20190421', '2019-04-22 03:36:32', 120.821401, 30.181845, 0, 0, NULL, NULL, NULL, NULL, '2019-04-21 11:36:32', 'system', '2019-04-21 11:36:32', 'system', 1);
INSERT INTO `sb_busposition` VALUES (951, '20190421', '2019-04-22 03:36:33', 120.821403, 30.18187, 0, 0, NULL, NULL, NULL, NULL, '2019-04-21 11:36:33', 'system', '2019-04-21 11:36:33', 'system', 1);
INSERT INTO `sb_busposition` VALUES (952, '20190421', '2019-04-22 03:36:33', 120.821403, 30.18187, 0, 0, NULL, NULL, NULL, NULL, '2019-04-21 11:36:33', 'system', '2019-04-21 11:36:33', 'system', 1);
INSERT INTO `sb_busposition` VALUES (953, '20190421', '2019-04-22 03:36:33', 120.821403, 30.18187, 0, 0, NULL, NULL, NULL, NULL, '2019-04-21 11:36:33', 'system', '2019-04-21 11:36:33', 'system', 1);
INSERT INTO `sb_busposition` VALUES (954, '20190421', '2019-04-22 03:36:34', 120.821405, 30.181891, 0, 0, NULL, NULL, NULL, NULL, '2019-04-21 11:36:34', 'system', '2019-04-21 11:36:34', 'system', 1);
INSERT INTO `sb_busposition` VALUES (955, '20190421', '2019-04-22 03:36:34', 120.821405, 30.181891, 0, 0, NULL, NULL, NULL, NULL, '2019-04-21 11:36:34', 'system', '2019-04-21 11:36:34', 'system', 1);
INSERT INTO `sb_busposition` VALUES (956, '20190421', '2019-04-22 03:36:34', 120.821405, 30.181891, 0, 0, NULL, NULL, NULL, NULL, '2019-04-21 11:36:34', 'system', '2019-04-21 11:36:34', 'system', 1);
INSERT INTO `sb_busposition` VALUES (957, '20190421', '2019-04-22 03:36:35', 120.821405, 30.181889, 0, 0, NULL, NULL, NULL, NULL, '2019-04-21 11:36:35', 'system', '2019-04-21 11:36:35', 'system', 1);
INSERT INTO `sb_busposition` VALUES (958, '20190421', '2019-04-22 03:36:35', 120.821405, 30.181889, 0, 0, NULL, NULL, NULL, NULL, '2019-04-21 11:36:35', 'system', '2019-04-21 11:36:35', 'system', 1);
INSERT INTO `sb_busposition` VALUES (959, '20190421', '2019-04-22 03:36:35', 120.821405, 30.181889, 0, 0, NULL, NULL, NULL, NULL, '2019-04-21 11:36:35', 'system', '2019-04-21 11:36:35', 'system', 1);
INSERT INTO `sb_busposition` VALUES (960, '20190421', '2019-04-22 03:36:36', 120.821413, 30.181974, 0, 0, NULL, NULL, NULL, NULL, '2019-04-21 11:36:36', 'system', '2019-04-21 11:36:36', 'system', 1);
INSERT INTO `sb_busposition` VALUES (961, '20190421', '2019-04-22 03:36:36', 120.821413, 30.181974, 0, 0, NULL, NULL, NULL, NULL, '2019-04-21 11:36:36', 'system', '2019-04-21 11:36:36', 'system', 1);
INSERT INTO `sb_busposition` VALUES (962, '20190421', '2019-04-22 03:36:36', 120.821413, 30.181974, 0, 0, NULL, NULL, NULL, NULL, '2019-04-21 11:36:36', 'system', '2019-04-21 11:36:36', 'system', 1);
INSERT INTO `sb_busposition` VALUES (963, '20190421', '2019-04-22 03:36:37', 120.821416, 30.182, 0, 0, NULL, NULL, NULL, NULL, '2019-04-21 11:36:37', 'system', '2019-04-21 11:36:37', 'system', 1);
INSERT INTO `sb_busposition` VALUES (964, '20190421', '2019-04-22 03:36:37', 120.821416, 30.182, 0, 0, NULL, NULL, NULL, NULL, '2019-04-21 11:36:37', 'system', '2019-04-21 11:36:37', 'system', 1);
INSERT INTO `sb_busposition` VALUES (965, '20190421', '2019-04-22 03:36:37', 120.821416, 30.182, 0, 0, NULL, NULL, NULL, NULL, '2019-04-21 11:36:37', 'system', '2019-04-21 11:36:37', 'system', 1);
INSERT INTO `sb_busposition` VALUES (966, '20190421', '2019-04-22 03:36:38', 120.82142, 30.182039, 0, 0, NULL, NULL, NULL, NULL, '2019-04-21 11:36:38', 'system', '2019-04-21 11:36:38', 'system', 1);
INSERT INTO `sb_busposition` VALUES (967, '20190421', '2019-04-22 03:36:38', 120.82142, 30.182039, 0, 0, NULL, NULL, NULL, NULL, '2019-04-21 11:36:38', 'system', '2019-04-21 11:36:38', 'system', 1);
INSERT INTO `sb_busposition` VALUES (968, '20190421', '2019-04-22 03:36:38', 120.82142, 30.182039, 0, 0, NULL, NULL, NULL, NULL, '2019-04-21 11:36:38', 'system', '2019-04-21 11:36:38', 'system', 1);
INSERT INTO `sb_busposition` VALUES (969, '20190421', '2019-04-22 03:36:39', 120.821424, 30.182082, 0, 0, NULL, NULL, NULL, NULL, '2019-04-21 11:36:39', 'system', '2019-04-21 11:36:39', 'system', 1);
INSERT INTO `sb_busposition` VALUES (970, '20190421', '2019-04-22 03:36:39', 120.821424, 30.182082, 0, 0, NULL, NULL, NULL, NULL, '2019-04-21 11:36:39', 'system', '2019-04-21 11:36:39', 'system', 1);
INSERT INTO `sb_busposition` VALUES (971, '20190421', '2019-04-22 03:36:39', 120.821424, 30.182082, 0, 0, NULL, NULL, NULL, NULL, '2019-04-21 11:36:39', 'system', '2019-04-21 11:36:39', 'system', 1);
INSERT INTO `sb_busposition` VALUES (972, '20190421', '2019-04-22 03:36:40', 120.821427, 30.182118, 0, 0, NULL, NULL, NULL, NULL, '2019-04-21 11:36:40', 'system', '2019-04-21 11:36:40', 'system', 1);
INSERT INTO `sb_busposition` VALUES (973, '20190421', '2019-04-22 03:36:40', 120.821427, 30.182118, 0, 0, NULL, NULL, NULL, NULL, '2019-04-21 11:36:40', 'system', '2019-04-21 11:36:40', 'system', 1);
INSERT INTO `sb_busposition` VALUES (974, '20190421', '2019-04-22 03:36:40', 120.821427, 30.182118, 0, 0, NULL, NULL, NULL, NULL, '2019-04-21 11:36:40', 'system', '2019-04-21 11:36:40', 'system', 1);
INSERT INTO `sb_busposition` VALUES (975, '20190421', '2019-04-22 03:36:41', 120.821428, 30.182122, 0, 0, NULL, NULL, NULL, NULL, '2019-04-21 11:36:41', 'system', '2019-04-21 11:36:41', 'system', 1);
INSERT INTO `sb_busposition` VALUES (976, '20190421', '2019-04-22 03:36:41', 120.821428, 30.182122, 0, 0, NULL, NULL, NULL, NULL, '2019-04-21 11:36:41', 'system', '2019-04-21 11:36:41', 'system', 1);
INSERT INTO `sb_busposition` VALUES (977, '20190421', '2019-04-22 03:36:41', 120.821428, 30.182122, 0, 0, NULL, NULL, NULL, NULL, '2019-04-21 11:36:41', 'system', '2019-04-21 11:36:41', 'system', 1);
INSERT INTO `sb_busposition` VALUES (978, '20190421', '2019-04-22 03:36:42', 120.821439, 30.182223, 0, 0, NULL, NULL, NULL, NULL, '2019-04-21 11:36:42', 'system', '2019-04-21 11:36:42', 'system', 1);
INSERT INTO `sb_busposition` VALUES (979, '20190421', '2019-04-22 03:36:42', 120.821439, 30.182223, 0, 0, NULL, NULL, NULL, NULL, '2019-04-21 11:36:42', 'system', '2019-04-21 11:36:42', 'system', 1);
INSERT INTO `sb_busposition` VALUES (980, '20190421', '2019-04-22 03:36:42', 120.821439, 30.182223, 0, 0, NULL, NULL, NULL, NULL, '2019-04-21 11:36:42', 'system', '2019-04-21 11:36:42', 'system', 1);
INSERT INTO `sb_busposition` VALUES (981, '20190421', '2019-04-22 03:36:43', 120.821445, 30.182273, 0, 0, NULL, NULL, NULL, NULL, '2019-04-21 11:36:43', 'system', '2019-04-21 11:36:43', 'system', 1);
INSERT INTO `sb_busposition` VALUES (982, '20190421', '2019-04-22 03:36:43', 120.821445, 30.182273, 0, 0, NULL, NULL, NULL, NULL, '2019-04-21 11:36:43', 'system', '2019-04-21 11:36:43', 'system', 1);
INSERT INTO `sb_busposition` VALUES (983, '20190421', '2019-04-22 03:36:43', 120.821445, 30.182273, 0, 0, NULL, NULL, NULL, NULL, '2019-04-21 11:36:43', 'system', '2019-04-21 11:36:43', 'system', 1);
INSERT INTO `sb_busposition` VALUES (984, '20190421', '2019-04-22 03:36:44', 120.821451, 30.182325, 0, 0, NULL, NULL, NULL, NULL, '2019-04-21 11:36:44', 'system', '2019-04-21 11:36:44', 'system', 1);
INSERT INTO `sb_busposition` VALUES (985, '20190421', '2019-04-22 03:36:44', 120.821451, 30.182325, 0, 0, NULL, NULL, NULL, NULL, '2019-04-21 11:36:44', 'system', '2019-04-21 11:36:44', 'system', 1);
INSERT INTO `sb_busposition` VALUES (986, '20190421', '2019-04-22 03:36:44', 120.821451, 30.182325, 0, 0, NULL, NULL, NULL, NULL, '2019-04-21 11:36:44', 'system', '2019-04-21 11:36:44', 'system', 1);
INSERT INTO `sb_busposition` VALUES (987, '20190421', '2019-04-22 03:36:45', 120.821457, 30.182377, 0, 0, NULL, NULL, NULL, NULL, '2019-04-21 11:36:45', 'system', '2019-04-21 11:36:45', 'system', 1);
INSERT INTO `sb_busposition` VALUES (988, '20190421', '2019-04-22 03:36:45', 120.821457, 30.182377, 0, 0, NULL, NULL, NULL, NULL, '2019-04-21 11:36:45', 'system', '2019-04-21 11:36:45', 'system', 1);
INSERT INTO `sb_busposition` VALUES (989, '20190421', '2019-04-22 03:36:45', 120.821457, 30.182377, 0, 0, NULL, NULL, NULL, NULL, '2019-04-21 11:36:45', 'system', '2019-04-21 11:36:45', 'system', 1);
INSERT INTO `sb_busposition` VALUES (990, '20190421', '2019-04-22 03:36:46', 120.821462, 30.182421, 0, 0, NULL, NULL, NULL, NULL, '2019-04-21 11:36:46', 'system', '2019-04-21 11:36:46', 'system', 1);
INSERT INTO `sb_busposition` VALUES (991, '20190421', '2019-04-22 03:36:46', 120.821462, 30.182421, 0, 0, NULL, NULL, NULL, NULL, '2019-04-21 11:36:46', 'system', '2019-04-21 11:36:46', 'system', 1);
INSERT INTO `sb_busposition` VALUES (992, '20190421', '2019-04-22 03:36:46', 120.821462, 30.182421, 0, 0, NULL, NULL, NULL, NULL, '2019-04-21 11:36:46', 'system', '2019-04-21 11:36:46', 'system', 1);
INSERT INTO `sb_busposition` VALUES (993, '20190421', '2019-04-22 03:36:47', 120.821466, 30.182461, 0, 0, NULL, NULL, NULL, NULL, '2019-04-21 11:36:47', 'system', '2019-04-21 11:36:47', 'system', 1);
INSERT INTO `sb_busposition` VALUES (994, '20190421', '2019-04-22 03:36:47', 120.821466, 30.182461, 0, 0, NULL, NULL, NULL, NULL, '2019-04-21 11:36:47', 'system', '2019-04-21 11:36:47', 'system', 1);
INSERT INTO `sb_busposition` VALUES (995, '20190421', '2019-04-22 03:36:47', 120.821466, 30.182461, 0, 0, NULL, NULL, NULL, NULL, '2019-04-21 11:36:47', 'system', '2019-04-21 11:36:47', 'system', 1);
INSERT INTO `sb_busposition` VALUES (996, '20190421', '2019-04-22 03:36:48', 120.821471, 30.182501, 0, 0, NULL, NULL, NULL, NULL, '2019-04-21 11:36:48', 'system', '2019-04-21 11:36:48', 'system', 1);
INSERT INTO `sb_busposition` VALUES (997, '20190421', '2019-04-22 03:36:48', 120.821471, 30.182501, 0, 0, NULL, NULL, NULL, NULL, '2019-04-21 11:36:48', 'system', '2019-04-21 11:36:48', 'system', 1);
INSERT INTO `sb_busposition` VALUES (998, '20190421', '2019-04-22 03:36:48', 120.821471, 30.182501, 0, 0, NULL, NULL, NULL, NULL, '2019-04-21 11:36:48', 'system', '2019-04-21 11:36:48', 'system', 1);
INSERT INTO `sb_busposition` VALUES (999, '20190421', '2019-04-22 03:36:49', 120.821474, 30.182532, 0, 0, NULL, NULL, NULL, NULL, '2019-04-21 11:36:49', 'system', '2019-04-21 11:36:49', 'system', 1);
INSERT INTO `sb_busposition` VALUES (1000, '20190421', '2019-04-22 03:36:49', 120.821474, 30.182532, 0, 0, NULL, NULL, NULL, NULL, '2019-04-21 11:36:49', 'system', '2019-04-21 11:36:49', 'system', 1);
INSERT INTO `sb_busposition` VALUES (1001, '20190421', '2019-04-22 03:36:49', 120.821474, 30.182532, 0, 0, NULL, NULL, NULL, NULL, '2019-04-21 11:36:49', 'system', '2019-04-21 11:36:49', 'system', 1);
INSERT INTO `sb_busposition` VALUES (1002, '20190421', '2019-04-22 03:36:50', 120.821479, 30.182574, 0, 0, NULL, NULL, NULL, NULL, '2019-04-21 11:36:50', 'system', '2019-04-21 11:36:50', 'system', 1);
INSERT INTO `sb_busposition` VALUES (1003, '20190421', '2019-04-22 03:36:50', 120.821479, 30.182574, 0, 0, NULL, NULL, NULL, NULL, '2019-04-21 11:36:50', 'system', '2019-04-21 11:36:50', 'system', 1);
INSERT INTO `sb_busposition` VALUES (1004, '20190421', '2019-04-22 03:36:50', 120.821479, 30.182574, 0, 0, NULL, NULL, NULL, NULL, '2019-04-21 11:36:50', 'system', '2019-04-21 11:36:50', 'system', 1);
INSERT INTO `sb_busposition` VALUES (1005, '20190421', '2019-04-22 03:36:51', 120.821483, 30.182613, 0, 0, NULL, NULL, NULL, NULL, '2019-04-21 11:36:51', 'system', '2019-04-21 11:36:51', 'system', 1);
INSERT INTO `sb_busposition` VALUES (1006, '20190421', '2019-04-22 03:36:51', 120.821483, 30.182613, 0, 0, NULL, NULL, NULL, NULL, '2019-04-21 11:36:51', 'system', '2019-04-21 11:36:51', 'system', 1);
INSERT INTO `sb_busposition` VALUES (1007, '20190421', '2019-04-22 03:36:51', 120.821483, 30.182613, 0, 0, NULL, NULL, NULL, NULL, '2019-04-21 11:36:51', 'system', '2019-04-21 11:36:51', 'system', 1);
INSERT INTO `sb_busposition` VALUES (1008, '20190421', '2019-04-22 03:36:52', 120.821488, 30.182658, 0, 0, NULL, NULL, NULL, NULL, '2019-04-21 11:36:52', 'system', '2019-04-21 11:36:52', 'system', 1);
INSERT INTO `sb_busposition` VALUES (1009, '20190421', '2019-04-22 03:36:52', 120.821488, 30.182658, 0, 0, NULL, NULL, NULL, NULL, '2019-04-21 11:36:52', 'system', '2019-04-21 11:36:52', 'system', 1);
INSERT INTO `sb_busposition` VALUES (1010, '20190421', '2019-04-22 03:36:52', 120.821488, 30.182658, 0, 0, NULL, NULL, NULL, NULL, '2019-04-21 11:36:52', 'system', '2019-04-21 11:36:52', 'system', 1);
INSERT INTO `sb_busposition` VALUES (1011, '20190421', '2019-04-22 03:36:53', 120.82149, 30.182675, 0, 0, NULL, NULL, NULL, NULL, '2019-04-21 11:36:53', 'system', '2019-04-21 11:36:53', 'system', 1);
INSERT INTO `sb_busposition` VALUES (1012, '20190421', '2019-04-22 03:36:53', 120.82149, 30.182675, 0, 0, NULL, NULL, NULL, NULL, '2019-04-21 11:36:53', 'system', '2019-04-21 11:36:53', 'system', 1);
INSERT INTO `sb_busposition` VALUES (1013, '20190421', '2019-04-22 03:36:53', 120.82149, 30.182675, 0, 0, NULL, NULL, NULL, NULL, '2019-04-21 11:36:53', 'system', '2019-04-21 11:36:53', 'system', 1);
INSERT INTO `sb_busposition` VALUES (1014, '20190421', '2019-04-22 03:36:54', 120.821499, 30.182762, 0, 0, NULL, NULL, NULL, NULL, '2019-04-21 11:36:54', 'system', '2019-04-21 11:36:54', 'system', 1);
INSERT INTO `sb_busposition` VALUES (1015, '20190421', '2019-04-22 03:36:54', 120.821499, 30.182762, 0, 0, NULL, NULL, NULL, NULL, '2019-04-21 11:36:54', 'system', '2019-04-21 11:36:54', 'system', 1);
INSERT INTO `sb_busposition` VALUES (1016, '20190421', '2019-04-22 03:36:54', 120.821499, 30.182762, 0, 0, NULL, NULL, NULL, NULL, '2019-04-21 11:36:54', 'system', '2019-04-21 11:36:54', 'system', 1);
INSERT INTO `sb_busposition` VALUES (1017, '20190421', '2019-04-22 03:36:55', 120.821504, 30.182811, 0, 0, NULL, NULL, NULL, NULL, '2019-04-21 11:36:55', 'system', '2019-04-21 11:36:55', 'system', 1);
INSERT INTO `sb_busposition` VALUES (1018, '20190421', '2019-04-22 03:36:55', 120.821504, 30.182811, 0, 0, NULL, NULL, NULL, NULL, '2019-04-21 11:36:55', 'system', '2019-04-21 11:36:55', 'system', 1);
INSERT INTO `sb_busposition` VALUES (1019, '20190421', '2019-04-22 03:36:55', 120.821504, 30.182811, 0, 0, NULL, NULL, NULL, NULL, '2019-04-21 11:36:55', 'system', '2019-04-21 11:36:55', 'system', 1);
INSERT INTO `sb_busposition` VALUES (1020, '20190421', '2019-04-22 03:36:56', 120.821509, 30.182862, 0, 0, NULL, NULL, NULL, NULL, '2019-04-21 11:36:56', 'system', '2019-04-21 11:36:56', 'system', 1);
INSERT INTO `sb_busposition` VALUES (1021, '20190421', '2019-04-22 03:36:56', 120.821509, 30.182862, 0, 0, NULL, NULL, NULL, NULL, '2019-04-21 11:36:56', 'system', '2019-04-21 11:36:56', 'system', 1);
INSERT INTO `sb_busposition` VALUES (1022, '20190421', '2019-04-22 03:36:56', 120.821509, 30.182862, 0, 0, NULL, NULL, NULL, NULL, '2019-04-21 11:36:56', 'system', '2019-04-21 11:36:56', 'system', 1);
INSERT INTO `sb_busposition` VALUES (1023, '20190421', '2019-04-22 03:36:57', 120.821514, 30.182914, 0, 0, NULL, NULL, NULL, NULL, '2019-04-21 11:36:57', 'system', '2019-04-21 11:36:57', 'system', 1);
INSERT INTO `sb_busposition` VALUES (1024, '20190421', '2019-04-22 03:36:57', 120.821514, 30.182914, 0, 0, NULL, NULL, NULL, NULL, '2019-04-21 11:36:57', 'system', '2019-04-21 11:36:57', 'system', 1);
INSERT INTO `sb_busposition` VALUES (1025, '20190421', '2019-04-22 03:36:57', 120.821514, 30.182914, 0, 0, NULL, NULL, NULL, NULL, '2019-04-21 11:36:57', 'system', '2019-04-21 11:36:57', 'system', 1);
INSERT INTO `sb_busposition` VALUES (1026, '20190421', '2019-04-22 03:36:58', 120.821519, 30.182971, 0, 0, NULL, NULL, NULL, NULL, '2019-04-21 11:36:58', 'system', '2019-04-21 11:36:58', 'system', 1);
INSERT INTO `sb_busposition` VALUES (1027, '20190421', '2019-04-22 03:36:58', 120.821519, 30.182971, 0, 0, NULL, NULL, NULL, NULL, '2019-04-21 11:36:58', 'system', '2019-04-21 11:36:58', 'system', 1);
INSERT INTO `sb_busposition` VALUES (1028, '20190421', '2019-04-22 03:36:58', 120.821519, 30.182971, 0, 0, NULL, NULL, NULL, NULL, '2019-04-21 11:36:58', 'system', '2019-04-21 11:36:58', 'system', 1);
INSERT INTO `sb_busposition` VALUES (1029, '20190421', '2019-04-22 03:36:59', 120.821525, 30.183032, 0, 0, NULL, NULL, NULL, NULL, '2019-04-21 11:36:59', 'system', '2019-04-21 11:36:59', 'system', 1);
INSERT INTO `sb_busposition` VALUES (1030, '20190421', '2019-04-22 03:36:59', 120.821525, 30.183032, 0, 0, NULL, NULL, NULL, NULL, '2019-04-21 11:36:59', 'system', '2019-04-21 11:36:59', 'system', 1);
INSERT INTO `sb_busposition` VALUES (1031, '20190421', '2019-04-22 03:36:59', 120.821525, 30.183032, 0, 0, NULL, NULL, NULL, NULL, '2019-04-21 11:36:59', 'system', '2019-04-21 11:36:59', 'system', 1);
INSERT INTO `sb_busposition` VALUES (1032, '20190421', '2019-04-22 03:37:00', 120.82153, 30.183078, 0, 0, NULL, NULL, NULL, NULL, '2019-04-21 11:37:00', 'system', '2019-04-21 11:37:00', 'system', 1);
INSERT INTO `sb_busposition` VALUES (1033, '20190421', '2019-04-22 03:37:00', 120.82153, 30.183078, 0, 0, NULL, NULL, NULL, NULL, '2019-04-21 11:37:00', 'system', '2019-04-21 11:37:00', 'system', 1);
INSERT INTO `sb_busposition` VALUES (1034, '20190421', '2019-04-22 03:37:00', 120.82153, 30.183078, 0, 0, NULL, NULL, NULL, NULL, '2019-04-21 11:37:00', 'system', '2019-04-21 11:37:00', 'system', 1);
INSERT INTO `sb_busposition` VALUES (1035, '20190421', '2019-04-22 03:37:01', 120.821534, 30.183126, 0, 0, NULL, NULL, NULL, NULL, '2019-04-21 11:37:01', 'system', '2019-04-21 11:37:01', 'system', 1);
INSERT INTO `sb_busposition` VALUES (1036, '20190421', '2019-04-22 03:37:01', 120.821534, 30.183126, 0, 0, NULL, NULL, NULL, NULL, '2019-04-21 11:37:01', 'system', '2019-04-21 11:37:01', 'system', 1);
INSERT INTO `sb_busposition` VALUES (1037, '20190421', '2019-04-22 03:37:01', 120.821534, 30.183126, 0, 0, NULL, NULL, NULL, NULL, '2019-04-21 11:37:01', 'system', '2019-04-21 11:37:01', 'system', 1);
INSERT INTO `sb_busposition` VALUES (1038, '20190421', '2019-04-22 03:37:02', 120.821537, 30.183157, 0, 0, NULL, NULL, NULL, NULL, '2019-04-21 11:37:02', 'system', '2019-04-21 11:37:02', 'system', 1);
INSERT INTO `sb_busposition` VALUES (1039, '20190421', '2019-04-22 03:37:02', 120.821537, 30.183157, 0, 0, NULL, NULL, NULL, NULL, '2019-04-21 11:37:02', 'system', '2019-04-21 11:37:02', 'system', 1);
INSERT INTO `sb_busposition` VALUES (1040, '20190421', '2019-04-22 03:37:02', 120.821537, 30.183157, 0, 0, NULL, NULL, NULL, NULL, '2019-04-21 11:37:02', 'system', '2019-04-21 11:37:02', 'system', 1);
INSERT INTO `sb_busposition` VALUES (1041, '20190421', '2019-04-22 03:37:03', 120.821541, 30.183193, 0, 0, NULL, NULL, NULL, NULL, '2019-04-21 11:37:03', 'system', '2019-04-21 11:37:03', 'system', 1);
INSERT INTO `sb_busposition` VALUES (1042, '20190421', '2019-04-22 03:37:03', 120.821541, 30.183193, 0, 0, NULL, NULL, NULL, NULL, '2019-04-21 11:37:03', 'system', '2019-04-21 11:37:03', 'system', 1);
INSERT INTO `sb_busposition` VALUES (1043, '20190421', '2019-04-22 03:37:03', 120.821541, 30.183193, 0, 0, NULL, NULL, NULL, NULL, '2019-04-21 11:37:03', 'system', '2019-04-21 11:37:03', 'system', 1);
INSERT INTO `sb_busposition` VALUES (1044, '20190421', '2019-04-22 03:37:04', 120.821544, 30.183227, 0, 0, NULL, NULL, NULL, NULL, '2019-04-21 11:37:04', 'system', '2019-04-21 11:37:04', 'system', 1);
INSERT INTO `sb_busposition` VALUES (1045, '20190421', '2019-04-22 03:37:04', 120.821544, 30.183227, 0, 0, NULL, NULL, NULL, NULL, '2019-04-21 11:37:04', 'system', '2019-04-21 11:37:04', 'system', 1);
INSERT INTO `sb_busposition` VALUES (1046, '20190421', '2019-04-22 03:37:04', 120.821544, 30.183227, 0, 0, NULL, NULL, NULL, NULL, '2019-04-21 11:37:04', 'system', '2019-04-21 11:37:04', 'system', 1);
INSERT INTO `sb_busposition` VALUES (1047, '20190421', '2019-04-22 03:37:05', 120.821547, 30.18326, 0, 0, NULL, NULL, NULL, NULL, '2019-04-21 11:37:05', 'system', '2019-04-21 11:37:05', 'system', 1);
INSERT INTO `sb_busposition` VALUES (1048, '20190421', '2019-04-22 03:37:05', 120.821547, 30.18326, 0, 0, NULL, NULL, NULL, NULL, '2019-04-21 11:37:05', 'system', '2019-04-21 11:37:05', 'system', 1);
INSERT INTO `sb_busposition` VALUES (1049, '20190421', '2019-04-22 03:37:05', 120.821547, 30.18326, 0, 0, NULL, NULL, NULL, NULL, '2019-04-21 11:37:05', 'system', '2019-04-21 11:37:05', 'system', 1);
INSERT INTO `sb_busposition` VALUES (1050, '20190421', '2019-04-22 03:37:06', 120.82155, 30.183288, 0, 0, NULL, NULL, NULL, NULL, '2019-04-21 11:37:06', 'system', '2019-04-21 11:37:06', 'system', 1);
INSERT INTO `sb_busposition` VALUES (1051, '20190421', '2019-04-22 03:37:06', 120.82155, 30.183288, 0, 0, NULL, NULL, NULL, NULL, '2019-04-21 11:37:06', 'system', '2019-04-21 11:37:06', 'system', 1);
INSERT INTO `sb_busposition` VALUES (1052, '20190421', '2019-04-22 03:37:06', 120.82155, 30.183288, 0, 0, NULL, NULL, NULL, NULL, '2019-04-21 11:37:06', 'system', '2019-04-21 11:37:06', 'system', 1);
INSERT INTO `sb_busposition` VALUES (1053, '20190421', '2019-04-22 03:37:07', 120.821538, 30.183306, 0, 0, NULL, NULL, NULL, NULL, '2019-04-21 11:37:07', 'system', '2019-04-21 11:37:07', 'system', 1);
INSERT INTO `sb_busposition` VALUES (1054, '20190421', '2019-04-22 03:37:07', 120.821538, 30.183306, 0, 0, NULL, NULL, NULL, NULL, '2019-04-21 11:37:07', 'system', '2019-04-21 11:37:07', 'system', 1);
INSERT INTO `sb_busposition` VALUES (1055, '20190421', '2019-04-22 03:37:07', 120.821538, 30.183306, 0, 0, NULL, NULL, NULL, NULL, '2019-04-21 11:37:07', 'system', '2019-04-21 11:37:07', 'system', 1);
INSERT INTO `sb_busposition` VALUES (1056, '20190421', '2019-04-22 03:37:08', 120.821387, 30.183486, 0, 0, NULL, NULL, NULL, NULL, '2019-04-21 11:37:08', 'system', '2019-04-21 11:37:08', 'system', 1);
INSERT INTO `sb_busposition` VALUES (1057, '20190421', '2019-04-22 03:37:08', 120.821387, 30.183486, 0, 0, NULL, NULL, NULL, NULL, '2019-04-21 11:37:08', 'system', '2019-04-21 11:37:08', 'system', 1);
INSERT INTO `sb_busposition` VALUES (1058, '20190421', '2019-04-22 03:37:08', 120.821387, 30.183486, 0, 0, NULL, NULL, NULL, NULL, '2019-04-21 11:37:08', 'system', '2019-04-21 11:37:08', 'system', 1);
INSERT INTO `sb_busposition` VALUES (1059, '20190421', '2019-04-22 03:37:09', 120.821555, 30.18335, 0, 0, NULL, NULL, NULL, NULL, '2019-04-21 11:37:09', 'system', '2019-04-21 11:37:09', 'system', 1);
INSERT INTO `sb_busposition` VALUES (1060, '20190421', '2019-04-22 03:37:09', 120.821555, 30.18335, 0, 0, NULL, NULL, NULL, NULL, '2019-04-21 11:37:09', 'system', '2019-04-21 11:37:09', 'system', 1);
INSERT INTO `sb_busposition` VALUES (1061, '20190421', '2019-04-22 03:37:09', 120.821555, 30.18335, 0, 0, NULL, NULL, NULL, NULL, '2019-04-21 11:37:09', 'system', '2019-04-21 11:37:09', 'system', 1);
INSERT INTO `sb_busposition` VALUES (1062, '20190421', '2019-04-22 03:37:10', 120.821558, 30.18338, 0, 0, NULL, NULL, NULL, NULL, '2019-04-21 11:37:10', 'system', '2019-04-21 11:37:10', 'system', 1);
INSERT INTO `sb_busposition` VALUES (1063, '20190421', '2019-04-22 03:37:10', 120.821558, 30.18338, 0, 0, NULL, NULL, NULL, NULL, '2019-04-21 11:37:10', 'system', '2019-04-21 11:37:10', 'system', 1);
INSERT INTO `sb_busposition` VALUES (1064, '20190421', '2019-04-22 03:37:10', 120.821558, 30.18338, 0, 0, NULL, NULL, NULL, NULL, '2019-04-21 11:37:10', 'system', '2019-04-21 11:37:10', 'system', 1);
INSERT INTO `sb_busposition` VALUES (1065, '20190421', '2019-04-22 03:37:11', 120.821561, 30.183412, 0, 0, NULL, NULL, NULL, NULL, '2019-04-21 11:37:11', 'system', '2019-04-21 11:37:11', 'system', 1);
INSERT INTO `sb_busposition` VALUES (1066, '20190421', '2019-04-22 03:37:11', 120.821561, 30.183412, 0, 0, NULL, NULL, NULL, NULL, '2019-04-21 11:37:11', 'system', '2019-04-21 11:37:11', 'system', 1);
INSERT INTO `sb_busposition` VALUES (1067, '20190421', '2019-04-22 03:37:11', 120.821561, 30.183412, 0, 0, NULL, NULL, NULL, NULL, '2019-04-21 11:37:11', 'system', '2019-04-21 11:37:11', 'system', 1);
INSERT INTO `sb_busposition` VALUES (1068, '20190421', '2019-04-22 03:37:12', 120.821564, 30.183443, 0, 0, NULL, NULL, NULL, NULL, '2019-04-21 11:37:12', 'system', '2019-04-21 11:37:12', 'system', 1);
INSERT INTO `sb_busposition` VALUES (1069, '20190421', '2019-04-22 03:37:12', 120.821564, 30.183443, 0, 0, NULL, NULL, NULL, NULL, '2019-04-21 11:37:12', 'system', '2019-04-21 11:37:12', 'system', 1);
INSERT INTO `sb_busposition` VALUES (1070, '20190421', '2019-04-22 03:37:12', 120.821564, 30.183443, 0, 0, NULL, NULL, NULL, NULL, '2019-04-21 11:37:12', 'system', '2019-04-21 11:37:12', 'system', 1);
INSERT INTO `sb_busposition` VALUES (1071, '20190421', '2019-04-22 03:37:13', 120.821567, 30.183476, 0, 0, NULL, NULL, NULL, NULL, '2019-04-21 11:37:13', 'system', '2019-04-21 11:37:13', 'system', 1);
INSERT INTO `sb_busposition` VALUES (1072, '20190421', '2019-04-22 03:37:13', 120.821567, 30.183476, 0, 0, NULL, NULL, NULL, NULL, '2019-04-21 11:37:13', 'system', '2019-04-21 11:37:13', 'system', 1);
INSERT INTO `sb_busposition` VALUES (1073, '20190421', '2019-04-22 03:37:13', 120.821567, 30.183476, 0, 0, NULL, NULL, NULL, NULL, '2019-04-21 11:37:13', 'system', '2019-04-21 11:37:13', 'system', 1);
INSERT INTO `sb_busposition` VALUES (1074, '20190421', '2019-04-22 03:37:14', 120.821568, 30.183484, 0, 0, NULL, NULL, NULL, NULL, '2019-04-21 11:37:14', 'system', '2019-04-21 11:37:14', 'system', 1);
INSERT INTO `sb_busposition` VALUES (1075, '20190421', '2019-04-22 03:37:14', 120.821568, 30.183484, 0, 0, NULL, NULL, NULL, NULL, '2019-04-21 11:37:14', 'system', '2019-04-21 11:37:14', 'system', 1);
INSERT INTO `sb_busposition` VALUES (1076, '20190421', '2019-04-22 03:37:14', 120.821568, 30.183484, 0, 0, NULL, NULL, NULL, NULL, '2019-04-21 11:37:14', 'system', '2019-04-21 11:37:14', 'system', 1);
INSERT INTO `sb_busposition` VALUES (1077, '20190421', '2019-04-22 03:37:15', 120.821568, 30.183484, 0, 0, NULL, NULL, NULL, NULL, '2019-04-21 11:37:15', 'system', '2019-04-21 11:37:15', 'system', 1);
INSERT INTO `sb_busposition` VALUES (1078, '20190421', '2019-04-22 03:37:15', 120.821568, 30.183484, 0, 0, NULL, NULL, NULL, NULL, '2019-04-21 11:37:15', 'system', '2019-04-21 11:37:15', 'system', 1);
INSERT INTO `sb_busposition` VALUES (1079, '20190421', '2019-04-22 03:37:15', 120.821568, 30.183484, 0, 0, NULL, NULL, NULL, NULL, '2019-04-21 11:37:15', 'system', '2019-04-21 11:37:15', 'system', 1);
INSERT INTO `sb_busposition` VALUES (1080, '20190421', '2019-04-22 03:37:16', 120.821557, 30.183491, 0, 0, NULL, NULL, NULL, NULL, '2019-04-21 11:37:16', 'system', '2019-04-21 11:37:16', 'system', 1);
INSERT INTO `sb_busposition` VALUES (1081, '20190421', '2019-04-22 03:37:16', 120.821557, 30.183491, 0, 0, NULL, NULL, NULL, NULL, '2019-04-21 11:37:16', 'system', '2019-04-21 11:37:16', 'system', 1);
INSERT INTO `sb_busposition` VALUES (1082, '20190421', '2019-04-22 03:37:16', 120.821557, 30.183491, 0, 0, NULL, NULL, NULL, NULL, '2019-04-21 11:37:16', 'system', '2019-04-21 11:37:16', 'system', 1);
INSERT INTO `sb_busposition` VALUES (1083, '20190421', '2019-04-22 03:37:17', 120.821575, 30.183484, 0, 0, NULL, NULL, NULL, NULL, '2019-04-21 11:37:17', 'system', '2019-04-21 11:37:17', 'system', 1);
INSERT INTO `sb_busposition` VALUES (1084, '20190421', '2019-04-22 03:37:17', 120.821575, 30.183484, 0, 0, NULL, NULL, NULL, NULL, '2019-04-21 11:37:17', 'system', '2019-04-21 11:37:17', 'system', 1);
INSERT INTO `sb_busposition` VALUES (1085, '20190421', '2019-04-22 03:37:17', 120.821575, 30.183484, 0, 0, NULL, NULL, NULL, NULL, '2019-04-21 11:37:17', 'system', '2019-04-21 11:37:17', 'system', 1);
INSERT INTO `sb_busposition` VALUES (1086, '20190421', '2019-04-22 03:37:18', 120.821575, 30.183484, 0, 0, NULL, NULL, NULL, NULL, '2019-04-21 11:37:18', 'system', '2019-04-21 11:37:18', 'system', 1);
INSERT INTO `sb_busposition` VALUES (1087, '20190421', '2019-04-22 03:37:18', 120.821575, 30.183484, 0, 0, NULL, NULL, NULL, NULL, '2019-04-21 11:37:18', 'system', '2019-04-21 11:37:18', 'system', 1);
INSERT INTO `sb_busposition` VALUES (1088, '20190421', '2019-04-22 03:37:18', 120.821575, 30.183484, 0, 0, NULL, NULL, NULL, NULL, '2019-04-21 11:37:18', 'system', '2019-04-21 11:37:18', 'system', 1);
INSERT INTO `sb_busposition` VALUES (1089, '20190421', '2019-04-22 03:37:19', 120.82162, 30.183481, 0, 0, NULL, NULL, NULL, NULL, '2019-04-21 11:37:19', 'system', '2019-04-21 11:37:19', 'system', 1);
INSERT INTO `sb_busposition` VALUES (1090, '20190421', '2019-04-22 03:37:19', 120.82162, 30.183481, 0, 0, NULL, NULL, NULL, NULL, '2019-04-21 11:37:19', 'system', '2019-04-21 11:37:19', 'system', 1);
INSERT INTO `sb_busposition` VALUES (1091, '20190421', '2019-04-22 03:37:19', 120.82162, 30.183481, 0, 0, NULL, NULL, NULL, NULL, '2019-04-21 11:37:19', 'system', '2019-04-21 11:37:19', 'system', 1);
INSERT INTO `sb_busposition` VALUES (1092, '20190421', '2019-04-22 03:37:20', 120.821569, 30.183484, 0, 0, NULL, NULL, NULL, NULL, '2019-04-21 11:37:20', 'system', '2019-04-21 11:37:20', 'system', 1);
INSERT INTO `sb_busposition` VALUES (1093, '20190421', '2019-04-22 03:37:20', 120.821569, 30.183484, 0, 0, NULL, NULL, NULL, NULL, '2019-04-21 11:37:20', 'system', '2019-04-21 11:37:20', 'system', 1);
INSERT INTO `sb_busposition` VALUES (1094, '20190421', '2019-04-22 03:37:20', 120.821569, 30.183484, 0, 0, NULL, NULL, NULL, NULL, '2019-04-21 11:37:20', 'system', '2019-04-21 11:37:20', 'system', 1);
INSERT INTO `sb_busposition` VALUES (1095, '20190421', '2019-04-22 03:37:21', 120.821586, 30.183638, 0, 0, NULL, NULL, NULL, NULL, '2019-04-21 11:37:21', 'system', '2019-04-21 11:37:21', 'system', 1);
INSERT INTO `sb_busposition` VALUES (1096, '20190421', '2019-04-22 03:37:21', 120.821586, 30.183638, 0, 0, NULL, NULL, NULL, NULL, '2019-04-21 11:37:21', 'system', '2019-04-21 11:37:21', 'system', 1);
INSERT INTO `sb_busposition` VALUES (1097, '20190421', '2019-04-22 03:37:21', 120.821586, 30.183638, 0, 0, NULL, NULL, NULL, NULL, '2019-04-21 11:37:21', 'system', '2019-04-21 11:37:21', 'system', 1);
INSERT INTO `sb_busposition` VALUES (1098, '20190421', '2019-04-22 03:37:22', 120.821592, 30.183684, 0, 0, NULL, NULL, NULL, NULL, '2019-04-21 11:37:22', 'system', '2019-04-21 11:37:22', 'system', 1);
INSERT INTO `sb_busposition` VALUES (1099, '20190421', '2019-04-22 03:37:22', 120.821592, 30.183684, 0, 0, NULL, NULL, NULL, NULL, '2019-04-21 11:37:22', 'system', '2019-04-21 11:37:22', 'system', 1);
INSERT INTO `sb_busposition` VALUES (1100, '20190421', '2019-04-22 03:37:22', 120.821592, 30.183684, 0, 0, NULL, NULL, NULL, NULL, '2019-04-21 11:37:22', 'system', '2019-04-21 11:37:22', 'system', 1);
INSERT INTO `sb_busposition` VALUES (1101, '20190421', '2019-04-22 03:37:23', 120.821599, 30.183745, 0, 0, NULL, NULL, NULL, NULL, '2019-04-21 11:37:23', 'system', '2019-04-21 11:37:23', 'system', 1);
INSERT INTO `sb_busposition` VALUES (1102, '20190421', '2019-04-22 03:37:23', 120.821599, 30.183745, 0, 0, NULL, NULL, NULL, NULL, '2019-04-21 11:37:23', 'system', '2019-04-21 11:37:23', 'system', 1);
INSERT INTO `sb_busposition` VALUES (1103, '20190421', '2019-04-22 03:37:23', 120.821599, 30.183745, 0, 0, NULL, NULL, NULL, NULL, '2019-04-21 11:37:23', 'system', '2019-04-21 11:37:23', 'system', 1);
INSERT INTO `sb_busposition` VALUES (1104, '20190421', '2019-04-22 03:37:24', 120.821605, 30.183794, 0, 0, NULL, NULL, NULL, NULL, '2019-04-21 11:37:24', 'system', '2019-04-21 11:37:24', 'system', 1);
INSERT INTO `sb_busposition` VALUES (1105, '20190421', '2019-04-22 03:37:24', 120.821605, 30.183794, 0, 0, NULL, NULL, NULL, NULL, '2019-04-21 11:37:24', 'system', '2019-04-21 11:37:24', 'system', 1);
INSERT INTO `sb_busposition` VALUES (1106, '20190421', '2019-04-22 03:37:24', 120.821605, 30.183794, 0, 0, NULL, NULL, NULL, NULL, '2019-04-21 11:37:24', 'system', '2019-04-21 11:37:24', 'system', 1);
INSERT INTO `sb_busposition` VALUES (1107, '20190421', '2019-04-22 03:37:25', 120.821611, 30.183846, 0, 0, NULL, NULL, NULL, NULL, '2019-04-21 11:37:25', 'system', '2019-04-21 11:37:25', 'system', 1);
INSERT INTO `sb_busposition` VALUES (1108, '20190421', '2019-04-22 03:37:25', 120.821611, 30.183846, 0, 0, NULL, NULL, NULL, NULL, '2019-04-21 11:37:25', 'system', '2019-04-21 11:37:25', 'system', 1);
INSERT INTO `sb_busposition` VALUES (1109, '20190421', '2019-04-22 03:37:25', 120.821611, 30.183846, 0, 0, NULL, NULL, NULL, NULL, '2019-04-21 11:37:25', 'system', '2019-04-21 11:37:25', 'system', 1);
INSERT INTO `sb_busposition` VALUES (1110, '20190421', '2019-04-22 03:37:26', 120.821617, 30.1839, 0, 0, NULL, NULL, NULL, NULL, '2019-04-21 11:37:26', 'system', '2019-04-21 11:37:26', 'system', 1);
INSERT INTO `sb_busposition` VALUES (1111, '20190421', '2019-04-22 03:37:26', 120.821617, 30.1839, 0, 0, NULL, NULL, NULL, NULL, '2019-04-21 11:37:26', 'system', '2019-04-21 11:37:26', 'system', 1);
INSERT INTO `sb_busposition` VALUES (1112, '20190421', '2019-04-22 03:37:26', 120.821617, 30.1839, 0, 0, NULL, NULL, NULL, NULL, '2019-04-21 11:37:26', 'system', '2019-04-21 11:37:26', 'system', 1);
INSERT INTO `sb_busposition` VALUES (1113, '20190421', '2019-04-22 03:37:27', 120.821623, 30.183954, 0, 0, NULL, NULL, NULL, NULL, '2019-04-21 11:37:27', 'system', '2019-04-21 11:37:27', 'system', 1);
INSERT INTO `sb_busposition` VALUES (1114, '20190421', '2019-04-22 03:37:27', 120.821623, 30.183954, 0, 0, NULL, NULL, NULL, NULL, '2019-04-21 11:37:27', 'system', '2019-04-21 11:37:27', 'system', 1);
INSERT INTO `sb_busposition` VALUES (1115, '20190421', '2019-04-22 03:37:27', 120.821623, 30.183954, 0, 0, NULL, NULL, NULL, NULL, '2019-04-21 11:37:27', 'system', '2019-04-21 11:37:27', 'system', 1);
INSERT INTO `sb_busposition` VALUES (1116, '20190421', '2019-04-22 03:37:28', 120.821628, 30.183996, 0, 0, NULL, NULL, NULL, NULL, '2019-04-21 11:37:28', 'system', '2019-04-21 11:37:28', 'system', 1);
INSERT INTO `sb_busposition` VALUES (1117, '20190421', '2019-04-22 03:37:28', 120.821628, 30.183996, 0, 0, NULL, NULL, NULL, NULL, '2019-04-21 11:37:28', 'system', '2019-04-21 11:37:28', 'system', 1);
INSERT INTO `sb_busposition` VALUES (1118, '20190421', '2019-04-22 03:37:28', 120.821628, 30.183996, 0, 0, NULL, NULL, NULL, NULL, '2019-04-21 11:37:28', 'system', '2019-04-21 11:37:28', 'system', 1);
INSERT INTO `sb_busposition` VALUES (1119, '20190421', '2019-04-22 03:37:29', 120.821634, 30.184051, 0, 0, NULL, NULL, NULL, NULL, '2019-04-21 11:37:29', 'system', '2019-04-21 11:37:29', 'system', 1);
INSERT INTO `sb_busposition` VALUES (1120, '20190421', '2019-04-22 03:37:29', 120.821634, 30.184051, 0, 0, NULL, NULL, NULL, NULL, '2019-04-21 11:37:29', 'system', '2019-04-21 11:37:29', 'system', 1);
INSERT INTO `sb_busposition` VALUES (1121, '20190421', '2019-04-22 03:37:29', 120.821634, 30.184051, 0, 0, NULL, NULL, NULL, NULL, '2019-04-21 11:37:29', 'system', '2019-04-21 11:37:29', 'system', 1);
INSERT INTO `sb_busposition` VALUES (1122, '20190421', '2019-04-22 03:37:30', 120.82164, 30.184098, 0, 0, NULL, NULL, NULL, NULL, '2019-04-21 11:37:30', 'system', '2019-04-21 11:37:30', 'system', 1);
INSERT INTO `sb_busposition` VALUES (1123, '20190421', '2019-04-22 03:37:30', 120.82164, 30.184098, 0, 0, NULL, NULL, NULL, NULL, '2019-04-21 11:37:30', 'system', '2019-04-21 11:37:30', 'system', 1);
INSERT INTO `sb_busposition` VALUES (1124, '20190421', '2019-04-22 03:37:30', 120.82164, 30.184098, 0, 0, NULL, NULL, NULL, NULL, '2019-04-21 11:37:30', 'system', '2019-04-21 11:37:30', 'system', 1);
INSERT INTO `sb_busposition` VALUES (1125, '20190421', '2019-04-22 03:37:31', 120.821647, 30.184156, 0, 0, NULL, NULL, NULL, NULL, '2019-04-21 11:37:31', 'system', '2019-04-21 11:37:31', 'system', 1);
INSERT INTO `sb_busposition` VALUES (1126, '20190421', '2019-04-22 03:37:31', 120.821647, 30.184156, 0, 0, NULL, NULL, NULL, NULL, '2019-04-21 11:37:31', 'system', '2019-04-21 11:37:31', 'system', 1);
INSERT INTO `sb_busposition` VALUES (1127, '20190421', '2019-04-22 03:37:31', 120.821647, 30.184156, 0, 0, NULL, NULL, NULL, NULL, '2019-04-21 11:37:31', 'system', '2019-04-21 11:37:31', 'system', 1);
INSERT INTO `sb_busposition` VALUES (1128, '20190421', '2019-04-22 03:37:32', 120.821653, 30.184214, 0, 0, NULL, NULL, NULL, NULL, '2019-04-21 11:37:32', 'system', '2019-04-21 11:37:32', 'system', 1);
INSERT INTO `sb_busposition` VALUES (1129, '20190421', '2019-04-22 03:37:32', 120.821653, 30.184214, 0, 0, NULL, NULL, NULL, NULL, '2019-04-21 11:37:32', 'system', '2019-04-21 11:37:32', 'system', 1);
INSERT INTO `sb_busposition` VALUES (1130, '20190421', '2019-04-22 03:37:32', 120.821653, 30.184214, 0, 0, NULL, NULL, NULL, NULL, '2019-04-21 11:37:32', 'system', '2019-04-21 11:37:32', 'system', 1);
INSERT INTO `sb_busposition` VALUES (1131, '20190421', '2019-04-22 03:37:33', 120.82166, 30.184274, 0, 0, NULL, NULL, NULL, NULL, '2019-04-21 11:37:33', 'system', '2019-04-21 11:37:33', 'system', 1);
INSERT INTO `sb_busposition` VALUES (1132, '20190421', '2019-04-22 03:37:33', 120.82166, 30.184274, 0, 0, NULL, NULL, NULL, NULL, '2019-04-21 11:37:33', 'system', '2019-04-21 11:37:33', 'system', 1);
INSERT INTO `sb_busposition` VALUES (1133, '20190421', '2019-04-22 03:37:33', 120.82166, 30.184274, 0, 0, NULL, NULL, NULL, NULL, '2019-04-21 11:37:33', 'system', '2019-04-21 11:37:33', 'system', 1);
INSERT INTO `sb_busposition` VALUES (1134, '20190421', '2019-04-22 03:37:34', 120.821667, 30.184334, 0, 0, NULL, NULL, NULL, NULL, '2019-04-21 11:37:34', 'system', '2019-04-21 11:37:34', 'system', 1);
INSERT INTO `sb_busposition` VALUES (1135, '20190421', '2019-04-22 03:37:34', 120.821667, 30.184334, 0, 0, NULL, NULL, NULL, NULL, '2019-04-21 11:37:34', 'system', '2019-04-21 11:37:34', 'system', 1);
INSERT INTO `sb_busposition` VALUES (1136, '20190421', '2019-04-22 03:37:34', 120.821667, 30.184334, 0, 0, NULL, NULL, NULL, NULL, '2019-04-21 11:37:34', 'system', '2019-04-21 11:37:34', 'system', 1);
INSERT INTO `sb_busposition` VALUES (1137, '20190421', '2019-04-22 03:37:35', 120.821674, 30.184396, 0, 0, NULL, NULL, NULL, NULL, '2019-04-21 11:37:35', 'system', '2019-04-21 11:37:35', 'system', 1);
INSERT INTO `sb_busposition` VALUES (1138, '20190421', '2019-04-22 03:37:35', 120.821674, 30.184396, 0, 0, NULL, NULL, NULL, NULL, '2019-04-21 11:37:35', 'system', '2019-04-21 11:37:35', 'system', 1);
INSERT INTO `sb_busposition` VALUES (1139, '20190421', '2019-04-22 03:37:35', 120.821674, 30.184396, 0, 0, NULL, NULL, NULL, NULL, '2019-04-21 11:37:35', 'system', '2019-04-21 11:37:35', 'system', 1);
INSERT INTO `sb_busposition` VALUES (1140, '20190421', '2019-04-22 03:37:36', 120.82168, 30.184455, 0, 0, NULL, NULL, NULL, NULL, '2019-04-21 11:37:36', 'system', '2019-04-21 11:37:36', 'system', 1);
INSERT INTO `sb_busposition` VALUES (1141, '20190421', '2019-04-22 03:37:36', 120.82168, 30.184455, 0, 0, NULL, NULL, NULL, NULL, '2019-04-21 11:37:36', 'system', '2019-04-21 11:37:36', 'system', 1);
INSERT INTO `sb_busposition` VALUES (1142, '20190421', '2019-04-22 03:37:36', 120.82168, 30.184455, 0, 0, NULL, NULL, NULL, NULL, '2019-04-21 11:37:36', 'system', '2019-04-21 11:37:36', 'system', 1);
INSERT INTO `sb_busposition` VALUES (1143, '20190421', '2019-04-22 03:37:37', 120.821685, 30.184519, 0, 0, NULL, NULL, NULL, NULL, '2019-04-21 11:37:37', 'system', '2019-04-21 11:37:37', 'system', 1);
INSERT INTO `sb_busposition` VALUES (1144, '20190421', '2019-04-22 03:37:37', 120.821685, 30.184519, 0, 0, NULL, NULL, NULL, NULL, '2019-04-21 11:37:37', 'system', '2019-04-21 11:37:37', 'system', 1);
INSERT INTO `sb_busposition` VALUES (1145, '20190421', '2019-04-22 03:37:37', 120.821685, 30.184519, 0, 0, NULL, NULL, NULL, NULL, '2019-04-21 11:37:37', 'system', '2019-04-21 11:37:37', 'system', 1);
INSERT INTO `sb_busposition` VALUES (1146, '20190421', '2019-04-22 03:37:38', 120.821688, 30.184581, 0, 0, NULL, NULL, NULL, NULL, '2019-04-21 11:37:38', 'system', '2019-04-21 11:37:38', 'system', 1);
INSERT INTO `sb_busposition` VALUES (1147, '20190421', '2019-04-22 03:37:38', 120.821688, 30.184581, 0, 0, NULL, NULL, NULL, NULL, '2019-04-21 11:37:38', 'system', '2019-04-21 11:37:38', 'system', 1);
INSERT INTO `sb_busposition` VALUES (1148, '20190421', '2019-04-22 03:37:38', 120.821688, 30.184581, 0, 0, NULL, NULL, NULL, NULL, '2019-04-21 11:37:38', 'system', '2019-04-21 11:37:38', 'system', 1);
INSERT INTO `sb_busposition` VALUES (1149, '20190421', '2019-04-22 03:37:39', 120.82169, 30.184631, 0, 0, NULL, NULL, NULL, NULL, '2019-04-21 11:37:39', 'system', '2019-04-21 11:37:39', 'system', 1);
INSERT INTO `sb_busposition` VALUES (1150, '20190421', '2019-04-22 03:37:39', 120.82169, 30.184631, 0, 0, NULL, NULL, NULL, NULL, '2019-04-21 11:37:39', 'system', '2019-04-21 11:37:39', 'system', 1);
INSERT INTO `sb_busposition` VALUES (1151, '20190421', '2019-04-22 03:37:39', 120.82169, 30.184631, 0, 0, NULL, NULL, NULL, NULL, '2019-04-21 11:37:39', 'system', '2019-04-21 11:37:39', 'system', 1);
INSERT INTO `sb_busposition` VALUES (1152, '20190421', '2019-04-22 03:37:40', 120.821692, 30.18467, 0, 0, NULL, NULL, NULL, NULL, '2019-04-21 11:37:40', 'system', '2019-04-21 11:37:40', 'system', 1);
INSERT INTO `sb_busposition` VALUES (1153, '20190421', '2019-04-22 03:37:40', 120.821692, 30.18467, 0, 0, NULL, NULL, NULL, NULL, '2019-04-21 11:37:40', 'system', '2019-04-21 11:37:40', 'system', 1);
INSERT INTO `sb_busposition` VALUES (1154, '20190421', '2019-04-22 03:37:40', 120.821692, 30.18467, 0, 0, NULL, NULL, NULL, NULL, '2019-04-21 11:37:40', 'system', '2019-04-21 11:37:40', 'system', 1);
INSERT INTO `sb_busposition` VALUES (1155, '20190421', '2019-04-22 03:37:41', 120.821692, 30.184675, 0, 0, NULL, NULL, NULL, NULL, '2019-04-21 11:37:41', 'system', '2019-04-21 11:37:41', 'system', 1);
INSERT INTO `sb_busposition` VALUES (1156, '20190421', '2019-04-22 03:37:41', 120.821692, 30.184675, 0, 0, NULL, NULL, NULL, NULL, '2019-04-21 11:37:41', 'system', '2019-04-21 11:37:41', 'system', 1);
INSERT INTO `sb_busposition` VALUES (1157, '20190421', '2019-04-22 03:37:41', 120.821692, 30.184675, 0, 0, NULL, NULL, NULL, NULL, '2019-04-21 11:37:41', 'system', '2019-04-21 11:37:41', 'system', 1);
INSERT INTO `sb_busposition` VALUES (1158, '20190421', '2019-04-22 03:37:42', 120.821692, 30.184675, 0, 0, NULL, NULL, NULL, NULL, '2019-04-21 11:37:42', 'system', '2019-04-21 11:37:42', 'system', 1);
INSERT INTO `sb_busposition` VALUES (1159, '20190421', '2019-04-22 03:37:42', 120.821692, 30.184675, 0, 0, NULL, NULL, NULL, NULL, '2019-04-21 11:37:42', 'system', '2019-04-21 11:37:42', 'system', 1);
INSERT INTO `sb_busposition` VALUES (1160, '20190421', '2019-04-22 03:37:42', 120.821692, 30.184675, 0, 0, NULL, NULL, NULL, NULL, '2019-04-21 11:37:42', 'system', '2019-04-21 11:37:42', 'system', 1);
INSERT INTO `sb_busposition` VALUES (1161, '20190421', '2019-04-22 03:37:43', 120.821657, 30.184783, 0, 0, NULL, NULL, NULL, NULL, '2019-04-21 11:37:43', 'system', '2019-04-21 11:37:43', 'system', 1);
INSERT INTO `sb_busposition` VALUES (1162, '20190421', '2019-04-22 03:37:43', 120.821657, 30.184783, 0, 0, NULL, NULL, NULL, NULL, '2019-04-21 11:37:43', 'system', '2019-04-21 11:37:43', 'system', 1);
INSERT INTO `sb_busposition` VALUES (1163, '20190421', '2019-04-22 03:37:43', 120.821657, 30.184783, 0, 0, NULL, NULL, NULL, NULL, '2019-04-21 11:37:43', 'system', '2019-04-21 11:37:43', 'system', 1);
INSERT INTO `sb_busposition` VALUES (1164, '20190421', '2019-04-22 03:37:44', 120.821642, 30.18483, 0, 0, NULL, NULL, NULL, NULL, '2019-04-21 11:37:44', 'system', '2019-04-21 11:37:44', 'system', 1);
INSERT INTO `sb_busposition` VALUES (1165, '20190421', '2019-04-22 03:37:44', 120.821642, 30.18483, 0, 0, NULL, NULL, NULL, NULL, '2019-04-21 11:37:44', 'system', '2019-04-21 11:37:44', 'system', 1);
INSERT INTO `sb_busposition` VALUES (1166, '20190421', '2019-04-22 03:37:44', 120.821642, 30.18483, 0, 0, NULL, NULL, NULL, NULL, '2019-04-21 11:37:44', 'system', '2019-04-21 11:37:44', 'system', 1);
INSERT INTO `sb_busposition` VALUES (1167, '20190421', '2019-04-22 03:37:45', 120.821626, 30.184881, 0, 0, NULL, NULL, NULL, NULL, '2019-04-21 11:37:45', 'system', '2019-04-21 11:37:45', 'system', 1);
INSERT INTO `sb_busposition` VALUES (1168, '20190421', '2019-04-22 03:37:45', 120.821626, 30.184881, 0, 0, NULL, NULL, NULL, NULL, '2019-04-21 11:37:45', 'system', '2019-04-21 11:37:45', 'system', 1);
INSERT INTO `sb_busposition` VALUES (1169, '20190421', '2019-04-22 03:37:45', 120.821626, 30.184881, 0, 0, NULL, NULL, NULL, NULL, '2019-04-21 11:37:45', 'system', '2019-04-21 11:37:45', 'system', 1);
INSERT INTO `sb_busposition` VALUES (1170, '20190421', '2019-04-22 03:37:46', 120.821615, 30.184914, 0, 0, NULL, NULL, NULL, NULL, '2019-04-21 11:37:46', 'system', '2019-04-21 11:37:46', 'system', 1);
INSERT INTO `sb_busposition` VALUES (1171, '20190421', '2019-04-22 03:37:46', 120.821615, 30.184914, 0, 0, NULL, NULL, NULL, NULL, '2019-04-21 11:37:46', 'system', '2019-04-21 11:37:46', 'system', 1);
INSERT INTO `sb_busposition` VALUES (1172, '20190421', '2019-04-22 03:37:46', 120.821615, 30.184914, 0, 0, NULL, NULL, NULL, NULL, '2019-04-21 11:37:46', 'system', '2019-04-21 11:37:46', 'system', 1);
INSERT INTO `sb_busposition` VALUES (1173, '20190421', '2019-04-22 03:37:47', 120.821612, 30.185016, 0, 0, NULL, NULL, NULL, NULL, '2019-04-21 11:37:47', 'system', '2019-04-21 11:37:47', 'system', 1);
INSERT INTO `sb_busposition` VALUES (1174, '20190421', '2019-04-22 03:37:47', 120.821612, 30.185016, 0, 0, NULL, NULL, NULL, NULL, '2019-04-21 11:37:47', 'system', '2019-04-21 11:37:47', 'system', 1);
INSERT INTO `sb_busposition` VALUES (1175, '20190421', '2019-04-22 03:37:47', 120.821612, 30.185016, 0, 0, NULL, NULL, NULL, NULL, '2019-04-21 11:37:47', 'system', '2019-04-21 11:37:47', 'system', 1);
INSERT INTO `sb_busposition` VALUES (1176, '20190421', '2019-04-22 03:37:48', 120.82161, 30.185067, 0, 0, NULL, NULL, NULL, NULL, '2019-04-21 11:37:48', 'system', '2019-04-21 11:37:48', 'system', 1);
INSERT INTO `sb_busposition` VALUES (1177, '20190421', '2019-04-22 03:37:48', 120.82161, 30.185067, 0, 0, NULL, NULL, NULL, NULL, '2019-04-21 11:37:48', 'system', '2019-04-21 11:37:48', 'system', 1);
INSERT INTO `sb_busposition` VALUES (1178, '20190421', '2019-04-22 03:37:48', 120.82161, 30.185067, 0, 0, NULL, NULL, NULL, NULL, '2019-04-21 11:37:48', 'system', '2019-04-21 11:37:48', 'system', 1);
INSERT INTO `sb_busposition` VALUES (1179, '20190421', '2019-04-22 03:37:49', 120.821609, 30.185121, 0, 0, NULL, NULL, NULL, NULL, '2019-04-21 11:37:49', 'system', '2019-04-21 11:37:49', 'system', 1);
INSERT INTO `sb_busposition` VALUES (1180, '20190421', '2019-04-22 03:37:49', 120.821609, 30.185121, 0, 0, NULL, NULL, NULL, NULL, '2019-04-21 11:37:49', 'system', '2019-04-21 11:37:49', 'system', 1);
INSERT INTO `sb_busposition` VALUES (1181, '20190421', '2019-04-22 03:37:49', 120.821609, 30.185121, 0, 0, NULL, NULL, NULL, NULL, '2019-04-21 11:37:49', 'system', '2019-04-21 11:37:49', 'system', 1);
INSERT INTO `sb_busposition` VALUES (1182, '20190421', '2019-04-22 03:37:50', 120.821607, 30.185171, 0, 0, NULL, NULL, NULL, NULL, '2019-04-21 11:37:50', 'system', '2019-04-21 11:37:50', 'system', 1);
INSERT INTO `sb_busposition` VALUES (1183, '20190421', '2019-04-22 03:37:50', 120.821607, 30.185171, 0, 0, NULL, NULL, NULL, NULL, '2019-04-21 11:37:50', 'system', '2019-04-21 11:37:50', 'system', 1);
INSERT INTO `sb_busposition` VALUES (1184, '20190421', '2019-04-22 03:37:50', 120.821607, 30.185171, 0, 0, NULL, NULL, NULL, NULL, '2019-04-21 11:37:50', 'system', '2019-04-21 11:37:50', 'system', 1);
INSERT INTO `sb_busposition` VALUES (1185, '20190421', '2019-04-22 03:37:51', 120.821606, 30.185228, 0, 0, NULL, NULL, NULL, NULL, '2019-04-21 11:37:51', 'system', '2019-04-21 11:37:51', 'system', 1);
INSERT INTO `sb_busposition` VALUES (1186, '20190421', '2019-04-22 03:37:51', 120.821606, 30.185228, 0, 0, NULL, NULL, NULL, NULL, '2019-04-21 11:37:51', 'system', '2019-04-21 11:37:51', 'system', 1);
INSERT INTO `sb_busposition` VALUES (1187, '20190421', '2019-04-22 03:37:51', 120.821606, 30.185228, 0, 0, NULL, NULL, NULL, NULL, '2019-04-21 11:37:51', 'system', '2019-04-21 11:37:51', 'system', 1);
INSERT INTO `sb_busposition` VALUES (1188, '20190421', '2019-04-22 03:37:52', 120.821605, 30.185269, 0, 0, NULL, NULL, NULL, NULL, '2019-04-21 11:37:52', 'system', '2019-04-21 11:37:52', 'system', 1);
INSERT INTO `sb_busposition` VALUES (1189, '20190421', '2019-04-22 03:37:52', 120.821605, 30.185269, 0, 0, NULL, NULL, NULL, NULL, '2019-04-21 11:37:52', 'system', '2019-04-21 11:37:52', 'system', 1);
INSERT INTO `sb_busposition` VALUES (1190, '20190421', '2019-04-22 03:37:52', 120.821605, 30.185269, 0, 0, NULL, NULL, NULL, NULL, '2019-04-21 11:37:52', 'system', '2019-04-21 11:37:52', 'system', 1);
INSERT INTO `sb_busposition` VALUES (1191, '20190421', '2019-04-22 03:37:53', 120.821603, 30.185322, 0, 0, NULL, NULL, NULL, NULL, '2019-04-21 11:37:53', 'system', '2019-04-21 11:37:53', 'system', 1);
INSERT INTO `sb_busposition` VALUES (1192, '20190421', '2019-04-22 03:37:53', 120.821603, 30.185322, 0, 0, NULL, NULL, NULL, NULL, '2019-04-21 11:37:53', 'system', '2019-04-21 11:37:53', 'system', 1);
INSERT INTO `sb_busposition` VALUES (1193, '20190421', '2019-04-22 03:37:53', 120.821603, 30.185322, 0, 0, NULL, NULL, NULL, NULL, '2019-04-21 11:37:53', 'system', '2019-04-21 11:37:53', 'system', 1);
INSERT INTO `sb_busposition` VALUES (1194, '20190421', '2019-04-22 03:37:54', 120.821602, 30.185364, 0, 0, NULL, NULL, NULL, NULL, '2019-04-21 11:37:54', 'system', '2019-04-21 11:37:54', 'system', 1);
INSERT INTO `sb_busposition` VALUES (1195, '20190421', '2019-04-22 03:37:54', 120.821602, 30.185364, 0, 0, NULL, NULL, NULL, NULL, '2019-04-21 11:37:54', 'system', '2019-04-21 11:37:54', 'system', 1);
INSERT INTO `sb_busposition` VALUES (1196, '20190421', '2019-04-22 03:37:54', 120.821602, 30.185364, 0, 0, NULL, NULL, NULL, NULL, '2019-04-21 11:37:54', 'system', '2019-04-21 11:37:54', 'system', 1);
INSERT INTO `sb_busposition` VALUES (1197, '20190421', '2019-04-22 03:37:55', 120.821601, 30.185406, 0, 0, NULL, NULL, NULL, NULL, '2019-04-21 11:37:55', 'system', '2019-04-21 11:37:55', 'system', 1);
INSERT INTO `sb_busposition` VALUES (1198, '20190421', '2019-04-22 03:37:55', 120.821601, 30.185406, 0, 0, NULL, NULL, NULL, NULL, '2019-04-21 11:37:55', 'system', '2019-04-21 11:37:55', 'system', 1);
INSERT INTO `sb_busposition` VALUES (1199, '20190421', '2019-04-22 03:37:55', 120.821601, 30.185406, 0, 0, NULL, NULL, NULL, NULL, '2019-04-21 11:37:55', 'system', '2019-04-21 11:37:55', 'system', 1);
INSERT INTO `sb_busposition` VALUES (1200, '20190421', '2019-04-22 03:37:56', 120.8216, 30.185425, 0, 0, NULL, NULL, NULL, NULL, '2019-04-21 11:37:56', 'system', '2019-04-21 11:37:56', 'system', 1);
INSERT INTO `sb_busposition` VALUES (1201, '20190421', '2019-04-22 03:37:56', 120.8216, 30.185425, 0, 0, NULL, NULL, NULL, NULL, '2019-04-21 11:37:56', 'system', '2019-04-21 11:37:56', 'system', 1);
INSERT INTO `sb_busposition` VALUES (1202, '20190421', '2019-04-22 03:37:56', 120.8216, 30.185425, 0, 0, NULL, NULL, NULL, NULL, '2019-04-21 11:37:56', 'system', '2019-04-21 11:37:56', 'system', 1);
INSERT INTO `sb_busposition` VALUES (1203, '20190421', '2019-04-22 03:37:57', 120.8216, 30.185447, 0, 0, NULL, NULL, NULL, NULL, '2019-04-21 11:37:57', 'system', '2019-04-21 11:37:57', 'system', 1);
INSERT INTO `sb_busposition` VALUES (1204, '20190421', '2019-04-22 03:37:57', 120.8216, 30.185447, 0, 0, NULL, NULL, NULL, NULL, '2019-04-21 11:37:57', 'system', '2019-04-21 11:37:57', 'system', 1);
INSERT INTO `sb_busposition` VALUES (1205, '20190421', '2019-04-22 03:37:57', 120.8216, 30.185447, 0, 0, NULL, NULL, NULL, NULL, '2019-04-21 11:37:57', 'system', '2019-04-21 11:37:57', 'system', 1);
INSERT INTO `sb_busposition` VALUES (1206, '20190421', '2019-04-22 03:37:58', 120.8216, 30.185455, 0, 0, NULL, NULL, NULL, NULL, '2019-04-21 11:37:58', 'system', '2019-04-21 11:37:58', 'system', 1);
INSERT INTO `sb_busposition` VALUES (1207, '20190421', '2019-04-22 03:37:58', 120.8216, 30.185455, 0, 0, NULL, NULL, NULL, NULL, '2019-04-21 11:37:58', 'system', '2019-04-21 11:37:58', 'system', 1);
INSERT INTO `sb_busposition` VALUES (1208, '20190421', '2019-04-22 03:37:58', 120.8216, 30.185455, 0, 0, NULL, NULL, NULL, NULL, '2019-04-21 11:37:58', 'system', '2019-04-21 11:37:58', 'system', 1);
INSERT INTO `sb_busposition` VALUES (1209, '20190421', '2019-04-22 03:37:59', 120.8216, 30.185445, 0, 0, NULL, NULL, NULL, NULL, '2019-04-21 11:37:59', 'system', '2019-04-21 11:37:59', 'system', 1);
INSERT INTO `sb_busposition` VALUES (1210, '20190421', '2019-04-22 03:37:59', 120.8216, 30.185445, 0, 0, NULL, NULL, NULL, NULL, '2019-04-21 11:37:59', 'system', '2019-04-21 11:37:59', 'system', 1);
INSERT INTO `sb_busposition` VALUES (1211, '20190421', '2019-04-22 03:37:59', 120.8216, 30.185445, 0, 0, NULL, NULL, NULL, NULL, '2019-04-21 11:37:59', 'system', '2019-04-21 11:37:59', 'system', 1);
INSERT INTO `sb_busposition` VALUES (1212, '20190421', '2019-04-22 03:38:00', 120.8216, 30.185447, 0, 0, NULL, NULL, NULL, NULL, '2019-04-21 11:38:00', 'system', '2019-04-21 11:38:00', 'system', 1);
INSERT INTO `sb_busposition` VALUES (1213, '20190421', '2019-04-22 03:38:00', 120.8216, 30.185447, 0, 0, NULL, NULL, NULL, NULL, '2019-04-21 11:38:00', 'system', '2019-04-21 11:38:00', 'system', 1);
INSERT INTO `sb_busposition` VALUES (1214, '20190421', '2019-04-22 03:38:00', 120.8216, 30.185447, 0, 0, NULL, NULL, NULL, NULL, '2019-04-21 11:38:00', 'system', '2019-04-21 11:38:00', 'system', 1);
INSERT INTO `sb_busposition` VALUES (1215, '20190421', '2019-04-22 03:38:01', 120.8216, 30.185446, 0, 0, NULL, NULL, NULL, NULL, '2019-04-21 11:38:01', 'system', '2019-04-21 11:38:01', 'system', 1);
INSERT INTO `sb_busposition` VALUES (1216, '20190422', '2019-04-22 01:57:02', 120.8216, 30.185446, 65.25, 60.4, NULL, NULL, NULL, NULL, '2019-04-22 07:34:27', 'system', '2019-04-22 07:34:27', 'system', 1);
INSERT INTO `sb_busposition` VALUES (1217, '20190422', '2019-04-22 19:14:42', 120.817715, 30.185341, 0, 0, NULL, NULL, NULL, NULL, '2019-04-22 11:14:42', 'system', '2019-04-22 11:14:42', 'system', 1);
INSERT INTO `sb_busposition` VALUES (1218, '20190422', '2019-04-22 19:14:42', 120.818062, 30.1854, 0, 0, NULL, NULL, NULL, NULL, '2019-04-22 11:14:43', 'system', '2019-04-22 11:14:43', 'system', 1);
INSERT INTO `sb_busposition` VALUES (1219, '20190422', '2019-04-22 19:14:43', 120.818062, 30.1854, 0, 0, NULL, NULL, NULL, NULL, '2019-04-22 11:14:43', 'system', '2019-04-22 11:14:43', 'system', 1);
INSERT INTO `sb_busposition` VALUES (1220, '20190422', '2019-04-22 19:14:43', 120.818062, 30.1854, 0, 0, NULL, NULL, NULL, NULL, '2019-04-22 11:14:43', 'system', '2019-04-22 11:14:43', 'system', 1);
INSERT INTO `sb_busposition` VALUES (1221, '20190422', '2019-04-22 19:14:43', 120.818062, 30.1854, 0, 0, NULL, NULL, NULL, NULL, '2019-04-22 11:14:43', 'system', '2019-04-22 11:14:43', 'system', 1);
INSERT INTO `sb_busposition` VALUES (1222, '20190422', '2019-04-22 19:14:43', 120.818233, 30.186102, 0, 0, NULL, NULL, NULL, NULL, '2019-04-22 11:14:43', 'system', '2019-04-22 11:14:43', 'system', 1);
INSERT INTO `sb_busposition` VALUES (1223, '20190422', '2019-04-22 19:14:43', 120.818062, 30.1854, 0, 0, NULL, NULL, NULL, NULL, '2019-04-22 11:14:43', 'system', '2019-04-22 11:14:43', 'system', 1);
INSERT INTO `sb_busposition` VALUES (1224, '20190422', '2019-04-22 19:14:43', 120.818062, 30.1854, 0, 0, NULL, NULL, NULL, NULL, '2019-04-22 11:14:43', 'system', '2019-04-22 11:14:43', 'system', 1);
INSERT INTO `sb_busposition` VALUES (1225, '20190422', '2019-04-22 19:14:43', 120.818233, 30.186102, 0, 0, NULL, NULL, NULL, NULL, '2019-04-22 11:14:43', 'system', '2019-04-22 11:14:43', 'system', 1);
INSERT INTO `sb_busposition` VALUES (1226, '20190422', '2019-04-22 19:14:43', 120.818244, 30.185306, 0, 0, NULL, NULL, NULL, NULL, '2019-04-22 11:14:43', 'system', '2019-04-22 11:14:43', 'system', 1);
INSERT INTO `sb_busposition` VALUES (1227, '20190422', '2019-04-22 19:14:43', 120.818244, 30.185306, 0, 0, NULL, NULL, NULL, NULL, '2019-04-22 11:14:43', 'system', '2019-04-22 11:14:43', 'system', 1);
INSERT INTO `sb_busposition` VALUES (1228, '20190422', '2019-04-22 19:14:43', 120.818244, 30.185306, 0, 0, NULL, NULL, NULL, NULL, '2019-04-22 11:14:43', 'system', '2019-04-22 11:14:43', 'system', 1);
INSERT INTO `sb_busposition` VALUES (1229, '20190422', '2019-04-22 19:14:43', 120.818233, 30.186102, 0, 0, NULL, NULL, NULL, NULL, '2019-04-22 11:14:43', 'system', '2019-04-22 11:14:43', 'system', 1);
INSERT INTO `sb_busposition` VALUES (1230, '20190422', '2019-04-22 19:14:49', 120.817849, 30.185511, 0, 0, NULL, NULL, NULL, NULL, '2019-04-22 11:14:49', 'system', '2019-04-22 11:14:49', 'system', 1);
INSERT INTO `sb_busposition` VALUES (1231, '20190422', '2019-04-22 19:14:49', 120.817849, 30.185511, 0, 0, NULL, NULL, NULL, NULL, '2019-04-22 11:14:50', 'system', '2019-04-22 11:14:50', 'system', 1);
INSERT INTO `sb_busposition` VALUES (1232, '20190422', '2019-04-22 19:14:49', 120.817849, 30.185511, 0, 0, NULL, NULL, NULL, NULL, '2019-04-22 11:14:50', 'system', '2019-04-22 11:14:50', 'system', 1);
INSERT INTO `sb_busposition` VALUES (1233, '20190422', '2019-04-22 19:14:56', 120.817459, 30.185515, 0, 0, NULL, NULL, NULL, NULL, '2019-04-22 11:14:56', 'system', '2019-04-22 11:14:56', 'system', 1);
INSERT INTO `sb_busposition` VALUES (1234, '20190422', '2019-04-22 19:14:56', 120.817319, 30.185755, 0, 0, NULL, NULL, NULL, NULL, '2019-04-22 11:14:56', 'system', '2019-04-22 11:14:56', 'system', 1);
INSERT INTO `sb_busposition` VALUES (1235, '20190422', '2019-04-22 19:14:56', 120.817319, 30.185755, 0, 0, NULL, NULL, NULL, NULL, '2019-04-22 11:14:56', 'system', '2019-04-22 11:14:56', 'system', 1);
INSERT INTO `sb_busposition` VALUES (1236, '20190422', '2019-04-22 19:14:56', 120.817459, 30.185515, 0, 0, NULL, NULL, NULL, NULL, '2019-04-22 11:14:56', 'system', '2019-04-22 11:14:56', 'system', 1);
INSERT INTO `sb_busposition` VALUES (1237, '20190422', '2019-04-22 19:14:56', 120.817459, 30.185515, 0, 0, NULL, NULL, NULL, NULL, '2019-04-22 11:14:56', 'system', '2019-04-22 11:14:56', 'system', 1);
INSERT INTO `sb_busposition` VALUES (1238, '20190422', '2019-04-22 19:14:56', 120.817319, 30.185755, 0, 0, NULL, NULL, NULL, NULL, '2019-04-22 11:14:56', 'system', '2019-04-22 11:14:56', 'system', 1);
INSERT INTO `sb_busposition` VALUES (1239, '20190422', '2019-04-22 19:14:57', 120.817237, 30.185704, 0, 0, NULL, NULL, NULL, NULL, '2019-04-22 11:14:57', 'system', '2019-04-22 11:14:57', 'system', 1);
INSERT INTO `sb_busposition` VALUES (1240, '20190422', '2019-04-22 19:14:57', 120.817237, 30.185704, 0, 0, NULL, NULL, NULL, NULL, '2019-04-22 11:14:57', 'system', '2019-04-22 11:14:57', 'system', 1);
INSERT INTO `sb_busposition` VALUES (1241, '20190422', '2019-04-22 19:14:57', 120.817237, 30.185704, 0, 0, NULL, NULL, NULL, NULL, '2019-04-22 11:14:57', 'system', '2019-04-22 11:14:57', 'system', 1);
INSERT INTO `sb_busposition` VALUES (1242, '20190422', '2019-04-22 19:14:58', 120.817161, 30.185648, 0, 0, NULL, NULL, NULL, NULL, '2019-04-22 11:14:58', 'system', '2019-04-22 11:14:58', 'system', 1);
INSERT INTO `sb_busposition` VALUES (1243, '20190422', '2019-04-22 19:14:58', 120.817161, 30.185648, 0, 0, NULL, NULL, NULL, NULL, '2019-04-22 11:14:58', 'system', '2019-04-22 11:14:58', 'system', 1);
INSERT INTO `sb_busposition` VALUES (1244, '20190422', '2019-04-22 19:14:58', 120.817161, 30.185648, 0, 0, NULL, NULL, NULL, NULL, '2019-04-22 11:14:58', 'system', '2019-04-22 11:14:58', 'system', 1);
INSERT INTO `sb_busposition` VALUES (1245, '20190422', '2019-04-22 19:14:59', 120.817113, 30.185649, 0, 0, NULL, NULL, NULL, NULL, '2019-04-22 11:14:59', 'system', '2019-04-22 11:14:59', 'system', 1);
INSERT INTO `sb_busposition` VALUES (1246, '20190422', '2019-04-22 19:14:59', 120.817113, 30.185649, 0, 0, NULL, NULL, NULL, NULL, '2019-04-22 11:14:59', 'system', '2019-04-22 11:14:59', 'system', 1);
INSERT INTO `sb_busposition` VALUES (1247, '20190422', '2019-04-22 19:14:59', 120.817113, 30.185649, 0, 0, NULL, NULL, NULL, NULL, '2019-04-22 11:14:59', 'system', '2019-04-22 11:14:59', 'system', 1);
INSERT INTO `sb_busposition` VALUES (1248, '20190422', '2019-04-22 19:15:00', 120.817069, 30.185649, 0, 0, NULL, NULL, NULL, NULL, '2019-04-22 11:15:00', 'system', '2019-04-22 11:15:00', 'system', 1);
INSERT INTO `sb_busposition` VALUES (1249, '20190422', '2019-04-22 19:15:00', 120.817069, 30.185649, 0, 0, NULL, NULL, NULL, NULL, '2019-04-22 11:15:00', 'system', '2019-04-22 11:15:00', 'system', 1);
INSERT INTO `sb_busposition` VALUES (1250, '20190422', '2019-04-22 19:15:00', 120.817069, 30.185649, 0, 0, NULL, NULL, NULL, NULL, '2019-04-22 11:15:00', 'system', '2019-04-22 11:15:00', 'system', 1);
INSERT INTO `sb_busposition` VALUES (1251, '20190422', '2019-04-22 19:15:01', 120.817032, 30.185649, 0, 0, NULL, NULL, NULL, NULL, '2019-04-22 11:15:01', 'system', '2019-04-22 11:15:01', 'system', 1);
INSERT INTO `sb_busposition` VALUES (1252, '20190422', '2019-04-22 19:15:01', 120.817032, 30.185649, 0, 0, NULL, NULL, NULL, NULL, '2019-04-22 11:15:01', 'system', '2019-04-22 11:15:01', 'system', 1);
INSERT INTO `sb_busposition` VALUES (1253, '20190422', '2019-04-22 19:15:01', 120.817032, 30.185649, 0, 0, NULL, NULL, NULL, NULL, '2019-04-22 11:15:01', 'system', '2019-04-22 11:15:01', 'system', 1);
INSERT INTO `sb_busposition` VALUES (1254, '20190422', '2019-04-22 19:15:02', 120.816968, 30.185649, 0, 0, NULL, NULL, NULL, NULL, '2019-04-22 11:15:02', 'system', '2019-04-22 11:15:02', 'system', 1);
INSERT INTO `sb_busposition` VALUES (1255, '20190422', '2019-04-22 19:15:02', 120.816968, 30.185649, 0, 0, NULL, NULL, NULL, NULL, '2019-04-22 11:15:02', 'system', '2019-04-22 11:15:02', 'system', 1);
INSERT INTO `sb_busposition` VALUES (1256, '20190422', '2019-04-22 19:15:02', 120.816968, 30.185649, 0, 0, NULL, NULL, NULL, NULL, '2019-04-22 11:15:02', 'system', '2019-04-22 11:15:02', 'system', 1);
INSERT INTO `sb_busposition` VALUES (1257, '20190422', '2019-04-22 19:15:03', 120.816909, 30.185649, 0, 0, NULL, NULL, NULL, NULL, '2019-04-22 11:15:03', 'system', '2019-04-22 11:15:03', 'system', 1);
INSERT INTO `sb_busposition` VALUES (1258, '20190422', '2019-04-22 19:15:03', 120.816909, 30.185649, 0, 0, NULL, NULL, NULL, NULL, '2019-04-22 11:15:03', 'system', '2019-04-22 11:15:03', 'system', 1);
INSERT INTO `sb_busposition` VALUES (1259, '20190422', '2019-04-22 19:15:03', 120.816909, 30.185649, 0, 0, NULL, NULL, NULL, NULL, '2019-04-22 11:15:03', 'system', '2019-04-22 11:15:03', 'system', 1);
INSERT INTO `sb_busposition` VALUES (1260, '20190422', '2019-04-22 19:15:04', 120.816851, 30.185649, 0, 0, NULL, NULL, NULL, NULL, '2019-04-22 11:15:04', 'system', '2019-04-22 11:15:04', 'system', 1);
INSERT INTO `sb_busposition` VALUES (1261, '20190422', '2019-04-22 19:15:04', 120.816851, 30.185649, 0, 0, NULL, NULL, NULL, NULL, '2019-04-22 11:15:04', 'system', '2019-04-22 11:15:04', 'system', 1);
INSERT INTO `sb_busposition` VALUES (1262, '20190422', '2019-04-22 19:15:04', 120.816851, 30.185649, 0, 0, NULL, NULL, NULL, NULL, '2019-04-22 11:15:04', 'system', '2019-04-22 11:15:04', 'system', 1);
INSERT INTO `sb_busposition` VALUES (1263, '20190422', '2019-04-22 19:15:05', 120.816817, 30.185649, 0, 0, NULL, NULL, NULL, NULL, '2019-04-22 11:15:05', 'system', '2019-04-22 11:15:05', 'system', 1);
INSERT INTO `sb_busposition` VALUES (1264, '20190422', '2019-04-22 19:15:05', 120.816817, 30.185649, 0, 0, NULL, NULL, NULL, NULL, '2019-04-22 11:15:05', 'system', '2019-04-22 11:15:05', 'system', 1);
INSERT INTO `sb_busposition` VALUES (1265, '20190422', '2019-04-22 19:15:05', 120.816817, 30.185649, 0, 0, NULL, NULL, NULL, NULL, '2019-04-22 11:15:05', 'system', '2019-04-22 11:15:05', 'system', 1);
INSERT INTO `sb_busposition` VALUES (1266, '20190422', '2019-04-22 19:15:06', 120.816707, 30.18565, 0, 0, NULL, NULL, NULL, NULL, '2019-04-22 11:15:06', 'system', '2019-04-22 11:15:06', 'system', 1);
INSERT INTO `sb_busposition` VALUES (1267, '20190422', '2019-04-22 19:15:06', 120.816707, 30.18565, 0, 0, NULL, NULL, NULL, NULL, '2019-04-22 11:15:06', 'system', '2019-04-22 11:15:06', 'system', 1);
INSERT INTO `sb_busposition` VALUES (1268, '20190422', '2019-04-22 19:15:06', 120.816707, 30.18565, 0, 0, NULL, NULL, NULL, NULL, '2019-04-22 11:15:06', 'system', '2019-04-22 11:15:06', 'system', 1);
INSERT INTO `sb_busposition` VALUES (1269, '20190422', '2019-04-22 19:15:07', 120.81664, 30.185651, 0, 0, NULL, NULL, NULL, NULL, '2019-04-22 11:15:07', 'system', '2019-04-22 11:15:07', 'system', 1);
INSERT INTO `sb_busposition` VALUES (1270, '20190422', '2019-04-22 19:15:07', 120.81664, 30.185651, 0, 0, NULL, NULL, NULL, NULL, '2019-04-22 11:15:07', 'system', '2019-04-22 11:15:07', 'system', 1);
INSERT INTO `sb_busposition` VALUES (1271, '20190422', '2019-04-22 19:15:07', 120.81664, 30.185651, 0, 0, NULL, NULL, NULL, NULL, '2019-04-22 11:15:07', 'system', '2019-04-22 11:15:07', 'system', 1);
INSERT INTO `sb_busposition` VALUES (1272, '20190422', '2019-04-22 19:15:08', 120.816553, 30.185651, 0, 0, NULL, NULL, NULL, NULL, '2019-04-22 11:15:08', 'system', '2019-04-22 11:15:08', 'system', 1);
INSERT INTO `sb_busposition` VALUES (1273, '20190422', '2019-04-22 19:15:08', 120.816553, 30.185651, 0, 0, NULL, NULL, NULL, NULL, '2019-04-22 11:15:08', 'system', '2019-04-22 11:15:08', 'system', 1);
INSERT INTO `sb_busposition` VALUES (1274, '20190422', '2019-04-22 19:15:08', 120.816553, 30.185651, 0, 0, NULL, NULL, NULL, NULL, '2019-04-22 11:15:08', 'system', '2019-04-22 11:15:08', 'system', 1);
INSERT INTO `sb_busposition` VALUES (1275, '20190422', '2019-04-22 19:15:09', 120.816467, 30.185651, 0, 0, NULL, NULL, NULL, NULL, '2019-04-22 11:15:09', 'system', '2019-04-22 11:15:09', 'system', 1);
INSERT INTO `sb_busposition` VALUES (1276, '20190422', '2019-04-22 19:15:09', 120.816467, 30.185651, 0, 0, NULL, NULL, NULL, NULL, '2019-04-22 11:15:09', 'system', '2019-04-22 11:15:09', 'system', 1);
INSERT INTO `sb_busposition` VALUES (1277, '20190422', '2019-04-22 19:15:09', 120.816467, 30.185651, 0, 0, NULL, NULL, NULL, NULL, '2019-04-22 11:15:09', 'system', '2019-04-22 11:15:09', 'system', 1);
INSERT INTO `sb_busposition` VALUES (1278, '20190422', '2019-04-22 19:15:10', 120.816392, 30.185652, 0, 0, NULL, NULL, NULL, NULL, '2019-04-22 11:15:10', 'system', '2019-04-22 11:15:10', 'system', 1);
INSERT INTO `sb_busposition` VALUES (1279, '20190422', '2019-04-22 19:15:10', 120.816392, 30.185652, 0, 0, NULL, NULL, NULL, NULL, '2019-04-22 11:15:10', 'system', '2019-04-22 11:15:10', 'system', 1);
INSERT INTO `sb_busposition` VALUES (1280, '20190422', '2019-04-22 19:15:10', 120.816392, 30.185652, 0, 0, NULL, NULL, NULL, NULL, '2019-04-22 11:15:10', 'system', '2019-04-22 11:15:10', 'system', 1);
INSERT INTO `sb_busposition` VALUES (1281, '20190422', '2019-04-22 19:15:11', 120.816302, 30.185652, 0, 0, NULL, NULL, NULL, NULL, '2019-04-22 11:15:11', 'system', '2019-04-22 11:15:11', 'system', 1);
INSERT INTO `sb_busposition` VALUES (1282, '20190422', '2019-04-22 19:15:11', 120.816302, 30.185652, 0, 0, NULL, NULL, NULL, NULL, '2019-04-22 11:15:11', 'system', '2019-04-22 11:15:11', 'system', 1);
INSERT INTO `sb_busposition` VALUES (1283, '20190422', '2019-04-22 19:15:11', 120.816302, 30.185652, 0, 0, NULL, NULL, NULL, NULL, '2019-04-22 11:15:11', 'system', '2019-04-22 11:15:11', 'system', 1);
INSERT INTO `sb_busposition` VALUES (1284, '20190422', '2019-04-22 19:15:12', 120.816214, 30.185653, 0, 0, NULL, NULL, NULL, NULL, '2019-04-22 11:15:12', 'system', '2019-04-22 11:15:12', 'system', 1);
INSERT INTO `sb_busposition` VALUES (1285, '20190422', '2019-04-22 19:15:12', 120.816214, 30.185653, 0, 0, NULL, NULL, NULL, NULL, '2019-04-22 11:15:12', 'system', '2019-04-22 11:15:12', 'system', 1);
INSERT INTO `sb_busposition` VALUES (1286, '20190422', '2019-04-22 19:15:12', 120.816214, 30.185653, 0, 0, NULL, NULL, NULL, NULL, '2019-04-22 11:15:12', 'system', '2019-04-22 11:15:12', 'system', 1);
INSERT INTO `sb_busposition` VALUES (1287, '20190422', '2019-04-22 19:15:13', 120.816124, 30.185653, 0, 0, NULL, NULL, NULL, NULL, '2019-04-22 11:15:13', 'system', '2019-04-22 11:15:13', 'system', 1);
INSERT INTO `sb_busposition` VALUES (1288, '20190422', '2019-04-22 19:15:13', 120.816124, 30.185653, 0, 0, NULL, NULL, NULL, NULL, '2019-04-22 11:15:13', 'system', '2019-04-22 11:15:13', 'system', 1);
INSERT INTO `sb_busposition` VALUES (1289, '20190422', '2019-04-22 19:15:13', 120.816124, 30.185653, 0, 0, NULL, NULL, NULL, NULL, '2019-04-22 11:15:13', 'system', '2019-04-22 11:15:13', 'system', 1);
INSERT INTO `sb_busposition` VALUES (1290, '20190422', '2019-04-22 19:15:14', 120.816041, 30.185653, 0, 0, NULL, NULL, NULL, NULL, '2019-04-22 11:15:14', 'system', '2019-04-22 11:15:14', 'system', 1);
INSERT INTO `sb_busposition` VALUES (1291, '20190422', '2019-04-22 19:15:14', 120.816041, 30.185653, 0, 0, NULL, NULL, NULL, NULL, '2019-04-22 11:15:14', 'system', '2019-04-22 11:15:14', 'system', 1);
INSERT INTO `sb_busposition` VALUES (1292, '20190422', '2019-04-22 19:15:14', 120.816041, 30.185653, 0, 0, NULL, NULL, NULL, NULL, '2019-04-22 11:15:14', 'system', '2019-04-22 11:15:14', 'system', 1);
INSERT INTO `sb_busposition` VALUES (1293, '20190422', '2019-04-22 19:15:15', 120.815959, 30.185654, 0, 0, NULL, NULL, NULL, NULL, '2019-04-22 11:15:15', 'system', '2019-04-22 11:15:15', 'system', 1);
INSERT INTO `sb_busposition` VALUES (1294, '20190422', '2019-04-22 19:15:15', 120.815959, 30.185654, 0, 0, NULL, NULL, NULL, NULL, '2019-04-22 11:15:15', 'system', '2019-04-22 11:15:15', 'system', 1);
INSERT INTO `sb_busposition` VALUES (1295, '20190422', '2019-04-22 19:15:15', 120.815959, 30.185654, 0, 0, NULL, NULL, NULL, NULL, '2019-04-22 11:15:15', 'system', '2019-04-22 11:15:15', 'system', 1);
INSERT INTO `sb_busposition` VALUES (1296, '20190422', '2019-04-22 19:15:16', 120.815882, 30.185654, 0, 0, NULL, NULL, NULL, NULL, '2019-04-22 11:15:16', 'system', '2019-04-22 11:15:16', 'system', 1);
INSERT INTO `sb_busposition` VALUES (1297, '20190422', '2019-04-22 19:15:16', 120.815882, 30.185654, 0, 0, NULL, NULL, NULL, NULL, '2019-04-22 11:15:16', 'system', '2019-04-22 11:15:16', 'system', 1);
INSERT INTO `sb_busposition` VALUES (1298, '20190422', '2019-04-22 19:15:16', 120.815882, 30.185654, 0, 0, NULL, NULL, NULL, NULL, '2019-04-22 11:15:16', 'system', '2019-04-22 11:15:16', 'system', 1);
INSERT INTO `sb_busposition` VALUES (1299, '20190422', '2019-04-22 19:15:17', 120.815817, 30.185653, 0, 0, NULL, NULL, NULL, NULL, '2019-04-22 11:15:17', 'system', '2019-04-22 11:15:17', 'system', 1);
INSERT INTO `sb_busposition` VALUES (1300, '20190422', '2019-04-22 19:15:17', 120.815817, 30.185653, 0, 0, NULL, NULL, NULL, NULL, '2019-04-22 11:15:17', 'system', '2019-04-22 11:15:17', 'system', 1);
INSERT INTO `sb_busposition` VALUES (1301, '20190422', '2019-04-22 19:15:17', 120.815817, 30.185653, 0, 0, NULL, NULL, NULL, NULL, '2019-04-22 11:15:17', 'system', '2019-04-22 11:15:17', 'system', 1);
INSERT INTO `sb_busposition` VALUES (1302, '20190422', '2019-04-22 19:15:18', 120.815765, 30.185647, 0, 0, NULL, NULL, NULL, NULL, '2019-04-22 11:15:18', 'system', '2019-04-22 11:15:18', 'system', 1);
INSERT INTO `sb_busposition` VALUES (1303, '20190422', '2019-04-22 19:15:18', 120.815765, 30.185647, 0, 0, NULL, NULL, NULL, NULL, '2019-04-22 11:15:18', 'system', '2019-04-22 11:15:18', 'system', 1);
INSERT INTO `sb_busposition` VALUES (1304, '20190422', '2019-04-22 19:15:18', 120.815765, 30.185647, 0, 0, NULL, NULL, NULL, NULL, '2019-04-22 11:15:18', 'system', '2019-04-22 11:15:18', 'system', 1);
INSERT INTO `sb_busposition` VALUES (1305, '20190422', '2019-04-22 19:15:19', 120.815753, 30.185645, 0, 0, NULL, NULL, NULL, NULL, '2019-04-22 11:15:19', 'system', '2019-04-22 11:15:19', 'system', 1);
INSERT INTO `sb_busposition` VALUES (1306, '20190422', '2019-04-22 19:15:19', 120.815753, 30.185645, 0, 0, NULL, NULL, NULL, NULL, '2019-04-22 11:15:19', 'system', '2019-04-22 11:15:19', 'system', 1);
INSERT INTO `sb_busposition` VALUES (1307, '20190422', '2019-04-22 19:15:19', 120.815753, 30.185645, 0, 0, NULL, NULL, NULL, NULL, '2019-04-22 11:15:19', 'system', '2019-04-22 11:15:19', 'system', 1);
INSERT INTO `sb_busposition` VALUES (1308, '20190422', '2019-04-22 19:15:20', 120.815649, 30.185618, 0, 0, NULL, NULL, NULL, NULL, '2019-04-22 11:15:20', 'system', '2019-04-22 11:15:20', 'system', 1);
INSERT INTO `sb_busposition` VALUES (1309, '20190422', '2019-04-22 19:15:20', 120.815649, 30.185618, 0, 0, NULL, NULL, NULL, NULL, '2019-04-22 11:15:20', 'system', '2019-04-22 11:15:20', 'system', 1);
INSERT INTO `sb_busposition` VALUES (1310, '20190422', '2019-04-22 19:15:20', 120.815649, 30.185618, 0, 0, NULL, NULL, NULL, NULL, '2019-04-22 11:15:20', 'system', '2019-04-22 11:15:20', 'system', 1);
INSERT INTO `sb_busposition` VALUES (1311, '20190422', '2019-04-22 19:15:21', 120.815632, 30.185607, 0, 0, NULL, NULL, NULL, NULL, '2019-04-22 11:15:24', 'system', '2019-04-22 11:15:24', 'system', 1);
INSERT INTO `sb_busposition` VALUES (1312, '20190422', '2019-04-22 19:15:22', 120.815632, 30.185607, 0, 0, NULL, NULL, NULL, NULL, '2019-04-22 11:15:27', 'system', '2019-04-22 11:15:27', 'system', 1);
INSERT INTO `sb_busposition` VALUES (1313, '20190422', '2019-04-22 19:15:23', 120.815632, 30.185607, 0, 0, NULL, NULL, NULL, NULL, '2019-04-22 11:15:27', 'system', '2019-04-22 11:15:27', 'system', 1);
INSERT INTO `sb_busposition` VALUES (1314, '20190422', '2019-04-22 19:15:24', 120.815595, 30.185572, 0, 0, NULL, NULL, NULL, NULL, '2019-04-22 11:15:28', 'system', '2019-04-22 11:15:28', 'system', 1);
INSERT INTO `sb_busposition` VALUES (1315, '20190422', '2019-04-22 19:15:27', 120.815573, 30.185519, 0, 0, NULL, NULL, NULL, NULL, '2019-04-22 11:15:29', 'system', '2019-04-22 11:15:29', 'system', 1);
INSERT INTO `sb_busposition` VALUES (1316, '20190422', '2019-04-22 19:15:28', 120.815573, 30.185519, 0, 0, NULL, NULL, NULL, NULL, '2019-04-22 11:15:29', 'system', '2019-04-22 11:15:29', 'system', 1);
INSERT INTO `sb_busposition` VALUES (1317, '20190422', '2019-04-22 19:15:27', 120.815595, 30.185572, 0, 0, NULL, NULL, NULL, NULL, '2019-04-22 11:15:29', 'system', '2019-04-22 11:15:29', 'system', 1);
INSERT INTO `sb_busposition` VALUES (1318, '20190422', '2019-04-22 19:15:29', 120.815573, 30.185519, 0, 0, NULL, NULL, NULL, NULL, '2019-04-22 11:15:29', 'system', '2019-04-22 11:15:29', 'system', 1);
INSERT INTO `sb_busposition` VALUES (1319, '20190422', '2019-04-22 19:15:29', 120.815563, 30.185454, 0, 0, NULL, NULL, NULL, NULL, '2019-04-22 11:15:29', 'system', '2019-04-22 11:15:29', 'system', 1);
INSERT INTO `sb_busposition` VALUES (1320, '20190422', '2019-04-22 19:15:29', 120.815563, 30.185454, 0, 0, NULL, NULL, NULL, NULL, '2019-04-22 11:15:29', 'system', '2019-04-22 11:15:29', 'system', 1);
INSERT INTO `sb_busposition` VALUES (1321, '20190422', '2019-04-22 19:15:29', 120.815595, 30.185572, 0, 0, NULL, NULL, NULL, NULL, '2019-04-22 11:15:29', 'system', '2019-04-22 11:15:29', 'system', 1);
INSERT INTO `sb_busposition` VALUES (1322, '20190422', '2019-04-22 19:15:29', 120.815563, 30.185454, 0, 0, NULL, NULL, NULL, NULL, '2019-04-22 11:15:29', 'system', '2019-04-22 11:15:29', 'system', 1);
INSERT INTO `sb_busposition` VALUES (1323, '20190422', '2019-04-22 19:15:29', 120.815561, 30.185387, 0, 0, NULL, NULL, NULL, NULL, '2019-04-22 11:15:29', 'system', '2019-04-22 11:15:29', 'system', 1);
INSERT INTO `sb_busposition` VALUES (1324, '20190422', '2019-04-22 19:15:29', 120.815561, 30.185387, 0, 0, NULL, NULL, NULL, NULL, '2019-04-22 11:15:29', 'system', '2019-04-22 11:15:29', 'system', 1);
INSERT INTO `sb_busposition` VALUES (1325, '20190422', '2019-04-22 19:15:29', 120.815559, 30.185313, 0, 0, NULL, NULL, NULL, NULL, '2019-04-22 11:15:29', 'system', '2019-04-22 11:15:29', 'system', 1);
INSERT INTO `sb_busposition` VALUES (1326, '20190422', '2019-04-22 19:15:29', 120.815561, 30.185387, 0, 0, NULL, NULL, NULL, NULL, '2019-04-22 11:15:29', 'system', '2019-04-22 11:15:29', 'system', 1);
INSERT INTO `sb_busposition` VALUES (1327, '20190422', '2019-04-22 19:15:29', 120.815557, 30.185243, 0, 0, NULL, NULL, NULL, NULL, '2019-04-22 11:15:29', 'system', '2019-04-22 11:15:29', 'system', 1);
INSERT INTO `sb_busposition` VALUES (1328, '20190422', '2019-04-22 19:15:29', 120.815559, 30.185313, 0, 0, NULL, NULL, NULL, NULL, '2019-04-22 11:15:29', 'system', '2019-04-22 11:15:29', 'system', 1);
INSERT INTO `sb_busposition` VALUES (1329, '20190422', '2019-04-22 19:15:29', 120.815559, 30.185313, 0, 0, NULL, NULL, NULL, NULL, '2019-04-22 11:15:29', 'system', '2019-04-22 11:15:29', 'system', 1);
INSERT INTO `sb_busposition` VALUES (1330, '20190422', '2019-04-22 19:15:29', 120.815557, 30.185243, 0, 0, NULL, NULL, NULL, NULL, '2019-04-22 11:15:29', 'system', '2019-04-22 11:15:29', 'system', 1);
INSERT INTO `sb_busposition` VALUES (1331, '20190422', '2019-04-22 19:15:29', 120.815555, 30.185175, 0, 0, NULL, NULL, NULL, NULL, '2019-04-22 11:15:30', 'system', '2019-04-22 11:15:30', 'system', 1);
INSERT INTO `sb_busposition` VALUES (1332, '20190422', '2019-04-22 19:15:29', 120.815557, 30.185243, 0, 0, NULL, NULL, NULL, NULL, '2019-04-22 11:15:30', 'system', '2019-04-22 11:15:30', 'system', 1);
INSERT INTO `sb_busposition` VALUES (1333, '20190422', '2019-04-22 19:15:29', 120.815555, 30.185175, 0, 0, NULL, NULL, NULL, NULL, '2019-04-22 11:15:30', 'system', '2019-04-22 11:15:30', 'system', 1);
INSERT INTO `sb_busposition` VALUES (1334, '20190422', '2019-04-22 19:15:29', 120.815555, 30.185175, 0, 0, NULL, NULL, NULL, NULL, '2019-04-22 11:15:30', 'system', '2019-04-22 11:15:30', 'system', 1);
INSERT INTO `sb_busposition` VALUES (1335, '20190422', '2019-04-22 19:15:29', 120.815553, 30.185109, 0, 0, NULL, NULL, NULL, NULL, '2019-04-22 11:15:30', 'system', '2019-04-22 11:15:30', 'system', 1);
INSERT INTO `sb_busposition` VALUES (1336, '20190422', '2019-04-22 19:15:29', 120.815553, 30.185109, 0, 0, NULL, NULL, NULL, NULL, '2019-04-22 11:15:30', 'system', '2019-04-22 11:15:30', 'system', 1);
INSERT INTO `sb_busposition` VALUES (1337, '20190422', '2019-04-22 19:15:29', 120.815553, 30.185109, 0, 0, NULL, NULL, NULL, NULL, '2019-04-22 11:15:30', 'system', '2019-04-22 11:15:30', 'system', 1);
INSERT INTO `sb_busposition` VALUES (1338, '20190422', '2019-04-22 19:15:30', 120.815552, 30.185041, 0, 0, NULL, NULL, NULL, NULL, '2019-04-22 11:15:30', 'system', '2019-04-22 11:15:30', 'system', 1);
INSERT INTO `sb_busposition` VALUES (1339, '20190422', '2019-04-22 19:15:30', 120.815552, 30.185041, 0, 0, NULL, NULL, NULL, NULL, '2019-04-22 11:15:30', 'system', '2019-04-22 11:15:30', 'system', 1);
INSERT INTO `sb_busposition` VALUES (1340, '20190422', '2019-04-22 19:15:30', 120.815552, 30.185041, 0, 0, NULL, NULL, NULL, NULL, '2019-04-22 11:15:30', 'system', '2019-04-22 11:15:30', 'system', 1);
INSERT INTO `sb_busposition` VALUES (1341, '20190422', '2019-04-22 19:15:31', 120.815551, 30.184987, 0, 0, NULL, NULL, NULL, NULL, '2019-04-22 11:15:31', 'system', '2019-04-22 11:15:31', 'system', 1);
INSERT INTO `sb_busposition` VALUES (1342, '20190422', '2019-04-22 19:15:31', 120.815551, 30.184987, 0, 0, NULL, NULL, NULL, NULL, '2019-04-22 11:15:31', 'system', '2019-04-22 11:15:31', 'system', 1);
INSERT INTO `sb_busposition` VALUES (1343, '20190422', '2019-04-22 19:15:31', 120.815551, 30.184987, 0, 0, NULL, NULL, NULL, NULL, '2019-04-22 11:15:31', 'system', '2019-04-22 11:15:31', 'system', 1);
INSERT INTO `sb_busposition` VALUES (1344, '20190422', '2019-04-22 19:15:32', 120.81555, 30.184947, 0, 0, NULL, NULL, NULL, NULL, '2019-04-22 11:15:32', 'system', '2019-04-22 11:15:32', 'system', 1);
INSERT INTO `sb_busposition` VALUES (1345, '20190422', '2019-04-22 19:15:32', 120.81555, 30.184947, 0, 0, NULL, NULL, NULL, NULL, '2019-04-22 11:15:32', 'system', '2019-04-22 11:15:32', 'system', 1);
INSERT INTO `sb_busposition` VALUES (1346, '20190422', '2019-04-22 19:15:32', 120.81555, 30.184947, 0, 0, NULL, NULL, NULL, NULL, '2019-04-22 11:15:32', 'system', '2019-04-22 11:15:32', 'system', 1);
INSERT INTO `sb_busposition` VALUES (1347, '20190422', '2019-04-22 19:15:33', 120.815586, 30.184924, 0, 0, NULL, NULL, NULL, NULL, '2019-04-22 11:15:33', 'system', '2019-04-22 11:15:33', 'system', 1);
INSERT INTO `sb_busposition` VALUES (1348, '20190422', '2019-04-22 19:15:33', 120.815586, 30.184924, 0, 0, NULL, NULL, NULL, NULL, '2019-04-22 11:15:33', 'system', '2019-04-22 11:15:33', 'system', 1);
INSERT INTO `sb_busposition` VALUES (1349, '20190422', '2019-04-22 19:15:33', 120.815586, 30.184924, 0, 0, NULL, NULL, NULL, NULL, '2019-04-22 11:15:33', 'system', '2019-04-22 11:15:33', 'system', 1);
INSERT INTO `sb_busposition` VALUES (1350, '20190422', '2019-04-22 19:15:34', 120.815587, 30.184898, 0, 0, NULL, NULL, NULL, NULL, '2019-04-22 11:15:34', 'system', '2019-04-22 11:15:34', 'system', 1);
INSERT INTO `sb_busposition` VALUES (1351, '20190422', '2019-04-22 19:15:34', 120.815587, 30.184898, 0, 0, NULL, NULL, NULL, NULL, '2019-04-22 11:15:34', 'system', '2019-04-22 11:15:34', 'system', 1);
INSERT INTO `sb_busposition` VALUES (1352, '20190422', '2019-04-22 19:15:34', 120.815587, 30.184898, 0, 0, NULL, NULL, NULL, NULL, '2019-04-22 11:15:34', 'system', '2019-04-22 11:15:34', 'system', 1);
INSERT INTO `sb_busposition` VALUES (1353, '20190422', '2019-04-22 19:15:35', 120.815583, 30.184865, 0, 0, NULL, NULL, NULL, NULL, '2019-04-22 11:15:35', 'system', '2019-04-22 11:15:35', 'system', 1);
INSERT INTO `sb_busposition` VALUES (1354, '20190422', '2019-04-22 19:15:35', 120.815583, 30.184865, 0, 0, NULL, NULL, NULL, NULL, '2019-04-22 11:15:35', 'system', '2019-04-22 11:15:35', 'system', 1);
INSERT INTO `sb_busposition` VALUES (1355, '20190422', '2019-04-22 19:15:35', 120.815583, 30.184865, 0, 0, NULL, NULL, NULL, NULL, '2019-04-22 11:15:35', 'system', '2019-04-22 11:15:35', 'system', 1);
INSERT INTO `sb_busposition` VALUES (1356, '20190422', '2019-04-22 19:15:36', 120.815575, 30.184826, 0, 0, NULL, NULL, NULL, NULL, '2019-04-22 11:15:36', 'system', '2019-04-22 11:15:36', 'system', 1);
INSERT INTO `sb_busposition` VALUES (1357, '20190422', '2019-04-22 19:15:36', 120.815575, 30.184826, 0, 0, NULL, NULL, NULL, NULL, '2019-04-22 11:15:36', 'system', '2019-04-22 11:15:36', 'system', 1);
INSERT INTO `sb_busposition` VALUES (1358, '20190422', '2019-04-22 19:15:36', 120.815575, 30.184826, 0, 0, NULL, NULL, NULL, NULL, '2019-04-22 11:15:36', 'system', '2019-04-22 11:15:36', 'system', 1);
INSERT INTO `sb_busposition` VALUES (1359, '20190422', '2019-04-22 19:15:37', 120.815572, 30.184782, 0, 0, NULL, NULL, NULL, NULL, '2019-04-22 11:15:37', 'system', '2019-04-22 11:15:37', 'system', 1);
INSERT INTO `sb_busposition` VALUES (1360, '20190422', '2019-04-22 19:15:37', 120.815572, 30.184782, 0, 0, NULL, NULL, NULL, NULL, '2019-04-22 11:15:37', 'system', '2019-04-22 11:15:37', 'system', 1);
INSERT INTO `sb_busposition` VALUES (1361, '20190422', '2019-04-22 19:15:37', 120.815572, 30.184782, 0, 0, NULL, NULL, NULL, NULL, '2019-04-22 11:15:37', 'system', '2019-04-22 11:15:37', 'system', 1);
INSERT INTO `sb_busposition` VALUES (1362, '20190422', '2019-04-22 19:15:38', 120.815575, 30.184732, 0, 0, NULL, NULL, NULL, NULL, '2019-04-22 11:15:38', 'system', '2019-04-22 11:15:38', 'system', 1);
INSERT INTO `sb_busposition` VALUES (1363, '20190422', '2019-04-22 19:15:38', 120.815575, 30.184732, 0, 0, NULL, NULL, NULL, NULL, '2019-04-22 11:15:38', 'system', '2019-04-22 11:15:38', 'system', 1);
INSERT INTO `sb_busposition` VALUES (1364, '20190422', '2019-04-22 19:15:38', 120.815575, 30.184732, 0, 0, NULL, NULL, NULL, NULL, '2019-04-22 11:15:38', 'system', '2019-04-22 11:15:38', 'system', 1);
INSERT INTO `sb_busposition` VALUES (1365, '20190422', '2019-04-22 19:15:39', 120.815576, 30.184682, 0, 0, NULL, NULL, NULL, NULL, '2019-04-22 11:15:39', 'system', '2019-04-22 11:15:39', 'system', 1);
INSERT INTO `sb_busposition` VALUES (1366, '20190422', '2019-04-22 19:15:39', 120.815576, 30.184682, 0, 0, NULL, NULL, NULL, NULL, '2019-04-22 11:15:39', 'system', '2019-04-22 11:15:39', 'system', 1);
INSERT INTO `sb_busposition` VALUES (1367, '20190422', '2019-04-22 19:15:39', 120.815576, 30.184682, 0, 0, NULL, NULL, NULL, NULL, '2019-04-22 11:15:39', 'system', '2019-04-22 11:15:39', 'system', 1);
INSERT INTO `sb_busposition` VALUES (1368, '20190422', '2019-04-22 19:15:40', 120.815573, 30.184629, 0, 0, NULL, NULL, NULL, NULL, '2019-04-22 11:15:40', 'system', '2019-04-22 11:15:40', 'system', 1);
INSERT INTO `sb_busposition` VALUES (1369, '20190422', '2019-04-22 19:15:40', 120.815573, 30.184629, 0, 0, NULL, NULL, NULL, NULL, '2019-04-22 11:15:40', 'system', '2019-04-22 11:15:40', 'system', 1);
INSERT INTO `sb_busposition` VALUES (1370, '20190422', '2019-04-22 19:15:40', 120.815573, 30.184629, 0, 0, NULL, NULL, NULL, NULL, '2019-04-22 11:15:40', 'system', '2019-04-22 11:15:40', 'system', 1);
INSERT INTO `sb_busposition` VALUES (1371, '20190422', '2019-04-22 19:15:41', 120.815575, 30.184565, 0, 0, NULL, NULL, NULL, NULL, '2019-04-22 11:15:41', 'system', '2019-04-22 11:15:41', 'system', 1);
INSERT INTO `sb_busposition` VALUES (1372, '20190422', '2019-04-22 19:15:41', 120.815575, 30.184565, 0, 0, NULL, NULL, NULL, NULL, '2019-04-22 11:15:41', 'system', '2019-04-22 11:15:41', 'system', 1);
INSERT INTO `sb_busposition` VALUES (1373, '20190422', '2019-04-22 19:15:41', 120.815575, 30.184565, 0, 0, NULL, NULL, NULL, NULL, '2019-04-22 11:15:41', 'system', '2019-04-22 11:15:41', 'system', 1);
INSERT INTO `sb_busposition` VALUES (1374, '20190422', '2019-04-22 19:15:42', 120.815577, 30.184506, 0, 0, NULL, NULL, NULL, NULL, '2019-04-22 11:15:42', 'system', '2019-04-22 11:15:42', 'system', 1);
INSERT INTO `sb_busposition` VALUES (1375, '20190422', '2019-04-22 19:15:42', 120.815577, 30.184506, 0, 0, NULL, NULL, NULL, NULL, '2019-04-22 11:15:42', 'system', '2019-04-22 11:15:42', 'system', 1);
INSERT INTO `sb_busposition` VALUES (1376, '20190422', '2019-04-22 19:15:42', 120.815577, 30.184506, 0, 0, NULL, NULL, NULL, NULL, '2019-04-22 11:15:42', 'system', '2019-04-22 11:15:42', 'system', 1);
INSERT INTO `sb_busposition` VALUES (1377, '20190422', '2019-04-22 19:15:43', 120.815571, 30.184439, 0, 0, NULL, NULL, NULL, NULL, '2019-04-22 11:15:43', 'system', '2019-04-22 11:15:43', 'system', 1);
INSERT INTO `sb_busposition` VALUES (1378, '20190422', '2019-04-22 19:15:43', 120.815571, 30.184439, 0, 0, NULL, NULL, NULL, NULL, '2019-04-22 11:15:43', 'system', '2019-04-22 11:15:43', 'system', 1);
INSERT INTO `sb_busposition` VALUES (1379, '20190422', '2019-04-22 19:15:43', 120.815571, 30.184439, 0, 0, NULL, NULL, NULL, NULL, '2019-04-22 11:15:43', 'system', '2019-04-22 11:15:43', 'system', 1);
INSERT INTO `sb_busposition` VALUES (1380, '20190422', '2019-04-22 19:15:44', 120.815571, 30.184371, 0, 0, NULL, NULL, NULL, NULL, '2019-04-22 11:15:44', 'system', '2019-04-22 11:15:44', 'system', 1);
INSERT INTO `sb_busposition` VALUES (1381, '20190422', '2019-04-22 19:15:44', 120.815571, 30.184371, 0, 0, NULL, NULL, NULL, NULL, '2019-04-22 11:15:44', 'system', '2019-04-22 11:15:44', 'system', 1);
INSERT INTO `sb_busposition` VALUES (1382, '20190422', '2019-04-22 19:15:44', 120.815571, 30.184371, 0, 0, NULL, NULL, NULL, NULL, '2019-04-22 11:15:44', 'system', '2019-04-22 11:15:44', 'system', 1);
INSERT INTO `sb_busposition` VALUES (1383, '20190422', '2019-04-22 19:15:45', 120.815571, 30.184299, 0, 0, NULL, NULL, NULL, NULL, '2019-04-22 11:15:45', 'system', '2019-04-22 11:15:45', 'system', 1);
INSERT INTO `sb_busposition` VALUES (1384, '20190422', '2019-04-22 19:15:45', 120.815571, 30.184299, 0, 0, NULL, NULL, NULL, NULL, '2019-04-22 11:15:45', 'system', '2019-04-22 11:15:45', 'system', 1);
INSERT INTO `sb_busposition` VALUES (1385, '20190422', '2019-04-22 19:15:45', 120.815571, 30.184299, 0, 0, NULL, NULL, NULL, NULL, '2019-04-22 11:15:45', 'system', '2019-04-22 11:15:45', 'system', 1);
INSERT INTO `sb_busposition` VALUES (1386, '20190422', '2019-04-22 19:15:46', 120.815575, 30.184227, 0, 0, NULL, NULL, NULL, NULL, '2019-04-22 11:15:46', 'system', '2019-04-22 11:15:46', 'system', 1);
INSERT INTO `sb_busposition` VALUES (1387, '20190422', '2019-04-22 19:15:46', 120.815575, 30.184227, 0, 0, NULL, NULL, NULL, NULL, '2019-04-22 11:15:46', 'system', '2019-04-22 11:15:46', 'system', 1);
INSERT INTO `sb_busposition` VALUES (1388, '20190422', '2019-04-22 19:15:46', 120.815575, 30.184227, 0, 0, NULL, NULL, NULL, NULL, '2019-04-22 11:15:46', 'system', '2019-04-22 11:15:46', 'system', 1);
INSERT INTO `sb_busposition` VALUES (1389, '20190422', '2019-04-22 19:15:47', 120.81558, 30.184157, 0, 0, NULL, NULL, NULL, NULL, '2019-04-22 11:15:47', 'system', '2019-04-22 11:15:47', 'system', 1);
INSERT INTO `sb_busposition` VALUES (1390, '20190422', '2019-04-22 19:15:47', 120.81558, 30.184157, 0, 0, NULL, NULL, NULL, NULL, '2019-04-22 11:15:47', 'system', '2019-04-22 11:15:47', 'system', 1);
INSERT INTO `sb_busposition` VALUES (1391, '20190422', '2019-04-22 19:15:47', 120.81558, 30.184157, 0, 0, NULL, NULL, NULL, NULL, '2019-04-22 11:15:47', 'system', '2019-04-22 11:15:47', 'system', 1);
INSERT INTO `sb_busposition` VALUES (1392, '20190422', '2019-04-22 19:15:48', 120.815546, 30.184085, 0, 0, NULL, NULL, NULL, NULL, '2019-04-22 11:15:48', 'system', '2019-04-22 11:15:48', 'system', 1);
INSERT INTO `sb_busposition` VALUES (1393, '20190422', '2019-04-22 19:15:48', 120.815546, 30.184085, 0, 0, NULL, NULL, NULL, NULL, '2019-04-22 11:15:48', 'system', '2019-04-22 11:15:48', 'system', 1);
INSERT INTO `sb_busposition` VALUES (1394, '20190422', '2019-04-22 19:15:48', 120.815546, 30.184085, 0, 0, NULL, NULL, NULL, NULL, '2019-04-22 11:15:48', 'system', '2019-04-22 11:15:48', 'system', 1);
INSERT INTO `sb_busposition` VALUES (1395, '20190422', '2019-04-22 19:15:49', 120.815545, 30.184013, 0, 0, NULL, NULL, NULL, NULL, '2019-04-22 11:15:49', 'system', '2019-04-22 11:15:49', 'system', 1);
INSERT INTO `sb_busposition` VALUES (1396, '20190422', '2019-04-22 19:15:49', 120.815545, 30.184013, 0, 0, NULL, NULL, NULL, NULL, '2019-04-22 11:15:49', 'system', '2019-04-22 11:15:49', 'system', 1);
INSERT INTO `sb_busposition` VALUES (1397, '20190422', '2019-04-22 19:15:49', 120.815545, 30.184013, 0, 0, NULL, NULL, NULL, NULL, '2019-04-22 11:15:49', 'system', '2019-04-22 11:15:49', 'system', 1);
INSERT INTO `sb_busposition` VALUES (1398, '20190422', '2019-04-22 19:15:50', 120.815545, 30.183938, 0, 0, NULL, NULL, NULL, NULL, '2019-04-22 11:15:50', 'system', '2019-04-22 11:15:50', 'system', 1);
INSERT INTO `sb_busposition` VALUES (1399, '20190422', '2019-04-22 19:15:50', 120.815545, 30.183938, 0, 0, NULL, NULL, NULL, NULL, '2019-04-22 11:15:50', 'system', '2019-04-22 11:15:50', 'system', 1);
INSERT INTO `sb_busposition` VALUES (1400, '20190422', '2019-04-22 19:15:50', 120.815545, 30.183938, 0, 0, NULL, NULL, NULL, NULL, '2019-04-22 11:15:50', 'system', '2019-04-22 11:15:50', 'system', 1);
INSERT INTO `sb_busposition` VALUES (1401, '20190422', '2019-04-22 19:15:51', 120.815544, 30.183864, 0, 0, NULL, NULL, NULL, NULL, '2019-04-22 11:15:51', 'system', '2019-04-22 11:15:51', 'system', 1);
INSERT INTO `sb_busposition` VALUES (1402, '20190422', '2019-04-22 19:15:51', 120.815544, 30.183864, 0, 0, NULL, NULL, NULL, NULL, '2019-04-22 11:15:51', 'system', '2019-04-22 11:15:51', 'system', 1);
INSERT INTO `sb_busposition` VALUES (1403, '20190422', '2019-04-22 19:15:51', 120.815544, 30.183864, 0, 0, NULL, NULL, NULL, NULL, '2019-04-22 11:15:51', 'system', '2019-04-22 11:15:51', 'system', 1);
INSERT INTO `sb_busposition` VALUES (1404, '20190422', '2019-04-22 19:15:52', 120.815544, 30.183791, 0, 0, NULL, NULL, NULL, NULL, '2019-04-22 11:15:52', 'system', '2019-04-22 11:15:52', 'system', 1);
INSERT INTO `sb_busposition` VALUES (1405, '20190422', '2019-04-22 19:15:52', 120.815544, 30.183791, 0, 0, NULL, NULL, NULL, NULL, '2019-04-22 11:15:52', 'system', '2019-04-22 11:15:52', 'system', 1);
INSERT INTO `sb_busposition` VALUES (1406, '20190422', '2019-04-22 19:15:52', 120.815544, 30.183791, 0, 0, NULL, NULL, NULL, NULL, '2019-04-22 11:15:52', 'system', '2019-04-22 11:15:52', 'system', 1);
INSERT INTO `sb_busposition` VALUES (1407, '20190422', '2019-04-22 19:15:53', 120.815544, 30.183723, 0, 0, NULL, NULL, NULL, NULL, '2019-04-22 11:15:53', 'system', '2019-04-22 11:15:53', 'system', 1);
INSERT INTO `sb_busposition` VALUES (1408, '20190422', '2019-04-22 19:15:53', 120.815544, 30.183723, 0, 0, NULL, NULL, NULL, NULL, '2019-04-22 11:15:53', 'system', '2019-04-22 11:15:53', 'system', 1);
INSERT INTO `sb_busposition` VALUES (1409, '20190422', '2019-04-22 19:15:53', 120.815544, 30.183723, 0, 0, NULL, NULL, NULL, NULL, '2019-04-22 11:15:53', 'system', '2019-04-22 11:15:53', 'system', 1);
INSERT INTO `sb_busposition` VALUES (1410, '20190422', '2019-04-22 19:15:54', 120.815543, 30.18365, 0, 0, NULL, NULL, NULL, NULL, '2019-04-22 11:15:54', 'system', '2019-04-22 11:15:54', 'system', 1);
INSERT INTO `sb_busposition` VALUES (1411, '20190422', '2019-04-22 19:15:54', 120.815543, 30.18365, 0, 0, NULL, NULL, NULL, NULL, '2019-04-22 11:15:54', 'system', '2019-04-22 11:15:54', 'system', 1);
INSERT INTO `sb_busposition` VALUES (1412, '20190422', '2019-04-22 19:15:54', 120.815543, 30.18365, 0, 0, NULL, NULL, NULL, NULL, '2019-04-22 11:15:54', 'system', '2019-04-22 11:15:54', 'system', 1);
INSERT INTO `sb_busposition` VALUES (1413, '20190422', '2019-04-22 19:15:55', 120.815543, 30.183575, 0, 0, NULL, NULL, NULL, NULL, '2019-04-22 11:15:55', 'system', '2019-04-22 11:15:55', 'system', 1);
INSERT INTO `sb_busposition` VALUES (1414, '20190422', '2019-04-22 19:15:55', 120.815543, 30.183575, 0, 0, NULL, NULL, NULL, NULL, '2019-04-22 11:15:55', 'system', '2019-04-22 11:15:55', 'system', 1);
INSERT INTO `sb_busposition` VALUES (1415, '20190422', '2019-04-22 19:15:55', 120.815543, 30.183575, 0, 0, NULL, NULL, NULL, NULL, '2019-04-22 11:15:55', 'system', '2019-04-22 11:15:55', 'system', 1);
INSERT INTO `sb_busposition` VALUES (1416, '20190422', '2019-04-22 19:15:56', 120.815542, 30.183502, 0, 0, NULL, NULL, NULL, NULL, '2019-04-22 11:15:56', 'system', '2019-04-22 11:15:56', 'system', 1);
INSERT INTO `sb_busposition` VALUES (1417, '20190422', '2019-04-22 19:15:56', 120.815542, 30.183502, 0, 0, NULL, NULL, NULL, NULL, '2019-04-22 11:15:56', 'system', '2019-04-22 11:15:56', 'system', 1);
INSERT INTO `sb_busposition` VALUES (1418, '20190422', '2019-04-22 19:15:56', 120.815542, 30.183502, 0, 0, NULL, NULL, NULL, NULL, '2019-04-22 11:15:56', 'system', '2019-04-22 11:15:56', 'system', 1);
INSERT INTO `sb_busposition` VALUES (1419, '20190422', '2019-04-22 19:15:57', 120.815544, 30.183417, 0, 0, NULL, NULL, NULL, NULL, '2019-04-22 11:15:57', 'system', '2019-04-22 11:15:57', 'system', 1);
INSERT INTO `sb_busposition` VALUES (1420, '20190422', '2019-04-22 19:15:57', 120.815544, 30.183417, 0, 0, NULL, NULL, NULL, NULL, '2019-04-22 11:15:57', 'system', '2019-04-22 11:15:57', 'system', 1);
INSERT INTO `sb_busposition` VALUES (1421, '20190422', '2019-04-22 19:15:57', 120.815544, 30.183417, 0, 0, NULL, NULL, NULL, NULL, '2019-04-22 11:15:57', 'system', '2019-04-22 11:15:57', 'system', 1);
INSERT INTO `sb_busposition` VALUES (1422, '20190422', '2019-04-22 19:15:58', 120.815552, 30.18334, 0, 0, NULL, NULL, NULL, NULL, '2019-04-22 11:15:58', 'system', '2019-04-22 11:15:58', 'system', 1);
INSERT INTO `sb_busposition` VALUES (1423, '20190422', '2019-04-22 19:15:58', 120.815552, 30.18334, 0, 0, NULL, NULL, NULL, NULL, '2019-04-22 11:15:58', 'system', '2019-04-22 11:15:58', 'system', 1);
INSERT INTO `sb_busposition` VALUES (1424, '20190422', '2019-04-22 19:15:58', 120.815552, 30.18334, 0, 0, NULL, NULL, NULL, NULL, '2019-04-22 11:15:58', 'system', '2019-04-22 11:15:58', 'system', 1);
INSERT INTO `sb_busposition` VALUES (1425, '20190422', '2019-04-22 19:15:59', 120.815553, 30.18326, 0, 0, NULL, NULL, NULL, NULL, '2019-04-22 11:15:59', 'system', '2019-04-22 11:15:59', 'system', 1);
INSERT INTO `sb_busposition` VALUES (1426, '20190422', '2019-04-22 19:15:59', 120.815553, 30.18326, 0, 0, NULL, NULL, NULL, NULL, '2019-04-22 11:15:59', 'system', '2019-04-22 11:15:59', 'system', 1);
INSERT INTO `sb_busposition` VALUES (1427, '20190422', '2019-04-22 19:15:59', 120.815553, 30.18326, 0, 0, NULL, NULL, NULL, NULL, '2019-04-22 11:15:59', 'system', '2019-04-22 11:15:59', 'system', 1);
INSERT INTO `sb_busposition` VALUES (1428, '20190422', '2019-04-22 19:16:00', 120.815545, 30.183183, 0, 0, NULL, NULL, NULL, NULL, '2019-04-22 11:16:00', 'system', '2019-04-22 11:16:00', 'system', 1);
INSERT INTO `sb_busposition` VALUES (1429, '20190422', '2019-04-22 19:16:00', 120.815545, 30.183183, 0, 0, NULL, NULL, NULL, NULL, '2019-04-22 11:16:00', 'system', '2019-04-22 11:16:00', 'system', 1);
INSERT INTO `sb_busposition` VALUES (1430, '20190422', '2019-04-22 19:16:00', 120.815545, 30.183183, 0, 0, NULL, NULL, NULL, NULL, '2019-04-22 11:16:00', 'system', '2019-04-22 11:16:00', 'system', 1);
INSERT INTO `sb_busposition` VALUES (1431, '20190422', '2019-04-22 19:16:01', 120.815536, 30.18311, 0, 0, NULL, NULL, NULL, NULL, '2019-04-22 11:16:01', 'system', '2019-04-22 11:16:01', 'system', 1);
INSERT INTO `sb_busposition` VALUES (1432, '20190422', '2019-04-22 19:16:01', 120.815536, 30.18311, 0, 0, NULL, NULL, NULL, NULL, '2019-04-22 11:16:01', 'system', '2019-04-22 11:16:01', 'system', 1);
INSERT INTO `sb_busposition` VALUES (1433, '20190422', '2019-04-22 19:16:01', 120.815536, 30.18311, 0, 0, NULL, NULL, NULL, NULL, '2019-04-22 11:16:01', 'system', '2019-04-22 11:16:01', 'system', 1);
INSERT INTO `sb_busposition` VALUES (1434, '20190422', '2019-04-22 19:16:02', 120.815535, 30.183044, 0, 0, NULL, NULL, NULL, NULL, '2019-04-22 11:16:02', 'system', '2019-04-22 11:16:02', 'system', 1);
INSERT INTO `sb_busposition` VALUES (1435, '20190422', '2019-04-22 19:16:02', 120.815535, 30.183044, 0, 0, NULL, NULL, NULL, NULL, '2019-04-22 11:16:02', 'system', '2019-04-22 11:16:02', 'system', 1);
INSERT INTO `sb_busposition` VALUES (1436, '20190422', '2019-04-22 19:16:02', 120.815535, 30.183044, 0, 0, NULL, NULL, NULL, NULL, '2019-04-22 11:16:02', 'system', '2019-04-22 11:16:02', 'system', 1);
INSERT INTO `sb_busposition` VALUES (1437, '20190422', '2019-04-22 19:16:03', 120.815535, 30.182993, 0, 0, NULL, NULL, NULL, NULL, '2019-04-22 11:16:03', 'system', '2019-04-22 11:16:03', 'system', 1);
INSERT INTO `sb_busposition` VALUES (1438, '20190422', '2019-04-22 19:16:03', 120.815535, 30.182993, 0, 0, NULL, NULL, NULL, NULL, '2019-04-22 11:16:03', 'system', '2019-04-22 11:16:03', 'system', 1);
INSERT INTO `sb_busposition` VALUES (1439, '20190422', '2019-04-22 19:16:03', 120.815535, 30.182993, 0, 0, NULL, NULL, NULL, NULL, '2019-04-22 11:16:03', 'system', '2019-04-22 11:16:03', 'system', 1);
INSERT INTO `sb_busposition` VALUES (1440, '20190422', '2019-04-22 19:16:04', 120.815525, 30.182953, 0, 0, NULL, NULL, NULL, NULL, '2019-04-22 11:16:04', 'system', '2019-04-22 11:16:04', 'system', 1);
INSERT INTO `sb_busposition` VALUES (1441, '20190422', '2019-04-22 19:16:04', 120.815525, 30.182953, 0, 0, NULL, NULL, NULL, NULL, '2019-04-22 11:16:04', 'system', '2019-04-22 11:16:04', 'system', 1);
INSERT INTO `sb_busposition` VALUES (1442, '20190422', '2019-04-22 19:16:04', 120.815525, 30.182953, 0, 0, NULL, NULL, NULL, NULL, '2019-04-22 11:16:04', 'system', '2019-04-22 11:16:04', 'system', 1);
INSERT INTO `sb_busposition` VALUES (1443, '20190422', '2019-04-22 19:16:05', 120.815529, 30.182923, 0, 0, NULL, NULL, NULL, NULL, '2019-04-22 11:16:05', 'system', '2019-04-22 11:16:05', 'system', 1);
INSERT INTO `sb_busposition` VALUES (1444, '20190422', '2019-04-22 19:16:05', 120.815529, 30.182923, 0, 0, NULL, NULL, NULL, NULL, '2019-04-22 11:16:05', 'system', '2019-04-22 11:16:05', 'system', 1);
INSERT INTO `sb_busposition` VALUES (1445, '20190422', '2019-04-22 19:16:05', 120.815529, 30.182923, 0, 0, NULL, NULL, NULL, NULL, '2019-04-22 11:16:05', 'system', '2019-04-22 11:16:05', 'system', 1);
INSERT INTO `sb_busposition` VALUES (1446, '20190422', '2019-04-22 19:16:06', 120.815529, 30.182904, 0, 0, NULL, NULL, NULL, NULL, '2019-04-22 11:16:06', 'system', '2019-04-22 11:16:06', 'system', 1);
INSERT INTO `sb_busposition` VALUES (1447, '20190422', '2019-04-22 19:16:06', 120.815529, 30.182904, 0, 0, NULL, NULL, NULL, NULL, '2019-04-22 11:16:06', 'system', '2019-04-22 11:16:06', 'system', 1);
INSERT INTO `sb_busposition` VALUES (1448, '20190422', '2019-04-22 19:16:06', 120.815529, 30.182904, 0, 0, NULL, NULL, NULL, NULL, '2019-04-22 11:16:06', 'system', '2019-04-22 11:16:06', 'system', 1);
INSERT INTO `sb_busposition` VALUES (1449, '20190422', '2019-04-22 19:16:07', 120.815529, 30.182876, 0, 0, NULL, NULL, NULL, NULL, '2019-04-22 11:16:07', 'system', '2019-04-22 11:16:07', 'system', 1);
INSERT INTO `sb_busposition` VALUES (1450, '20190422', '2019-04-22 19:16:07', 120.815529, 30.182876, 0, 0, NULL, NULL, NULL, NULL, '2019-04-22 11:16:07', 'system', '2019-04-22 11:16:07', 'system', 1);
INSERT INTO `sb_busposition` VALUES (1451, '20190422', '2019-04-22 19:16:07', 120.815529, 30.182876, 0, 0, NULL, NULL, NULL, NULL, '2019-04-22 11:16:07', 'system', '2019-04-22 11:16:07', 'system', 1);
INSERT INTO `sb_busposition` VALUES (1452, '20190422', '2019-04-22 19:16:08', 120.815526, 30.182839, 0, 0, NULL, NULL, NULL, NULL, '2019-04-22 11:16:08', 'system', '2019-04-22 11:16:08', 'system', 1);
INSERT INTO `sb_busposition` VALUES (1453, '20190422', '2019-04-22 19:16:08', 120.815526, 30.182839, 0, 0, NULL, NULL, NULL, NULL, '2019-04-22 11:16:08', 'system', '2019-04-22 11:16:08', 'system', 1);
INSERT INTO `sb_busposition` VALUES (1454, '20190422', '2019-04-22 19:16:08', 120.815526, 30.182839, 0, 0, NULL, NULL, NULL, NULL, '2019-04-22 11:16:08', 'system', '2019-04-22 11:16:08', 'system', 1);
INSERT INTO `sb_busposition` VALUES (1455, '20190422', '2019-04-22 19:16:09', 120.81553, 30.182794, 0, 0, NULL, NULL, NULL, NULL, '2019-04-22 11:16:09', 'system', '2019-04-22 11:16:09', 'system', 1);
INSERT INTO `sb_busposition` VALUES (1456, '20190422', '2019-04-22 19:16:09', 120.81553, 30.182794, 0, 0, NULL, NULL, NULL, NULL, '2019-04-22 11:16:09', 'system', '2019-04-22 11:16:09', 'system', 1);
INSERT INTO `sb_busposition` VALUES (1457, '20190422', '2019-04-22 19:16:09', 120.81553, 30.182794, 0, 0, NULL, NULL, NULL, NULL, '2019-04-22 11:16:09', 'system', '2019-04-22 11:16:09', 'system', 1);
INSERT INTO `sb_busposition` VALUES (1458, '20190422', '2019-04-22 19:16:10', 120.815524, 30.182749, 0, 0, NULL, NULL, NULL, NULL, '2019-04-22 11:16:10', 'system', '2019-04-22 11:16:10', 'system', 1);
INSERT INTO `sb_busposition` VALUES (1459, '20190422', '2019-04-22 19:16:10', 120.815524, 30.182749, 0, 0, NULL, NULL, NULL, NULL, '2019-04-22 11:16:10', 'system', '2019-04-22 11:16:10', 'system', 1);
INSERT INTO `sb_busposition` VALUES (1460, '20190422', '2019-04-22 19:16:10', 120.815524, 30.182749, 0, 0, NULL, NULL, NULL, NULL, '2019-04-22 11:16:10', 'system', '2019-04-22 11:16:10', 'system', 1);
INSERT INTO `sb_busposition` VALUES (1461, '20190422', '2019-04-22 19:16:11', 120.815528, 30.182697, 0, 0, NULL, NULL, NULL, NULL, '2019-04-22 11:16:11', 'system', '2019-04-22 11:16:11', 'system', 1);
INSERT INTO `sb_busposition` VALUES (1462, '20190422', '2019-04-22 19:16:11', 120.815528, 30.182697, 0, 0, NULL, NULL, NULL, NULL, '2019-04-22 11:16:11', 'system', '2019-04-22 11:16:11', 'system', 1);
INSERT INTO `sb_busposition` VALUES (1463, '20190422', '2019-04-22 19:16:11', 120.815528, 30.182697, 0, 0, NULL, NULL, NULL, NULL, '2019-04-22 11:16:11', 'system', '2019-04-22 11:16:11', 'system', 1);
INSERT INTO `sb_busposition` VALUES (1464, '20190422', '2019-04-22 19:16:12', 120.81556, 30.182638, 0, 0, NULL, NULL, NULL, NULL, '2019-04-22 11:16:12', 'system', '2019-04-22 11:16:12', 'system', 1);
INSERT INTO `sb_busposition` VALUES (1465, '20190422', '2019-04-22 19:16:12', 120.81556, 30.182638, 0, 0, NULL, NULL, NULL, NULL, '2019-04-22 11:16:12', 'system', '2019-04-22 11:16:12', 'system', 1);
INSERT INTO `sb_busposition` VALUES (1466, '20190422', '2019-04-22 19:16:12', 120.81556, 30.182638, 0, 0, NULL, NULL, NULL, NULL, '2019-04-22 11:16:12', 'system', '2019-04-22 11:16:12', 'system', 1);
INSERT INTO `sb_busposition` VALUES (1467, '20190422', '2019-04-22 19:16:13', 120.815561, 30.182578, 0, 0, NULL, NULL, NULL, NULL, '2019-04-22 11:16:13', 'system', '2019-04-22 11:16:13', 'system', 1);
INSERT INTO `sb_busposition` VALUES (1468, '20190422', '2019-04-22 19:16:13', 120.815561, 30.182578, 0, 0, NULL, NULL, NULL, NULL, '2019-04-22 11:16:13', 'system', '2019-04-22 11:16:13', 'system', 1);
INSERT INTO `sb_busposition` VALUES (1469, '20190422', '2019-04-22 19:16:13', 120.815561, 30.182578, 0, 0, NULL, NULL, NULL, NULL, '2019-04-22 11:16:13', 'system', '2019-04-22 11:16:13', 'system', 1);
INSERT INTO `sb_busposition` VALUES (1470, '20190422', '2019-04-22 19:16:14', 120.815562, 30.182513, 0, 0, NULL, NULL, NULL, NULL, '2019-04-22 11:16:14', 'system', '2019-04-22 11:16:14', 'system', 1);
INSERT INTO `sb_busposition` VALUES (1471, '20190422', '2019-04-22 19:16:14', 120.815562, 30.182513, 0, 0, NULL, NULL, NULL, NULL, '2019-04-22 11:16:14', 'system', '2019-04-22 11:16:14', 'system', 1);
INSERT INTO `sb_busposition` VALUES (1472, '20190422', '2019-04-22 19:16:14', 120.815562, 30.182513, 0, 0, NULL, NULL, NULL, NULL, '2019-04-22 11:16:14', 'system', '2019-04-22 11:16:14', 'system', 1);
INSERT INTO `sb_busposition` VALUES (1473, '20190422', '2019-04-22 19:16:15', 120.815563, 30.182447, 0, 0, NULL, NULL, NULL, NULL, '2019-04-22 11:16:15', 'system', '2019-04-22 11:16:15', 'system', 1);
INSERT INTO `sb_busposition` VALUES (1474, '20190422', '2019-04-22 19:16:15', 120.815563, 30.182447, 0, 0, NULL, NULL, NULL, NULL, '2019-04-22 11:16:15', 'system', '2019-04-22 11:16:15', 'system', 1);
INSERT INTO `sb_busposition` VALUES (1475, '20190422', '2019-04-22 19:16:15', 120.815563, 30.182447, 0, 0, NULL, NULL, NULL, NULL, '2019-04-22 11:16:15', 'system', '2019-04-22 11:16:15', 'system', 1);
INSERT INTO `sb_busposition` VALUES (1476, '20190422', '2019-04-22 19:16:16', 120.815565, 30.182384, 0, 0, NULL, NULL, NULL, NULL, '2019-04-22 11:16:16', 'system', '2019-04-22 11:16:16', 'system', 1);
INSERT INTO `sb_busposition` VALUES (1477, '20190422', '2019-04-22 19:16:16', 120.815565, 30.182384, 0, 0, NULL, NULL, NULL, NULL, '2019-04-22 11:16:16', 'system', '2019-04-22 11:16:16', 'system', 1);
INSERT INTO `sb_busposition` VALUES (1478, '20190422', '2019-04-22 19:16:16', 120.815565, 30.182384, 0, 0, NULL, NULL, NULL, NULL, '2019-04-22 11:16:16', 'system', '2019-04-22 11:16:16', 'system', 1);
INSERT INTO `sb_busposition` VALUES (1479, '20190422', '2019-04-22 19:16:17', 120.815566, 30.182316, 0, 0, NULL, NULL, NULL, NULL, '2019-04-22 11:16:17', 'system', '2019-04-22 11:16:17', 'system', 1);
INSERT INTO `sb_busposition` VALUES (1480, '20190422', '2019-04-22 19:16:17', 120.815566, 30.182316, 0, 0, NULL, NULL, NULL, NULL, '2019-04-22 11:16:17', 'system', '2019-04-22 11:16:17', 'system', 1);
INSERT INTO `sb_busposition` VALUES (1481, '20190422', '2019-04-22 19:16:17', 120.815566, 30.182316, 0, 0, NULL, NULL, NULL, NULL, '2019-04-22 11:16:17', 'system', '2019-04-22 11:16:17', 'system', 1);
INSERT INTO `sb_busposition` VALUES (1482, '20190422', '2019-04-22 19:16:18', 120.815569, 30.182224, 0, 0, NULL, NULL, NULL, NULL, '2019-04-22 11:16:18', 'system', '2019-04-22 11:16:18', 'system', 1);
INSERT INTO `sb_busposition` VALUES (1483, '20190422', '2019-04-22 19:16:18', 120.815569, 30.182224, 0, 0, NULL, NULL, NULL, NULL, '2019-04-22 11:16:18', 'system', '2019-04-22 11:16:18', 'system', 1);
INSERT INTO `sb_busposition` VALUES (1484, '20190422', '2019-04-22 19:16:18', 120.815569, 30.182224, 0, 0, NULL, NULL, NULL, NULL, '2019-04-22 11:16:18', 'system', '2019-04-22 11:16:18', 'system', 1);
INSERT INTO `sb_busposition` VALUES (1485, '20190422', '2019-04-22 19:16:19', 120.815573, 30.182204, 0, 0, NULL, NULL, NULL, NULL, '2019-04-22 11:16:19', 'system', '2019-04-22 11:16:19', 'system', 1);
INSERT INTO `sb_busposition` VALUES (1486, '20190422', '2019-04-22 19:16:19', 120.815573, 30.182204, 0, 0, NULL, NULL, NULL, NULL, '2019-04-22 11:16:19', 'system', '2019-04-22 11:16:19', 'system', 1);
INSERT INTO `sb_busposition` VALUES (1487, '20190422', '2019-04-22 19:16:19', 120.815573, 30.182204, 0, 0, NULL, NULL, NULL, NULL, '2019-04-22 11:16:19', 'system', '2019-04-22 11:16:19', 'system', 1);
INSERT INTO `sb_busposition` VALUES (1488, '20190422', '2019-04-22 19:16:20', 120.815589, 30.182168, 0, 0, NULL, NULL, NULL, NULL, '2019-04-22 11:16:20', 'system', '2019-04-22 11:16:20', 'system', 1);
INSERT INTO `sb_busposition` VALUES (1489, '20190422', '2019-04-22 19:16:20', 120.815589, 30.182168, 0, 0, NULL, NULL, NULL, NULL, '2019-04-22 11:16:20', 'system', '2019-04-22 11:16:20', 'system', 1);
INSERT INTO `sb_busposition` VALUES (1490, '20190422', '2019-04-22 19:16:20', 120.815589, 30.182168, 0, 0, NULL, NULL, NULL, NULL, '2019-04-22 11:16:20', 'system', '2019-04-22 11:16:20', 'system', 1);
INSERT INTO `sb_busposition` VALUES (1491, '20190422', '2019-04-22 19:16:21', 120.815633, 30.182105, 0, 0, NULL, NULL, NULL, NULL, '2019-04-22 11:16:21', 'system', '2019-04-22 11:16:21', 'system', 1);
INSERT INTO `sb_busposition` VALUES (1492, '20190422', '2019-04-22 19:16:21', 120.815633, 30.182105, 0, 0, NULL, NULL, NULL, NULL, '2019-04-22 11:16:21', 'system', '2019-04-22 11:16:21', 'system', 1);
INSERT INTO `sb_busposition` VALUES (1493, '20190422', '2019-04-22 19:16:21', 120.815633, 30.182105, 0, 0, NULL, NULL, NULL, NULL, '2019-04-22 11:16:21', 'system', '2019-04-22 11:16:21', 'system', 1);
INSERT INTO `sb_busposition` VALUES (1494, '20190422', '2019-04-22 19:16:22', 120.815672, 30.182067, 0, 0, NULL, NULL, NULL, NULL, '2019-04-22 11:16:22', 'system', '2019-04-22 11:16:22', 'system', 1);
INSERT INTO `sb_busposition` VALUES (1495, '20190422', '2019-04-22 19:16:22', 120.815672, 30.182067, 0, 0, NULL, NULL, NULL, NULL, '2019-04-22 11:16:22', 'system', '2019-04-22 11:16:22', 'system', 1);
INSERT INTO `sb_busposition` VALUES (1496, '20190422', '2019-04-22 19:16:22', 120.815672, 30.182067, 0, 0, NULL, NULL, NULL, NULL, '2019-04-22 11:16:22', 'system', '2019-04-22 11:16:22', 'system', 1);
INSERT INTO `sb_busposition` VALUES (1497, '20190422', '2019-04-22 19:16:23', 120.815726, 30.182017, 0, 0, NULL, NULL, NULL, NULL, '2019-04-22 11:16:23', 'system', '2019-04-22 11:16:23', 'system', 1);
INSERT INTO `sb_busposition` VALUES (1498, '20190422', '2019-04-22 19:16:23', 120.815726, 30.182017, 0, 0, NULL, NULL, NULL, NULL, '2019-04-22 11:16:23', 'system', '2019-04-22 11:16:23', 'system', 1);
INSERT INTO `sb_busposition` VALUES (1499, '20190422', '2019-04-22 19:16:23', 120.815726, 30.182017, 0, 0, NULL, NULL, NULL, NULL, '2019-04-22 11:16:23', 'system', '2019-04-22 11:16:23', 'system', 1);
INSERT INTO `sb_busposition` VALUES (1500, '20190422', '2019-04-22 19:16:24', 120.81578, 30.181969, 0, 0, NULL, NULL, NULL, NULL, '2019-04-22 11:16:24', 'system', '2019-04-22 11:16:24', 'system', 1);
INSERT INTO `sb_busposition` VALUES (1501, '20190422', '2019-04-22 19:16:24', 120.81578, 30.181969, 0, 0, NULL, NULL, NULL, NULL, '2019-04-22 11:16:24', 'system', '2019-04-22 11:16:24', 'system', 1);
INSERT INTO `sb_busposition` VALUES (1502, '20190422', '2019-04-22 19:16:24', 120.81578, 30.181969, 0, 0, NULL, NULL, NULL, NULL, '2019-04-22 11:16:24', 'system', '2019-04-22 11:16:24', 'system', 1);
INSERT INTO `sb_busposition` VALUES (1503, '20190422', '2019-04-22 19:16:25', 120.815832, 30.181923, 0, 0, NULL, NULL, NULL, NULL, '2019-04-22 11:16:25', 'system', '2019-04-22 11:16:25', 'system', 1);
INSERT INTO `sb_busposition` VALUES (1504, '20190422', '2019-04-22 19:16:25', 120.815832, 30.181923, 0, 0, NULL, NULL, NULL, NULL, '2019-04-22 11:16:25', 'system', '2019-04-22 11:16:25', 'system', 1);
INSERT INTO `sb_busposition` VALUES (1505, '20190422', '2019-04-22 19:16:25', 120.815832, 30.181923, 0, 0, NULL, NULL, NULL, NULL, '2019-04-22 11:16:25', 'system', '2019-04-22 11:16:25', 'system', 1);
INSERT INTO `sb_busposition` VALUES (1506, '20190422', '2019-04-22 19:16:26', 120.815883, 30.181877, 0, 0, NULL, NULL, NULL, NULL, '2019-04-22 11:16:26', 'system', '2019-04-22 11:16:26', 'system', 1);
INSERT INTO `sb_busposition` VALUES (1507, '20190422', '2019-04-22 19:16:26', 120.815883, 30.181877, 0, 0, NULL, NULL, NULL, NULL, '2019-04-22 11:16:26', 'system', '2019-04-22 11:16:26', 'system', 1);
INSERT INTO `sb_busposition` VALUES (1508, '20190422', '2019-04-22 19:16:26', 120.815883, 30.181877, 0, 0, NULL, NULL, NULL, NULL, '2019-04-22 11:16:26', 'system', '2019-04-22 11:16:26', 'system', 1);
INSERT INTO `sb_busposition` VALUES (1509, '20190422', '2019-04-22 19:16:27', 120.815936, 30.181836, 0, 0, NULL, NULL, NULL, NULL, '2019-04-22 11:16:27', 'system', '2019-04-22 11:16:27', 'system', 1);
INSERT INTO `sb_busposition` VALUES (1510, '20190422', '2019-04-22 19:16:27', 120.815936, 30.181836, 0, 0, NULL, NULL, NULL, NULL, '2019-04-22 11:16:27', 'system', '2019-04-22 11:16:27', 'system', 1);
INSERT INTO `sb_busposition` VALUES (1511, '20190422', '2019-04-22 19:16:27', 120.815936, 30.181836, 0, 0, NULL, NULL, NULL, NULL, '2019-04-22 11:16:27', 'system', '2019-04-22 11:16:27', 'system', 1);
INSERT INTO `sb_busposition` VALUES (1512, '20190422', '2019-04-22 19:16:28', 120.815988, 30.181809, 0, 0, NULL, NULL, NULL, NULL, '2019-04-22 11:16:28', 'system', '2019-04-22 11:16:28', 'system', 1);
INSERT INTO `sb_busposition` VALUES (1513, '20190422', '2019-04-22 19:16:28', 120.815988, 30.181809, 0, 0, NULL, NULL, NULL, NULL, '2019-04-22 11:16:28', 'system', '2019-04-22 11:16:28', 'system', 1);
INSERT INTO `sb_busposition` VALUES (1514, '20190422', '2019-04-22 19:16:28', 120.815988, 30.181809, 0, 0, NULL, NULL, NULL, NULL, '2019-04-22 11:16:28', 'system', '2019-04-22 11:16:28', 'system', 1);
INSERT INTO `sb_busposition` VALUES (1515, '20190422', '2019-04-22 19:16:29', 120.81604, 30.181802, 0, 0, NULL, NULL, NULL, NULL, '2019-04-22 11:16:29', 'system', '2019-04-22 11:16:29', 'system', 1);
INSERT INTO `sb_busposition` VALUES (1516, '20190422', '2019-04-22 19:16:29', 120.81604, 30.181802, 0, 0, NULL, NULL, NULL, NULL, '2019-04-22 11:16:29', 'system', '2019-04-22 11:16:29', 'system', 1);
INSERT INTO `sb_busposition` VALUES (1517, '20190422', '2019-04-22 19:16:29', 120.81604, 30.181802, 0, 0, NULL, NULL, NULL, NULL, '2019-04-22 11:16:29', 'system', '2019-04-22 11:16:29', 'system', 1);
INSERT INTO `sb_busposition` VALUES (1518, '20190422', '2019-04-22 19:16:30', 120.816101, 30.181797, 0, 0, NULL, NULL, NULL, NULL, '2019-04-22 11:16:30', 'system', '2019-04-22 11:16:30', 'system', 1);
INSERT INTO `sb_busposition` VALUES (1519, '20190422', '2019-04-22 19:16:30', 120.816101, 30.181797, 0, 0, NULL, NULL, NULL, NULL, '2019-04-22 11:16:30', 'system', '2019-04-22 11:16:30', 'system', 1);
INSERT INTO `sb_busposition` VALUES (1520, '20190422', '2019-04-22 19:16:30', 120.816101, 30.181797, 0, 0, NULL, NULL, NULL, NULL, '2019-04-22 11:16:30', 'system', '2019-04-22 11:16:30', 'system', 1);
INSERT INTO `sb_busposition` VALUES (1521, '20190422', '2019-04-22 19:16:31', 120.816162, 30.181795, 0, 0, NULL, NULL, NULL, NULL, '2019-04-22 11:16:31', 'system', '2019-04-22 11:16:31', 'system', 1);
INSERT INTO `sb_busposition` VALUES (1522, '20190422', '2019-04-22 19:16:31', 120.816162, 30.181795, 0, 0, NULL, NULL, NULL, NULL, '2019-04-22 11:16:31', 'system', '2019-04-22 11:16:31', 'system', 1);
INSERT INTO `sb_busposition` VALUES (1523, '20190422', '2019-04-22 19:16:31', 120.816162, 30.181795, 0, 0, NULL, NULL, NULL, NULL, '2019-04-22 11:16:31', 'system', '2019-04-22 11:16:31', 'system', 1);
INSERT INTO `sb_busposition` VALUES (1524, '20190422', '2019-04-22 19:16:32', 120.816225, 30.181794, 0, 0, NULL, NULL, NULL, NULL, '2019-04-22 11:16:32', 'system', '2019-04-22 11:16:32', 'system', 1);
INSERT INTO `sb_busposition` VALUES (1525, '20190422', '2019-04-22 19:16:32', 120.816225, 30.181794, 0, 0, NULL, NULL, NULL, NULL, '2019-04-22 11:16:32', 'system', '2019-04-22 11:16:32', 'system', 1);
INSERT INTO `sb_busposition` VALUES (1526, '20190422', '2019-04-22 19:16:32', 120.816225, 30.181794, 0, 0, NULL, NULL, NULL, NULL, '2019-04-22 11:16:32', 'system', '2019-04-22 11:16:32', 'system', 1);
INSERT INTO `sb_busposition` VALUES (1527, '20190422', '2019-04-22 19:16:33', 120.81629, 30.181792, 0, 0, NULL, NULL, NULL, NULL, '2019-04-22 11:16:33', 'system', '2019-04-22 11:16:33', 'system', 1);
INSERT INTO `sb_busposition` VALUES (1528, '20190422', '2019-04-22 19:16:33', 120.81629, 30.181792, 0, 0, NULL, NULL, NULL, NULL, '2019-04-22 11:16:33', 'system', '2019-04-22 11:16:33', 'system', 1);
INSERT INTO `sb_busposition` VALUES (1529, '20190422', '2019-04-22 19:16:33', 120.81629, 30.181792, 0, 0, NULL, NULL, NULL, NULL, '2019-04-22 11:16:33', 'system', '2019-04-22 11:16:33', 'system', 1);
INSERT INTO `sb_busposition` VALUES (1530, '20190422', '2019-04-22 19:16:34', 120.816337, 30.181791, 0, 0, NULL, NULL, NULL, NULL, '2019-04-22 11:16:34', 'system', '2019-04-22 11:16:34', 'system', 1);
INSERT INTO `sb_busposition` VALUES (1531, '20190422', '2019-04-22 19:16:34', 120.816337, 30.181791, 0, 0, NULL, NULL, NULL, NULL, '2019-04-22 11:16:34', 'system', '2019-04-22 11:16:34', 'system', 1);
INSERT INTO `sb_busposition` VALUES (1532, '20190422', '2019-04-22 19:16:34', 120.816337, 30.181791, 0, 0, NULL, NULL, NULL, NULL, '2019-04-22 11:16:34', 'system', '2019-04-22 11:16:34', 'system', 1);
INSERT INTO `sb_busposition` VALUES (1533, '20190422', '2019-04-22 19:16:35', 120.816374, 30.18179, 0, 0, NULL, NULL, NULL, NULL, '2019-04-22 11:16:35', 'system', '2019-04-22 11:16:35', 'system', 1);
INSERT INTO `sb_busposition` VALUES (1534, '20190422', '2019-04-22 19:16:35', 120.816374, 30.18179, 0, 0, NULL, NULL, NULL, NULL, '2019-04-22 11:16:35', 'system', '2019-04-22 11:16:35', 'system', 1);
INSERT INTO `sb_busposition` VALUES (1535, '20190422', '2019-04-22 19:16:35', 120.816374, 30.18179, 0, 0, NULL, NULL, NULL, NULL, '2019-04-22 11:16:35', 'system', '2019-04-22 11:16:35', 'system', 1);
INSERT INTO `sb_busposition` VALUES (1536, '20190422', '2019-04-22 19:16:36', 120.816394, 30.181797, 0, 0, NULL, NULL, NULL, NULL, '2019-04-22 11:16:36', 'system', '2019-04-22 11:16:36', 'system', 1);
INSERT INTO `sb_busposition` VALUES (1537, '20190422', '2019-04-22 19:16:36', 120.816394, 30.181797, 0, 0, NULL, NULL, NULL, NULL, '2019-04-22 11:16:36', 'system', '2019-04-22 11:16:36', 'system', 1);
INSERT INTO `sb_busposition` VALUES (1538, '20190422', '2019-04-22 19:16:36', 120.816394, 30.181797, 0, 0, NULL, NULL, NULL, NULL, '2019-04-22 11:16:36', 'system', '2019-04-22 11:16:36', 'system', 1);
INSERT INTO `sb_busposition` VALUES (1539, '20190422', '2019-04-22 19:16:37', 120.816439, 30.181894, 0, 0, NULL, NULL, NULL, NULL, '2019-04-22 11:16:37', 'system', '2019-04-22 11:16:37', 'system', 1);
INSERT INTO `sb_busposition` VALUES (1540, '20190422', '2019-04-22 19:16:37', 120.816439, 30.181894, 0, 0, NULL, NULL, NULL, NULL, '2019-04-22 11:16:37', 'system', '2019-04-22 11:16:37', 'system', 1);
INSERT INTO `sb_busposition` VALUES (1541, '20190422', '2019-04-22 19:16:37', 120.816439, 30.181894, 0, 0, NULL, NULL, NULL, NULL, '2019-04-22 11:16:37', 'system', '2019-04-22 11:16:37', 'system', 1);
INSERT INTO `sb_busposition` VALUES (1542, '20190422', '2019-04-22 19:16:38', 120.816438, 30.18196, 0, 0, NULL, NULL, NULL, NULL, '2019-04-22 11:16:38', 'system', '2019-04-22 11:16:38', 'system', 1);
INSERT INTO `sb_busposition` VALUES (1543, '20190422', '2019-04-22 19:16:38', 120.816438, 30.18196, 0, 0, NULL, NULL, NULL, NULL, '2019-04-22 11:16:38', 'system', '2019-04-22 11:16:38', 'system', 1);
INSERT INTO `sb_busposition` VALUES (1544, '20190422', '2019-04-22 19:16:38', 120.816438, 30.18196, 0, 0, NULL, NULL, NULL, NULL, '2019-04-22 11:16:38', 'system', '2019-04-22 11:16:38', 'system', 1);
INSERT INTO `sb_busposition` VALUES (1545, '20190422', '2019-04-22 19:16:39', 120.816438, 30.18202, 0, 0, NULL, NULL, NULL, NULL, '2019-04-22 11:16:39', 'system', '2019-04-22 11:16:39', 'system', 1);
INSERT INTO `sb_busposition` VALUES (1546, '20190422', '2019-04-22 19:16:39', 120.816438, 30.18202, 0, 0, NULL, NULL, NULL, NULL, '2019-04-22 11:16:39', 'system', '2019-04-22 11:16:39', 'system', 1);
INSERT INTO `sb_busposition` VALUES (1547, '20190422', '2019-04-22 19:16:39', 120.816438, 30.18202, 0, 0, NULL, NULL, NULL, NULL, '2019-04-22 11:16:39', 'system', '2019-04-22 11:16:39', 'system', 1);
INSERT INTO `sb_busposition` VALUES (1548, '20190422', '2019-04-22 19:16:40', 120.816438, 30.182077, 0, 0, NULL, NULL, NULL, NULL, '2019-04-22 11:16:40', 'system', '2019-04-22 11:16:40', 'system', 1);
INSERT INTO `sb_busposition` VALUES (1549, '20190422', '2019-04-22 19:16:40', 120.816438, 30.182077, 0, 0, NULL, NULL, NULL, NULL, '2019-04-22 11:16:40', 'system', '2019-04-22 11:16:40', 'system', 1);
INSERT INTO `sb_busposition` VALUES (1550, '20190422', '2019-04-22 19:16:40', 120.816438, 30.182077, 0, 0, NULL, NULL, NULL, NULL, '2019-04-22 11:16:40', 'system', '2019-04-22 11:16:40', 'system', 1);
INSERT INTO `sb_busposition` VALUES (1551, '20190422', '2019-04-22 19:16:41', 120.816437, 30.182139, 0, 0, NULL, NULL, NULL, NULL, '2019-04-22 11:16:41', 'system', '2019-04-22 11:16:41', 'system', 1);
INSERT INTO `sb_busposition` VALUES (1552, '20190422', '2019-04-22 19:16:41', 120.816437, 30.182139, 0, 0, NULL, NULL, NULL, NULL, '2019-04-22 11:16:41', 'system', '2019-04-22 11:16:41', 'system', 1);
INSERT INTO `sb_busposition` VALUES (1553, '20190422', '2019-04-22 19:16:41', 120.816437, 30.182139, 0, 0, NULL, NULL, NULL, NULL, '2019-04-22 11:16:41', 'system', '2019-04-22 11:16:41', 'system', 1);
INSERT INTO `sb_busposition` VALUES (1554, '20190422', '2019-04-22 19:16:42', 120.816437, 30.182204, 0, 0, NULL, NULL, NULL, NULL, '2019-04-22 11:16:42', 'system', '2019-04-22 11:16:42', 'system', 1);
INSERT INTO `sb_busposition` VALUES (1555, '20190422', '2019-04-22 19:16:42', 120.816437, 30.182204, 0, 0, NULL, NULL, NULL, NULL, '2019-04-22 11:16:42', 'system', '2019-04-22 11:16:42', 'system', 1);
INSERT INTO `sb_busposition` VALUES (1556, '20190422', '2019-04-22 19:16:42', 120.816437, 30.182204, 0, 0, NULL, NULL, NULL, NULL, '2019-04-22 11:16:42', 'system', '2019-04-22 11:16:42', 'system', 1);
INSERT INTO `sb_busposition` VALUES (1557, '20190422', '2019-04-22 19:16:43', 120.816437, 30.18227, 0, 0, NULL, NULL, NULL, NULL, '2019-04-22 11:16:43', 'system', '2019-04-22 11:16:43', 'system', 1);
INSERT INTO `sb_busposition` VALUES (1558, '20190422', '2019-04-22 19:16:43', 120.816437, 30.18227, 0, 0, NULL, NULL, NULL, NULL, '2019-04-22 11:16:43', 'system', '2019-04-22 11:16:43', 'system', 1);
INSERT INTO `sb_busposition` VALUES (1559, '20190422', '2019-04-22 19:16:43', 120.816437, 30.18227, 0, 0, NULL, NULL, NULL, NULL, '2019-04-22 11:16:43', 'system', '2019-04-22 11:16:43', 'system', 1);
INSERT INTO `sb_busposition` VALUES (1560, '20190422', '2019-04-22 19:16:44', 120.816436, 30.182327, 0, 0, NULL, NULL, NULL, NULL, '2019-04-22 11:16:44', 'system', '2019-04-22 11:16:44', 'system', 1);
INSERT INTO `sb_busposition` VALUES (1561, '20190422', '2019-04-22 19:16:44', 120.816436, 30.182327, 0, 0, NULL, NULL, NULL, NULL, '2019-04-22 11:16:44', 'system', '2019-04-22 11:16:44', 'system', 1);
INSERT INTO `sb_busposition` VALUES (1562, '20190422', '2019-04-22 19:16:44', 120.816436, 30.182327, 0, 0, NULL, NULL, NULL, NULL, '2019-04-22 11:16:44', 'system', '2019-04-22 11:16:44', 'system', 1);
INSERT INTO `sb_busposition` VALUES (1563, '20190422', '2019-04-22 19:16:45', 120.816436, 30.182378, 0, 0, NULL, NULL, NULL, NULL, '2019-04-22 11:16:45', 'system', '2019-04-22 11:16:45', 'system', 1);
INSERT INTO `sb_busposition` VALUES (1564, '20190422', '2019-04-22 19:16:45', 120.816436, 30.182378, 0, 0, NULL, NULL, NULL, NULL, '2019-04-22 11:16:45', 'system', '2019-04-22 11:16:45', 'system', 1);
INSERT INTO `sb_busposition` VALUES (1565, '20190422', '2019-04-22 19:16:45', 120.816436, 30.182378, 0, 0, NULL, NULL, NULL, NULL, '2019-04-22 11:16:45', 'system', '2019-04-22 11:16:45', 'system', 1);
INSERT INTO `sb_busposition` VALUES (1566, '20190422', '2019-04-22 19:16:46', 120.816436, 30.182417, 0, 0, NULL, NULL, NULL, NULL, '2019-04-22 11:16:46', 'system', '2019-04-22 11:16:46', 'system', 1);
INSERT INTO `sb_busposition` VALUES (1567, '20190422', '2019-04-22 19:16:46', 120.816436, 30.182417, 0, 0, NULL, NULL, NULL, NULL, '2019-04-22 11:16:46', 'system', '2019-04-22 11:16:46', 'system', 1);
INSERT INTO `sb_busposition` VALUES (1568, '20190422', '2019-04-22 19:16:46', 120.816436, 30.182417, 0, 0, NULL, NULL, NULL, NULL, '2019-04-22 11:16:46', 'system', '2019-04-22 11:16:46', 'system', 1);
INSERT INTO `sb_busposition` VALUES (1569, '20190422', '2019-04-22 19:16:47', 120.816435, 30.182479, 0, 0, NULL, NULL, NULL, NULL, '2019-04-22 11:16:47', 'system', '2019-04-22 11:16:47', 'system', 1);
INSERT INTO `sb_busposition` VALUES (1570, '20190422', '2019-04-22 19:16:47', 120.816435, 30.182479, 0, 0, NULL, NULL, NULL, NULL, '2019-04-22 11:16:47', 'system', '2019-04-22 11:16:47', 'system', 1);
INSERT INTO `sb_busposition` VALUES (1571, '20190422', '2019-04-22 19:16:47', 120.816435, 30.182479, 0, 0, NULL, NULL, NULL, NULL, '2019-04-22 11:16:47', 'system', '2019-04-22 11:16:47', 'system', 1);
INSERT INTO `sb_busposition` VALUES (1572, '20190422', '2019-04-22 19:16:48', 120.816435, 30.18253, 0, 0, NULL, NULL, NULL, NULL, '2019-04-22 11:16:48', 'system', '2019-04-22 11:16:48', 'system', 1);
INSERT INTO `sb_busposition` VALUES (1573, '20190422', '2019-04-22 19:16:48', 120.816435, 30.18253, 0, 0, NULL, NULL, NULL, NULL, '2019-04-22 11:16:48', 'system', '2019-04-22 11:16:48', 'system', 1);
INSERT INTO `sb_busposition` VALUES (1574, '20190422', '2019-04-22 19:16:48', 120.816435, 30.18253, 0, 0, NULL, NULL, NULL, NULL, '2019-04-22 11:16:48', 'system', '2019-04-22 11:16:48', 'system', 1);
INSERT INTO `sb_busposition` VALUES (1575, '20190422', '2019-04-22 19:16:49', 120.816435, 30.182591, 0, 0, NULL, NULL, NULL, NULL, '2019-04-22 11:16:49', 'system', '2019-04-22 11:16:49', 'system', 1);
INSERT INTO `sb_busposition` VALUES (1576, '20190422', '2019-04-22 19:16:49', 120.816435, 30.182591, 0, 0, NULL, NULL, NULL, NULL, '2019-04-22 11:16:49', 'system', '2019-04-22 11:16:49', 'system', 1);
INSERT INTO `sb_busposition` VALUES (1577, '20190422', '2019-04-22 19:16:49', 120.816435, 30.182591, 0, 0, NULL, NULL, NULL, NULL, '2019-04-22 11:16:49', 'system', '2019-04-22 11:16:49', 'system', 1);
INSERT INTO `sb_busposition` VALUES (1578, '20190422', '2019-04-22 19:16:50', 120.816434, 30.182651, 0, 0, NULL, NULL, NULL, NULL, '2019-04-22 11:16:50', 'system', '2019-04-22 11:16:50', 'system', 1);
INSERT INTO `sb_busposition` VALUES (1579, '20190422', '2019-04-22 19:16:50', 120.816434, 30.182651, 0, 0, NULL, NULL, NULL, NULL, '2019-04-22 11:16:50', 'system', '2019-04-22 11:16:50', 'system', 1);
INSERT INTO `sb_busposition` VALUES (1580, '20190422', '2019-04-22 19:16:50', 120.816434, 30.182651, 0, 0, NULL, NULL, NULL, NULL, '2019-04-22 11:16:50', 'system', '2019-04-22 11:16:50', 'system', 1);
INSERT INTO `sb_busposition` VALUES (1581, '20190422', '2019-04-22 19:16:51', 120.816434, 30.182708, 0, 0, NULL, NULL, NULL, NULL, '2019-04-22 11:16:51', 'system', '2019-04-22 11:16:51', 'system', 1);
INSERT INTO `sb_busposition` VALUES (1582, '20190422', '2019-04-22 19:16:51', 120.816434, 30.182708, 0, 0, NULL, NULL, NULL, NULL, '2019-04-22 11:16:51', 'system', '2019-04-22 11:16:51', 'system', 1);
INSERT INTO `sb_busposition` VALUES (1583, '20190422', '2019-04-22 19:16:51', 120.816434, 30.182708, 0, 0, NULL, NULL, NULL, NULL, '2019-04-22 11:16:51', 'system', '2019-04-22 11:16:51', 'system', 1);
INSERT INTO `sb_busposition` VALUES (1584, '20190422', '2019-04-22 19:16:52', 120.816434, 30.182774, 0, 0, NULL, NULL, NULL, NULL, '2019-04-22 11:16:52', 'system', '2019-04-22 11:16:52', 'system', 1);
INSERT INTO `sb_busposition` VALUES (1585, '20190422', '2019-04-22 19:16:52', 120.816434, 30.182774, 0, 0, NULL, NULL, NULL, NULL, '2019-04-22 11:16:52', 'system', '2019-04-22 11:16:52', 'system', 1);
INSERT INTO `sb_busposition` VALUES (1586, '20190422', '2019-04-22 19:16:52', 120.816434, 30.182774, 0, 0, NULL, NULL, NULL, NULL, '2019-04-22 11:16:52', 'system', '2019-04-22 11:16:52', 'system', 1);
INSERT INTO `sb_busposition` VALUES (1587, '20190422', '2019-04-22 19:16:53', 120.816433, 30.182844, 0, 0, NULL, NULL, NULL, NULL, '2019-04-22 11:16:53', 'system', '2019-04-22 11:16:53', 'system', 1);
INSERT INTO `sb_busposition` VALUES (1588, '20190422', '2019-04-22 19:16:53', 120.816433, 30.182844, 0, 0, NULL, NULL, NULL, NULL, '2019-04-22 11:16:53', 'system', '2019-04-22 11:16:53', 'system', 1);
INSERT INTO `sb_busposition` VALUES (1589, '20190422', '2019-04-22 19:16:53', 120.816433, 30.182844, 0, 0, NULL, NULL, NULL, NULL, '2019-04-22 11:16:53', 'system', '2019-04-22 11:16:53', 'system', 1);
INSERT INTO `sb_busposition` VALUES (1590, '20190422', '2019-04-22 19:16:54', 120.816433, 30.182913, 0, 0, NULL, NULL, NULL, NULL, '2019-04-22 11:16:54', 'system', '2019-04-22 11:16:54', 'system', 1);
INSERT INTO `sb_busposition` VALUES (1591, '20190422', '2019-04-22 19:16:54', 120.816433, 30.182913, 0, 0, NULL, NULL, NULL, NULL, '2019-04-22 11:16:54', 'system', '2019-04-22 11:16:54', 'system', 1);
INSERT INTO `sb_busposition` VALUES (1592, '20190422', '2019-04-22 19:16:54', 120.816433, 30.182913, 0, 0, NULL, NULL, NULL, NULL, '2019-04-22 11:16:54', 'system', '2019-04-22 11:16:54', 'system', 1);
INSERT INTO `sb_busposition` VALUES (1593, '20190422', '2019-04-22 19:16:55', 120.816432, 30.182981, 0, 0, NULL, NULL, NULL, NULL, '2019-04-22 11:16:55', 'system', '2019-04-22 11:16:55', 'system', 1);
INSERT INTO `sb_busposition` VALUES (1594, '20190422', '2019-04-22 19:16:55', 120.816432, 30.182981, 0, 0, NULL, NULL, NULL, NULL, '2019-04-22 11:16:55', 'system', '2019-04-22 11:16:55', 'system', 1);
INSERT INTO `sb_busposition` VALUES (1595, '20190422', '2019-04-22 19:16:55', 120.816432, 30.182981, 0, 0, NULL, NULL, NULL, NULL, '2019-04-22 11:16:55', 'system', '2019-04-22 11:16:55', 'system', 1);
INSERT INTO `sb_busposition` VALUES (1596, '20190422', '2019-04-22 19:16:56', 120.816432, 30.183044, 0, 0, NULL, NULL, NULL, NULL, '2019-04-22 11:16:56', 'system', '2019-04-22 11:16:56', 'system', 1);
INSERT INTO `sb_busposition` VALUES (1597, '20190422', '2019-04-22 19:16:56', 120.816432, 30.183044, 0, 0, NULL, NULL, NULL, NULL, '2019-04-22 11:16:56', 'system', '2019-04-22 11:16:56', 'system', 1);
INSERT INTO `sb_busposition` VALUES (1598, '20190422', '2019-04-22 19:16:56', 120.816432, 30.183044, 0, 0, NULL, NULL, NULL, NULL, '2019-04-22 11:16:56', 'system', '2019-04-22 11:16:56', 'system', 1);
INSERT INTO `sb_busposition` VALUES (1599, '20190422', '2019-04-22 19:16:57', 120.816432, 30.183102, 0, 0, NULL, NULL, NULL, NULL, '2019-04-22 11:16:57', 'system', '2019-04-22 11:16:57', 'system', 1);
INSERT INTO `sb_busposition` VALUES (1600, '20190422', '2019-04-22 19:16:57', 120.816432, 30.183102, 0, 0, NULL, NULL, NULL, NULL, '2019-04-22 11:16:57', 'system', '2019-04-22 11:16:57', 'system', 1);
INSERT INTO `sb_busposition` VALUES (1601, '20190422', '2019-04-22 19:16:57', 120.816432, 30.183102, 0, 0, NULL, NULL, NULL, NULL, '2019-04-22 11:16:57', 'system', '2019-04-22 11:16:57', 'system', 1);
INSERT INTO `sb_busposition` VALUES (1602, '20190422', '2019-04-22 19:16:58', 120.816431, 30.183165, 0, 0, NULL, NULL, NULL, NULL, '2019-04-22 11:16:58', 'system', '2019-04-22 11:16:58', 'system', 1);
INSERT INTO `sb_busposition` VALUES (1603, '20190422', '2019-04-22 19:16:58', 120.816431, 30.183165, 0, 0, NULL, NULL, NULL, NULL, '2019-04-22 11:16:58', 'system', '2019-04-22 11:16:58', 'system', 1);
INSERT INTO `sb_busposition` VALUES (1604, '20190422', '2019-04-22 19:16:58', 120.816431, 30.183165, 0, 0, NULL, NULL, NULL, NULL, '2019-04-22 11:16:58', 'system', '2019-04-22 11:16:58', 'system', 1);
INSERT INTO `sb_busposition` VALUES (1605, '20190422', '2019-04-22 19:16:59', 120.816431, 30.18323, 0, 0, NULL, NULL, NULL, NULL, '2019-04-22 11:16:59', 'system', '2019-04-22 11:16:59', 'system', 1);
INSERT INTO `sb_busposition` VALUES (1606, '20190422', '2019-04-22 19:16:59', 120.816431, 30.18323, 0, 0, NULL, NULL, NULL, NULL, '2019-04-22 11:16:59', 'system', '2019-04-22 11:16:59', 'system', 1);
INSERT INTO `sb_busposition` VALUES (1607, '20190422', '2019-04-22 19:16:59', 120.816431, 30.18323, 0, 0, NULL, NULL, NULL, NULL, '2019-04-22 11:16:59', 'system', '2019-04-22 11:16:59', 'system', 1);
INSERT INTO `sb_busposition` VALUES (1608, '20190422', '2019-04-22 19:17:00', 120.816431, 30.183298, 0, 0, NULL, NULL, NULL, NULL, '2019-04-22 11:17:00', 'system', '2019-04-22 11:17:00', 'system', 1);
INSERT INTO `sb_busposition` VALUES (1609, '20190422', '2019-04-22 19:17:00', 120.816431, 30.183298, 0, 0, NULL, NULL, NULL, NULL, '2019-04-22 11:17:00', 'system', '2019-04-22 11:17:00', 'system', 1);
INSERT INTO `sb_busposition` VALUES (1610, '20190422', '2019-04-22 19:17:00', 120.816431, 30.183298, 0, 0, NULL, NULL, NULL, NULL, '2019-04-22 11:17:00', 'system', '2019-04-22 11:17:00', 'system', 1);
INSERT INTO `sb_busposition` VALUES (1611, '20190422', '2019-04-22 19:17:01', 120.816431, 30.183361, 0, 0, NULL, NULL, NULL, NULL, '2019-04-22 11:17:01', 'system', '2019-04-22 11:17:01', 'system', 1);
INSERT INTO `sb_busposition` VALUES (1612, '20190422', '2019-04-22 19:17:01', 120.816431, 30.183361, 0, 0, NULL, NULL, NULL, NULL, '2019-04-22 11:17:01', 'system', '2019-04-22 11:17:01', 'system', 1);
INSERT INTO `sb_busposition` VALUES (1613, '20190422', '2019-04-22 19:17:01', 120.816431, 30.183361, 0, 0, NULL, NULL, NULL, NULL, '2019-04-22 11:17:01', 'system', '2019-04-22 11:17:01', 'system', 1);
INSERT INTO `sb_busposition` VALUES (1614, '20190422', '2019-04-22 19:17:02', 120.81643, 30.183421, 0, 0, NULL, NULL, NULL, NULL, '2019-04-22 11:17:02', 'system', '2019-04-22 11:17:02', 'system', 1);
INSERT INTO `sb_busposition` VALUES (1615, '20190422', '2019-04-22 19:17:02', 120.81643, 30.183421, 0, 0, NULL, NULL, NULL, NULL, '2019-04-22 11:17:02', 'system', '2019-04-22 11:17:02', 'system', 1);
INSERT INTO `sb_busposition` VALUES (1616, '20190422', '2019-04-22 19:17:02', 120.81643, 30.183421, 0, 0, NULL, NULL, NULL, NULL, '2019-04-22 11:17:02', 'system', '2019-04-22 11:17:02', 'system', 1);
INSERT INTO `sb_busposition` VALUES (1617, '20190422', '2019-04-22 19:17:03', 120.81643, 30.183472, 0, 0, NULL, NULL, NULL, NULL, '2019-04-22 11:17:03', 'system', '2019-04-22 11:17:03', 'system', 1);
INSERT INTO `sb_busposition` VALUES (1618, '20190422', '2019-04-22 19:17:03', 120.81643, 30.183472, 0, 0, NULL, NULL, NULL, NULL, '2019-04-22 11:17:03', 'system', '2019-04-22 11:17:03', 'system', 1);
INSERT INTO `sb_busposition` VALUES (1619, '20190422', '2019-04-22 19:17:03', 120.81643, 30.183472, 0, 0, NULL, NULL, NULL, NULL, '2019-04-22 11:17:03', 'system', '2019-04-22 11:17:03', 'system', 1);
INSERT INTO `sb_busposition` VALUES (1620, '20190422', '2019-04-22 19:17:04', 120.81643, 30.1835, 0, 0, NULL, NULL, NULL, NULL, '2019-04-22 11:17:04', 'system', '2019-04-22 11:17:04', 'system', 1);
INSERT INTO `sb_busposition` VALUES (1621, '20190422', '2019-04-22 19:17:04', 120.81643, 30.1835, 0, 0, NULL, NULL, NULL, NULL, '2019-04-22 11:17:04', 'system', '2019-04-22 11:17:04', 'system', 1);
INSERT INTO `sb_busposition` VALUES (1622, '20190422', '2019-04-22 19:17:04', 120.81643, 30.1835, 0, 0, NULL, NULL, NULL, NULL, '2019-04-22 11:17:04', 'system', '2019-04-22 11:17:04', 'system', 1);
INSERT INTO `sb_busposition` VALUES (1623, '20190422', '2019-04-22 19:17:05', 120.816435, 30.183505, 0, 0, NULL, NULL, NULL, NULL, '2019-04-22 11:17:05', 'system', '2019-04-22 11:17:05', 'system', 1);
INSERT INTO `sb_busposition` VALUES (1624, '20190422', '2019-04-22 19:17:05', 120.816435, 30.183505, 0, 0, NULL, NULL, NULL, NULL, '2019-04-22 11:17:05', 'system', '2019-04-22 11:17:05', 'system', 1);
INSERT INTO `sb_busposition` VALUES (1625, '20190422', '2019-04-22 19:17:05', 120.816435, 30.183505, 0, 0, NULL, NULL, NULL, NULL, '2019-04-22 11:17:05', 'system', '2019-04-22 11:17:05', 'system', 1);
INSERT INTO `sb_busposition` VALUES (1626, '20190422', '2019-04-22 19:17:06', 120.816542, 30.183501, 0, 0, NULL, NULL, NULL, NULL, '2019-04-22 11:17:06', 'system', '2019-04-22 11:17:06', 'system', 1);
INSERT INTO `sb_busposition` VALUES (1627, '20190422', '2019-04-22 19:17:06', 120.816542, 30.183501, 0, 0, NULL, NULL, NULL, NULL, '2019-04-22 11:17:06', 'system', '2019-04-22 11:17:06', 'system', 1);
INSERT INTO `sb_busposition` VALUES (1628, '20190422', '2019-04-22 19:17:06', 120.816542, 30.183501, 0, 0, NULL, NULL, NULL, NULL, '2019-04-22 11:17:06', 'system', '2019-04-22 11:17:06', 'system', 1);
INSERT INTO `sb_busposition` VALUES (1629, '20190422', '2019-04-22 19:17:07', 120.8166, 30.183501, 0, 0, NULL, NULL, NULL, NULL, '2019-04-22 11:17:07', 'system', '2019-04-22 11:17:07', 'system', 1);
INSERT INTO `sb_busposition` VALUES (1630, '20190422', '2019-04-22 19:17:07', 120.8166, 30.183501, 0, 0, NULL, NULL, NULL, NULL, '2019-04-22 11:17:07', 'system', '2019-04-22 11:17:07', 'system', 1);
INSERT INTO `sb_busposition` VALUES (1631, '20190422', '2019-04-22 19:17:07', 120.8166, 30.183501, 0, 0, NULL, NULL, NULL, NULL, '2019-04-22 11:17:07', 'system', '2019-04-22 11:17:07', 'system', 1);
INSERT INTO `sb_busposition` VALUES (1632, '20190422', '2019-04-22 19:17:08', 120.816662, 30.183501, 0, 0, NULL, NULL, NULL, NULL, '2019-04-22 11:17:08', 'system', '2019-04-22 11:17:08', 'system', 1);
INSERT INTO `sb_busposition` VALUES (1633, '20190422', '2019-04-22 19:17:08', 120.816662, 30.183501, 0, 0, NULL, NULL, NULL, NULL, '2019-04-22 11:17:08', 'system', '2019-04-22 11:17:08', 'system', 1);
INSERT INTO `sb_busposition` VALUES (1634, '20190422', '2019-04-22 19:17:08', 120.816662, 30.183501, 0, 0, NULL, NULL, NULL, NULL, '2019-04-22 11:17:08', 'system', '2019-04-22 11:17:08', 'system', 1);
INSERT INTO `sb_busposition` VALUES (1635, '20190422', '2019-04-22 19:17:09', 120.816724, 30.183501, 0, 0, NULL, NULL, NULL, NULL, '2019-04-22 11:17:09', 'system', '2019-04-22 11:17:09', 'system', 1);
INSERT INTO `sb_busposition` VALUES (1636, '20190422', '2019-04-22 19:17:09', 120.816724, 30.183501, 0, 0, NULL, NULL, NULL, NULL, '2019-04-22 11:17:09', 'system', '2019-04-22 11:17:09', 'system', 1);
INSERT INTO `sb_busposition` VALUES (1637, '20190422', '2019-04-22 19:17:09', 120.816724, 30.183501, 0, 0, NULL, NULL, NULL, NULL, '2019-04-22 11:17:09', 'system', '2019-04-22 11:17:09', 'system', 1);
INSERT INTO `sb_busposition` VALUES (1638, '20190422', '2019-04-22 19:17:10', 120.816792, 30.183501, 0, 0, NULL, NULL, NULL, NULL, '2019-04-22 11:17:10', 'system', '2019-04-22 11:17:10', 'system', 1);
INSERT INTO `sb_busposition` VALUES (1639, '20190422', '2019-04-22 19:17:10', 120.816792, 30.183501, 0, 0, NULL, NULL, NULL, NULL, '2019-04-22 11:17:10', 'system', '2019-04-22 11:17:10', 'system', 1);
INSERT INTO `sb_busposition` VALUES (1640, '20190422', '2019-04-22 19:17:10', 120.816792, 30.183501, 0, 0, NULL, NULL, NULL, NULL, '2019-04-22 11:17:10', 'system', '2019-04-22 11:17:10', 'system', 1);
INSERT INTO `sb_busposition` VALUES (1641, '20190422', '2019-04-22 19:17:11', 120.816867, 30.183501, 0, 0, NULL, NULL, NULL, NULL, '2019-04-22 11:17:11', 'system', '2019-04-22 11:17:11', 'system', 1);
INSERT INTO `sb_busposition` VALUES (1642, '20190422', '2019-04-22 19:17:11', 120.816867, 30.183501, 0, 0, NULL, NULL, NULL, NULL, '2019-04-22 11:17:11', 'system', '2019-04-22 11:17:11', 'system', 1);
INSERT INTO `sb_busposition` VALUES (1643, '20190422', '2019-04-22 19:17:11', 120.816867, 30.183501, 0, 0, NULL, NULL, NULL, NULL, '2019-04-22 11:17:11', 'system', '2019-04-22 11:17:11', 'system', 1);
INSERT INTO `sb_busposition` VALUES (1644, '20190422', '2019-04-22 19:17:12', 120.816942, 30.183501, 0, 0, NULL, NULL, NULL, NULL, '2019-04-22 11:17:12', 'system', '2019-04-22 11:17:12', 'system', 1);
INSERT INTO `sb_busposition` VALUES (1645, '20190422', '2019-04-22 19:17:12', 120.816942, 30.183501, 0, 0, NULL, NULL, NULL, NULL, '2019-04-22 11:17:12', 'system', '2019-04-22 11:17:12', 'system', 1);
INSERT INTO `sb_busposition` VALUES (1646, '20190422', '2019-04-22 19:17:12', 120.816942, 30.183501, 0, 0, NULL, NULL, NULL, NULL, '2019-04-22 11:17:12', 'system', '2019-04-22 11:17:12', 'system', 1);
INSERT INTO `sb_busposition` VALUES (1647, '20190422', '2019-04-22 19:17:13', 120.817017, 30.183501, 0, 0, NULL, NULL, NULL, NULL, '2019-04-22 11:17:13', 'system', '2019-04-22 11:17:13', 'system', 1);
INSERT INTO `sb_busposition` VALUES (1648, '20190422', '2019-04-22 19:17:13', 120.817017, 30.183501, 0, 0, NULL, NULL, NULL, NULL, '2019-04-22 11:17:13', 'system', '2019-04-22 11:17:13', 'system', 1);
INSERT INTO `sb_busposition` VALUES (1649, '20190422', '2019-04-22 19:17:13', 120.817017, 30.183501, 0, 0, NULL, NULL, NULL, NULL, '2019-04-22 11:17:13', 'system', '2019-04-22 11:17:13', 'system', 1);
INSERT INTO `sb_busposition` VALUES (1650, '20190422', '2019-04-22 19:17:14', 120.817092, 30.1835, 0, 0, NULL, NULL, NULL, NULL, '2019-04-22 11:17:14', 'system', '2019-04-22 11:17:14', 'system', 1);
INSERT INTO `sb_busposition` VALUES (1651, '20190422', '2019-04-22 19:17:14', 120.817092, 30.1835, 0, 0, NULL, NULL, NULL, NULL, '2019-04-22 11:17:14', 'system', '2019-04-22 11:17:14', 'system', 1);
INSERT INTO `sb_busposition` VALUES (1652, '20190422', '2019-04-22 19:17:14', 120.817092, 30.1835, 0, 0, NULL, NULL, NULL, NULL, '2019-04-22 11:17:14', 'system', '2019-04-22 11:17:14', 'system', 1);
INSERT INTO `sb_busposition` VALUES (1653, '20190422', '2019-04-22 19:17:15', 120.817171, 30.1835, 0, 0, NULL, NULL, NULL, NULL, '2019-04-22 11:17:15', 'system', '2019-04-22 11:17:15', 'system', 1);
INSERT INTO `sb_busposition` VALUES (1654, '20190422', '2019-04-22 19:17:15', 120.817171, 30.1835, 0, 0, NULL, NULL, NULL, NULL, '2019-04-22 11:17:15', 'system', '2019-04-22 11:17:15', 'system', 1);
INSERT INTO `sb_busposition` VALUES (1655, '20190422', '2019-04-22 19:17:15', 120.817171, 30.1835, 0, 0, NULL, NULL, NULL, NULL, '2019-04-22 11:17:15', 'system', '2019-04-22 11:17:15', 'system', 1);
INSERT INTO `sb_busposition` VALUES (1656, '20190422', '2019-04-22 19:17:16', 120.817251, 30.1835, 0, 0, NULL, NULL, NULL, NULL, '2019-04-22 11:17:16', 'system', '2019-04-22 11:17:16', 'system', 1);
INSERT INTO `sb_busposition` VALUES (1657, '20190422', '2019-04-22 19:17:16', 120.817251, 30.1835, 0, 0, NULL, NULL, NULL, NULL, '2019-04-22 11:17:16', 'system', '2019-04-22 11:17:16', 'system', 1);
INSERT INTO `sb_busposition` VALUES (1658, '20190422', '2019-04-22 19:17:16', 120.817251, 30.1835, 0, 0, NULL, NULL, NULL, NULL, '2019-04-22 11:17:16', 'system', '2019-04-22 11:17:16', 'system', 1);
INSERT INTO `sb_busposition` VALUES (1659, '20190422', '2019-04-22 19:17:17', 120.817332, 30.1835, 0, 0, NULL, NULL, NULL, NULL, '2019-04-22 11:17:17', 'system', '2019-04-22 11:17:17', 'system', 1);
INSERT INTO `sb_busposition` VALUES (1660, '20190422', '2019-04-22 19:17:17', 120.817332, 30.1835, 0, 0, NULL, NULL, NULL, NULL, '2019-04-22 11:17:17', 'system', '2019-04-22 11:17:17', 'system', 1);
INSERT INTO `sb_busposition` VALUES (1661, '20190422', '2019-04-22 19:17:17', 120.817332, 30.1835, 0, 0, NULL, NULL, NULL, NULL, '2019-04-22 11:17:17', 'system', '2019-04-22 11:17:17', 'system', 1);
INSERT INTO `sb_busposition` VALUES (1662, '20190422', '2019-04-22 19:17:18', 120.817372, 30.1835, 0, 0, NULL, NULL, NULL, NULL, '2019-04-22 11:17:18', 'system', '2019-04-22 11:17:18', 'system', 1);
INSERT INTO `sb_busposition` VALUES (1663, '20190422', '2019-04-22 19:17:18', 120.817372, 30.1835, 0, 0, NULL, NULL, NULL, NULL, '2019-04-22 11:17:18', 'system', '2019-04-22 11:17:18', 'system', 1);
INSERT INTO `sb_busposition` VALUES (1664, '20190422', '2019-04-22 19:17:18', 120.817372, 30.1835, 0, 0, NULL, NULL, NULL, NULL, '2019-04-22 11:17:18', 'system', '2019-04-22 11:17:18', 'system', 1);
INSERT INTO `sb_busposition` VALUES (1665, '20190422', '2019-04-22 19:17:19', 120.817503, 30.183501, 0, 0, NULL, NULL, NULL, NULL, '2019-04-22 11:17:19', 'system', '2019-04-22 11:17:19', 'system', 1);
INSERT INTO `sb_busposition` VALUES (1666, '20190422', '2019-04-22 19:17:19', 120.817503, 30.183501, 0, 0, NULL, NULL, NULL, NULL, '2019-04-22 11:17:19', 'system', '2019-04-22 11:17:19', 'system', 1);
INSERT INTO `sb_busposition` VALUES (1667, '20190422', '2019-04-22 19:17:19', 120.817503, 30.183501, 0, 0, NULL, NULL, NULL, NULL, '2019-04-22 11:17:19', 'system', '2019-04-22 11:17:19', 'system', 1);
INSERT INTO `sb_busposition` VALUES (1668, '20190422', '2019-04-22 19:17:20', 120.817583, 30.183502, 0, 0, NULL, NULL, NULL, NULL, '2019-04-22 11:17:20', 'system', '2019-04-22 11:17:20', 'system', 1);
INSERT INTO `sb_busposition` VALUES (1669, '20190422', '2019-04-22 19:17:20', 120.817583, 30.183502, 0, 0, NULL, NULL, NULL, NULL, '2019-04-22 11:17:20', 'system', '2019-04-22 11:17:20', 'system', 1);
INSERT INTO `sb_busposition` VALUES (1670, '20190422', '2019-04-22 19:17:20', 120.817583, 30.183502, 0, 0, NULL, NULL, NULL, NULL, '2019-04-22 11:17:20', 'system', '2019-04-22 11:17:20', 'system', 1);
INSERT INTO `sb_busposition` VALUES (1671, '20190422', '2019-04-22 19:17:21', 120.817667, 30.183503, 0, 0, NULL, NULL, NULL, NULL, '2019-04-22 11:17:21', 'system', '2019-04-22 11:17:21', 'system', 1);
INSERT INTO `sb_busposition` VALUES (1672, '20190422', '2019-04-22 19:17:21', 120.817667, 30.183503, 0, 0, NULL, NULL, NULL, NULL, '2019-04-22 11:17:21', 'system', '2019-04-22 11:17:21', 'system', 1);
INSERT INTO `sb_busposition` VALUES (1673, '20190422', '2019-04-22 19:17:21', 120.817667, 30.183503, 0, 0, NULL, NULL, NULL, NULL, '2019-04-22 11:17:21', 'system', '2019-04-22 11:17:21', 'system', 1);
INSERT INTO `sb_busposition` VALUES (1674, '20190422', '2019-04-22 19:17:22', 120.817745, 30.183504, 0, 0, NULL, NULL, NULL, NULL, '2019-04-22 11:17:22', 'system', '2019-04-22 11:17:22', 'system', 1);
INSERT INTO `sb_busposition` VALUES (1675, '20190422', '2019-04-22 19:17:22', 120.817745, 30.183504, 0, 0, NULL, NULL, NULL, NULL, '2019-04-22 11:17:22', 'system', '2019-04-22 11:17:22', 'system', 1);
INSERT INTO `sb_busposition` VALUES (1676, '20190422', '2019-04-22 19:17:22', 120.817745, 30.183504, 0, 0, NULL, NULL, NULL, NULL, '2019-04-22 11:17:22', 'system', '2019-04-22 11:17:22', 'system', 1);
INSERT INTO `sb_busposition` VALUES (1677, '20190422', '2019-04-22 19:17:23', 120.817816, 30.183505, 0, 0, NULL, NULL, NULL, NULL, '2019-04-22 11:17:23', 'system', '2019-04-22 11:17:23', 'system', 1);
INSERT INTO `sb_busposition` VALUES (1678, '20190422', '2019-04-22 19:17:23', 120.817816, 30.183505, 0, 0, NULL, NULL, NULL, NULL, '2019-04-22 11:17:23', 'system', '2019-04-22 11:17:23', 'system', 1);
INSERT INTO `sb_busposition` VALUES (1679, '20190422', '2019-04-22 19:17:23', 120.817816, 30.183505, 0, 0, NULL, NULL, NULL, NULL, '2019-04-22 11:17:23', 'system', '2019-04-22 11:17:23', 'system', 1);
INSERT INTO `sb_busposition` VALUES (1680, '20190422', '2019-04-22 19:17:24', 120.817883, 30.183506, 0, 0, NULL, NULL, NULL, NULL, '2019-04-22 11:17:24', 'system', '2019-04-22 11:17:24', 'system', 1);
INSERT INTO `sb_busposition` VALUES (1681, '20190422', '2019-04-22 19:17:24', 120.817883, 30.183506, 0, 0, NULL, NULL, NULL, NULL, '2019-04-22 11:17:24', 'system', '2019-04-22 11:17:24', 'system', 1);
INSERT INTO `sb_busposition` VALUES (1682, '20190422', '2019-04-22 19:17:24', 120.817883, 30.183506, 0, 0, NULL, NULL, NULL, NULL, '2019-04-22 11:17:24', 'system', '2019-04-22 11:17:24', 'system', 1);
INSERT INTO `sb_busposition` VALUES (1683, '20190422', '2019-04-22 19:17:25', 120.817936, 30.183506, 0, 0, NULL, NULL, NULL, NULL, '2019-04-22 11:17:25', 'system', '2019-04-22 11:17:25', 'system', 1);
INSERT INTO `sb_busposition` VALUES (1684, '20190422', '2019-04-22 19:17:25', 120.817936, 30.183506, 0, 0, NULL, NULL, NULL, NULL, '2019-04-22 11:17:25', 'system', '2019-04-22 11:17:25', 'system', 1);
INSERT INTO `sb_busposition` VALUES (1685, '20190422', '2019-04-22 19:17:25', 120.817936, 30.183506, 0, 0, NULL, NULL, NULL, NULL, '2019-04-22 11:17:25', 'system', '2019-04-22 11:17:25', 'system', 1);
INSERT INTO `sb_busposition` VALUES (1686, '20190422', '2019-04-22 19:17:26', 120.817975, 30.183507, 0, 0, NULL, NULL, NULL, NULL, '2019-04-22 11:17:26', 'system', '2019-04-22 11:17:26', 'system', 1);
INSERT INTO `sb_busposition` VALUES (1687, '20190422', '2019-04-22 19:17:26', 120.817975, 30.183507, 0, 0, NULL, NULL, NULL, NULL, '2019-04-22 11:17:26', 'system', '2019-04-22 11:17:26', 'system', 1);
INSERT INTO `sb_busposition` VALUES (1688, '20190422', '2019-04-22 19:17:26', 120.817975, 30.183507, 0, 0, NULL, NULL, NULL, NULL, '2019-04-22 11:17:26', 'system', '2019-04-22 11:17:26', 'system', 1);
INSERT INTO `sb_busposition` VALUES (1689, '20190422', '2019-04-22 19:17:27', 120.81802, 30.183507, 0, 0, NULL, NULL, NULL, NULL, '2019-04-22 11:17:27', 'system', '2019-04-22 11:17:27', 'system', 1);
INSERT INTO `sb_busposition` VALUES (1690, '20190422', '2019-04-22 19:17:27', 120.81802, 30.183507, 0, 0, NULL, NULL, NULL, NULL, '2019-04-22 11:17:27', 'system', '2019-04-22 11:17:27', 'system', 1);
INSERT INTO `sb_busposition` VALUES (1691, '20190422', '2019-04-22 19:17:27', 120.81802, 30.183507, 0, 0, NULL, NULL, NULL, NULL, '2019-04-22 11:17:27', 'system', '2019-04-22 11:17:27', 'system', 1);
INSERT INTO `sb_busposition` VALUES (1692, '20190422', '2019-04-22 19:17:28', 120.818071, 30.183508, 0, 0, NULL, NULL, NULL, NULL, '2019-04-22 11:17:28', 'system', '2019-04-22 11:17:28', 'system', 1);
INSERT INTO `sb_busposition` VALUES (1693, '20190422', '2019-04-22 19:17:28', 120.818071, 30.183508, 0, 0, NULL, NULL, NULL, NULL, '2019-04-22 11:17:28', 'system', '2019-04-22 11:17:28', 'system', 1);
INSERT INTO `sb_busposition` VALUES (1694, '20190422', '2019-04-22 19:17:28', 120.818071, 30.183508, 0, 0, NULL, NULL, NULL, NULL, '2019-04-22 11:17:28', 'system', '2019-04-22 11:17:28', 'system', 1);
INSERT INTO `sb_busposition` VALUES (1695, '20190422', '2019-04-22 19:17:29', 120.818126, 30.183508, 0, 0, NULL, NULL, NULL, NULL, '2019-04-22 11:17:29', 'system', '2019-04-22 11:17:29', 'system', 1);
INSERT INTO `sb_busposition` VALUES (1696, '20190422', '2019-04-22 19:17:29', 120.818126, 30.183508, 0, 0, NULL, NULL, NULL, NULL, '2019-04-22 11:17:29', 'system', '2019-04-22 11:17:29', 'system', 1);
INSERT INTO `sb_busposition` VALUES (1697, '20190422', '2019-04-22 19:17:29', 120.818126, 30.183508, 0, 0, NULL, NULL, NULL, NULL, '2019-04-22 11:17:29', 'system', '2019-04-22 11:17:29', 'system', 1);
INSERT INTO `sb_busposition` VALUES (1698, '20190422', '2019-04-22 19:17:30', 120.818183, 30.183509, 0, 0, NULL, NULL, NULL, NULL, '2019-04-22 11:17:30', 'system', '2019-04-22 11:17:30', 'system', 1);
INSERT INTO `sb_busposition` VALUES (1699, '20190422', '2019-04-22 19:17:30', 120.818183, 30.183509, 0, 0, NULL, NULL, NULL, NULL, '2019-04-22 11:17:30', 'system', '2019-04-22 11:17:30', 'system', 1);
INSERT INTO `sb_busposition` VALUES (1700, '20190422', '2019-04-22 19:17:30', 120.818183, 30.183509, 0, 0, NULL, NULL, NULL, NULL, '2019-04-22 11:17:30', 'system', '2019-04-22 11:17:30', 'system', 1);
INSERT INTO `sb_busposition` VALUES (1701, '20190422', '2019-04-22 19:17:31', 120.818244, 30.18351, 0, 0, NULL, NULL, NULL, NULL, '2019-04-22 11:17:31', 'system', '2019-04-22 11:17:31', 'system', 1);
INSERT INTO `sb_busposition` VALUES (1702, '20190422', '2019-04-22 19:17:31', 120.818244, 30.18351, 0, 0, NULL, NULL, NULL, NULL, '2019-04-22 11:17:31', 'system', '2019-04-22 11:17:31', 'system', 1);
INSERT INTO `sb_busposition` VALUES (1703, '20190422', '2019-04-22 19:17:31', 120.818244, 30.18351, 0, 0, NULL, NULL, NULL, NULL, '2019-04-22 11:17:31', 'system', '2019-04-22 11:17:31', 'system', 1);
INSERT INTO `sb_busposition` VALUES (1704, '20190422', '2019-04-22 19:17:32', 120.818309, 30.18351, 0, 0, NULL, NULL, NULL, NULL, '2019-04-22 11:17:32', 'system', '2019-04-22 11:17:32', 'system', 1);
INSERT INTO `sb_busposition` VALUES (1705, '20190422', '2019-04-22 19:17:32', 120.818309, 30.18351, 0, 0, NULL, NULL, NULL, NULL, '2019-04-22 11:17:32', 'system', '2019-04-22 11:17:32', 'system', 1);
INSERT INTO `sb_busposition` VALUES (1706, '20190422', '2019-04-22 19:17:32', 120.818309, 30.18351, 0, 0, NULL, NULL, NULL, NULL, '2019-04-22 11:17:32', 'system', '2019-04-22 11:17:32', 'system', 1);
INSERT INTO `sb_busposition` VALUES (1707, '20190422', '2019-04-22 19:17:33', 120.818322, 30.18351, 0, 0, NULL, NULL, NULL, NULL, '2019-04-22 11:17:33', 'system', '2019-04-22 11:17:33', 'system', 1);
INSERT INTO `sb_busposition` VALUES (1708, '20190422', '2019-04-22 19:17:33', 120.818322, 30.18351, 0, 0, NULL, NULL, NULL, NULL, '2019-04-22 11:17:33', 'system', '2019-04-22 11:17:33', 'system', 1);
INSERT INTO `sb_busposition` VALUES (1709, '20190422', '2019-04-22 19:17:33', 120.818322, 30.18351, 0, 0, NULL, NULL, NULL, NULL, '2019-04-22 11:17:33', 'system', '2019-04-22 11:17:33', 'system', 1);
INSERT INTO `sb_busposition` VALUES (1710, '20190422', '2019-04-22 19:17:34', 120.818432, 30.18351, 0, 0, NULL, NULL, NULL, NULL, '2019-04-22 11:17:34', 'system', '2019-04-22 11:17:34', 'system', 1);
INSERT INTO `sb_busposition` VALUES (1711, '20190422', '2019-04-22 19:17:34', 120.818432, 30.18351, 0, 0, NULL, NULL, NULL, NULL, '2019-04-22 11:17:34', 'system', '2019-04-22 11:17:34', 'system', 1);
INSERT INTO `sb_busposition` VALUES (1712, '20190422', '2019-04-22 19:17:34', 120.818432, 30.18351, 0, 0, NULL, NULL, NULL, NULL, '2019-04-22 11:17:34', 'system', '2019-04-22 11:17:34', 'system', 1);
INSERT INTO `sb_busposition` VALUES (1713, '20190422', '2019-04-22 19:17:35', 120.818495, 30.183509, 0, 0, NULL, NULL, NULL, NULL, '2019-04-22 11:17:35', 'system', '2019-04-22 11:17:35', 'system', 1);
INSERT INTO `sb_busposition` VALUES (1714, '20190422', '2019-04-22 19:17:35', 120.818495, 30.183509, 0, 0, NULL, NULL, NULL, NULL, '2019-04-22 11:17:35', 'system', '2019-04-22 11:17:35', 'system', 1);
INSERT INTO `sb_busposition` VALUES (1715, '20190422', '2019-04-22 19:17:35', 120.818495, 30.183509, 0, 0, NULL, NULL, NULL, NULL, '2019-04-22 11:17:35', 'system', '2019-04-22 11:17:35', 'system', 1);
INSERT INTO `sb_busposition` VALUES (1716, '20190422', '2019-04-22 19:17:36', 120.818552, 30.183746, 0, 0, NULL, NULL, NULL, NULL, '2019-04-22 11:17:36', 'system', '2019-04-22 11:17:36', 'system', 1);
INSERT INTO `sb_busposition` VALUES (1717, '20190422', '2019-04-22 19:17:36', 120.818552, 30.183746, 0, 0, NULL, NULL, NULL, NULL, '2019-04-22 11:17:36', 'system', '2019-04-22 11:17:36', 'system', 1);
INSERT INTO `sb_busposition` VALUES (1718, '20190422', '2019-04-22 19:17:36', 120.818552, 30.183746, 0, 0, NULL, NULL, NULL, NULL, '2019-04-22 11:17:36', 'system', '2019-04-22 11:17:36', 'system', 1);
INSERT INTO `sb_busposition` VALUES (1719, '20190422', '2019-04-22 19:17:37', 120.818607, 30.183769, 0, 0, NULL, NULL, NULL, NULL, '2019-04-22 11:17:37', 'system', '2019-04-22 11:17:37', 'system', 1);
INSERT INTO `sb_busposition` VALUES (1720, '20190422', '2019-04-22 19:17:37', 120.818607, 30.183769, 0, 0, NULL, NULL, NULL, NULL, '2019-04-22 11:17:37', 'system', '2019-04-22 11:17:37', 'system', 1);
INSERT INTO `sb_busposition` VALUES (1721, '20190422', '2019-04-22 19:17:37', 120.818607, 30.183769, 0, 0, NULL, NULL, NULL, NULL, '2019-04-22 11:17:37', 'system', '2019-04-22 11:17:37', 'system', 1);
INSERT INTO `sb_busposition` VALUES (1722, '20190422', '2019-04-22 19:17:38', 120.818666, 30.183779, 0, 0, NULL, NULL, NULL, NULL, '2019-04-22 11:17:38', 'system', '2019-04-22 11:17:38', 'system', 1);
INSERT INTO `sb_busposition` VALUES (1723, '20190422', '2019-04-22 19:17:38', 120.818666, 30.183779, 0, 0, NULL, NULL, NULL, NULL, '2019-04-22 11:17:38', 'system', '2019-04-22 11:17:38', 'system', 1);
INSERT INTO `sb_busposition` VALUES (1724, '20190422', '2019-04-22 19:17:38', 120.818666, 30.183779, 0, 0, NULL, NULL, NULL, NULL, '2019-04-22 11:17:38', 'system', '2019-04-22 11:17:38', 'system', 1);
INSERT INTO `sb_busposition` VALUES (1725, '20190422', '2019-04-22 19:17:39', 120.818726, 30.183785, 0, 0, NULL, NULL, NULL, NULL, '2019-04-22 11:17:39', 'system', '2019-04-22 11:17:39', 'system', 1);
INSERT INTO `sb_busposition` VALUES (1726, '20190422', '2019-04-22 19:17:39', 120.818726, 30.183785, 0, 0, NULL, NULL, NULL, NULL, '2019-04-22 11:17:39', 'system', '2019-04-22 11:17:39', 'system', 1);
INSERT INTO `sb_busposition` VALUES (1727, '20190422', '2019-04-22 19:17:39', 120.818726, 30.183785, 0, 0, NULL, NULL, NULL, NULL, '2019-04-22 11:17:39', 'system', '2019-04-22 11:17:39', 'system', 1);
INSERT INTO `sb_busposition` VALUES (1728, '20190422', '2019-04-22 19:17:40', 120.818696, 30.183854, 0, 0, NULL, NULL, NULL, NULL, '2019-04-22 11:17:40', 'system', '2019-04-22 11:17:40', 'system', 1);
INSERT INTO `sb_busposition` VALUES (1729, '20190422', '2019-04-22 19:17:40', 120.818696, 30.183854, 0, 0, NULL, NULL, NULL, NULL, '2019-04-22 11:17:40', 'system', '2019-04-22 11:17:40', 'system', 1);
INSERT INTO `sb_busposition` VALUES (1730, '20190422', '2019-04-22 19:17:40', 120.818696, 30.183854, 0, 0, NULL, NULL, NULL, NULL, '2019-04-22 11:17:40', 'system', '2019-04-22 11:17:40', 'system', 1);
INSERT INTO `sb_busposition` VALUES (1731, '20190422', '2019-04-22 19:17:41', 120.818846, 30.183863, 0, 0, NULL, NULL, NULL, NULL, '2019-04-22 11:17:41', 'system', '2019-04-22 11:17:41', 'system', 1);
INSERT INTO `sb_busposition` VALUES (1732, '20190422', '2019-04-22 19:17:41', 120.818846, 30.183863, 0, 0, NULL, NULL, NULL, NULL, '2019-04-22 11:17:41', 'system', '2019-04-22 11:17:41', 'system', 1);
INSERT INTO `sb_busposition` VALUES (1733, '20190422', '2019-04-22 19:17:41', 120.818846, 30.183863, 0, 0, NULL, NULL, NULL, NULL, '2019-04-22 11:17:41', 'system', '2019-04-22 11:17:41', 'system', 1);
INSERT INTO `sb_busposition` VALUES (1734, '20190422', '2019-04-22 19:17:42', 120.81893, 30.18387, 0, 0, NULL, NULL, NULL, NULL, '2019-04-22 11:17:42', 'system', '2019-04-22 11:17:42', 'system', 1);
INSERT INTO `sb_busposition` VALUES (1735, '20190422', '2019-04-22 19:17:42', 120.81893, 30.18387, 0, 0, NULL, NULL, NULL, NULL, '2019-04-22 11:17:42', 'system', '2019-04-22 11:17:42', 'system', 1);
INSERT INTO `sb_busposition` VALUES (1736, '20190422', '2019-04-22 19:17:42', 120.81893, 30.18387, 0, 0, NULL, NULL, NULL, NULL, '2019-04-22 11:17:42', 'system', '2019-04-22 11:17:42', 'system', 1);
INSERT INTO `sb_busposition` VALUES (1737, '20190422', '2019-04-22 19:17:43', 120.818936, 30.183874, 0, 0, NULL, NULL, NULL, NULL, '2019-04-22 11:17:43', 'system', '2019-04-22 11:17:43', 'system', 1);
INSERT INTO `sb_busposition` VALUES (1738, '20190422', '2019-04-22 19:17:43', 120.818936, 30.183874, 0, 0, NULL, NULL, NULL, NULL, '2019-04-22 11:17:43', 'system', '2019-04-22 11:17:43', 'system', 1);
INSERT INTO `sb_busposition` VALUES (1739, '20190422', '2019-04-22 19:17:43', 120.818936, 30.183874, 0, 0, NULL, NULL, NULL, NULL, '2019-04-22 11:17:43', 'system', '2019-04-22 11:17:43', 'system', 1);
INSERT INTO `sb_busposition` VALUES (1740, '20190422', '2019-04-22 19:17:44', 120.818978, 30.183901, 0, 0, NULL, NULL, NULL, NULL, '2019-04-22 11:17:44', 'system', '2019-04-22 11:17:44', 'system', 1);
INSERT INTO `sb_busposition` VALUES (1741, '20190422', '2019-04-22 19:17:44', 120.818978, 30.183901, 0, 0, NULL, NULL, NULL, NULL, '2019-04-22 11:17:44', 'system', '2019-04-22 11:17:44', 'system', 1);
INSERT INTO `sb_busposition` VALUES (1742, '20190422', '2019-04-22 19:17:44', 120.818978, 30.183901, 0, 0, NULL, NULL, NULL, NULL, '2019-04-22 11:17:44', 'system', '2019-04-22 11:17:44', 'system', 1);
INSERT INTO `sb_busposition` VALUES (1743, '20190422', '2019-04-22 19:17:45', 120.819016, 30.183933, 0, 0, NULL, NULL, NULL, NULL, '2019-04-22 11:17:45', 'system', '2019-04-22 11:17:45', 'system', 1);
INSERT INTO `sb_busposition` VALUES (1744, '20190422', '2019-04-22 19:17:45', 120.819016, 30.183933, 0, 0, NULL, NULL, NULL, NULL, '2019-04-22 11:17:45', 'system', '2019-04-22 11:17:45', 'system', 1);
INSERT INTO `sb_busposition` VALUES (1745, '20190422', '2019-04-22 19:17:45', 120.819016, 30.183933, 0, 0, NULL, NULL, NULL, NULL, '2019-04-22 11:17:45', 'system', '2019-04-22 11:17:45', 'system', 1);
INSERT INTO `sb_busposition` VALUES (1746, '20190422', '2019-04-22 19:17:46', 120.819021, 30.183989, 0, 0, NULL, NULL, NULL, NULL, '2019-04-22 11:17:46', 'system', '2019-04-22 11:17:46', 'system', 1);
INSERT INTO `sb_busposition` VALUES (1747, '20190422', '2019-04-22 19:17:46', 120.819021, 30.183989, 0, 0, NULL, NULL, NULL, NULL, '2019-04-22 11:17:46', 'system', '2019-04-22 11:17:46', 'system', 1);
INSERT INTO `sb_busposition` VALUES (1748, '20190422', '2019-04-22 19:17:46', 120.819021, 30.183989, 0, 0, NULL, NULL, NULL, NULL, '2019-04-22 11:17:46', 'system', '2019-04-22 11:17:46', 'system', 1);
INSERT INTO `sb_busposition` VALUES (1749, '20190422', '2019-04-22 19:17:47', 120.819026, 30.184048, 0, 0, NULL, NULL, NULL, NULL, '2019-04-22 11:17:47', 'system', '2019-04-22 11:17:47', 'system', 1);
INSERT INTO `sb_busposition` VALUES (1750, '20190422', '2019-04-22 19:17:47', 120.819026, 30.184048, 0, 0, NULL, NULL, NULL, NULL, '2019-04-22 11:17:47', 'system', '2019-04-22 11:17:47', 'system', 1);
INSERT INTO `sb_busposition` VALUES (1751, '20190422', '2019-04-22 19:17:47', 120.819026, 30.184048, 0, 0, NULL, NULL, NULL, NULL, '2019-04-22 11:17:47', 'system', '2019-04-22 11:17:47', 'system', 1);
INSERT INTO `sb_busposition` VALUES (1752, '20190422', '2019-04-22 19:17:48', 120.819032, 30.184112, 0, 0, NULL, NULL, NULL, NULL, '2019-04-22 11:17:48', 'system', '2019-04-22 11:17:48', 'system', 1);
INSERT INTO `sb_busposition` VALUES (1753, '20190422', '2019-04-22 19:17:48', 120.819032, 30.184112, 0, 0, NULL, NULL, NULL, NULL, '2019-04-22 11:17:48', 'system', '2019-04-22 11:17:48', 'system', 1);
INSERT INTO `sb_busposition` VALUES (1754, '20190422', '2019-04-22 19:17:48', 120.819032, 30.184112, 0, 0, NULL, NULL, NULL, NULL, '2019-04-22 11:17:48', 'system', '2019-04-22 11:17:48', 'system', 1);
INSERT INTO `sb_busposition` VALUES (1755, '20190422', '2019-04-22 19:17:49', 120.81904, 30.184196, 0, 0, NULL, NULL, NULL, NULL, '2019-04-22 11:17:49', 'system', '2019-04-22 11:17:49', 'system', 1);
INSERT INTO `sb_busposition` VALUES (1756, '20190422', '2019-04-22 19:17:49', 120.81904, 30.184196, 0, 0, NULL, NULL, NULL, NULL, '2019-04-22 11:17:49', 'system', '2019-04-22 11:17:49', 'system', 1);
INSERT INTO `sb_busposition` VALUES (1757, '20190422', '2019-04-22 19:17:49', 120.81904, 30.184196, 0, 0, NULL, NULL, NULL, NULL, '2019-04-22 11:17:49', 'system', '2019-04-22 11:17:49', 'system', 1);
INSERT INTO `sb_busposition` VALUES (1758, '20190422', '2019-04-22 19:17:50', 120.819046, 30.184259, 0, 0, NULL, NULL, NULL, NULL, '2019-04-22 11:17:50', 'system', '2019-04-22 11:17:50', 'system', 1);
INSERT INTO `sb_busposition` VALUES (1759, '20190422', '2019-04-22 19:17:50', 120.819046, 30.184259, 0, 0, NULL, NULL, NULL, NULL, '2019-04-22 11:17:50', 'system', '2019-04-22 11:17:50', 'system', 1);
INSERT INTO `sb_busposition` VALUES (1760, '20190422', '2019-04-22 19:17:50', 120.819046, 30.184259, 0, 0, NULL, NULL, NULL, NULL, '2019-04-22 11:17:50', 'system', '2019-04-22 11:17:50', 'system', 1);
INSERT INTO `sb_busposition` VALUES (1761, '20190422', '2019-04-22 19:17:51', 120.819053, 30.184336, 0, 0, NULL, NULL, NULL, NULL, '2019-04-22 11:17:51', 'system', '2019-04-22 11:17:51', 'system', 1);
INSERT INTO `sb_busposition` VALUES (1762, '20190422', '2019-04-22 19:17:51', 120.819053, 30.184336, 0, 0, NULL, NULL, NULL, NULL, '2019-04-22 11:17:51', 'system', '2019-04-22 11:17:51', 'system', 1);
INSERT INTO `sb_busposition` VALUES (1763, '20190422', '2019-04-22 19:17:51', 120.819053, 30.184336, 0, 0, NULL, NULL, NULL, NULL, '2019-04-22 11:17:51', 'system', '2019-04-22 11:17:51', 'system', 1);
INSERT INTO `sb_busposition` VALUES (1764, '20190422', '2019-04-22 19:17:52', 120.819059, 30.184405, 0, 0, NULL, NULL, NULL, NULL, '2019-04-22 11:17:52', 'system', '2019-04-22 11:17:52', 'system', 1);
INSERT INTO `sb_busposition` VALUES (1765, '20190422', '2019-04-22 19:17:52', 120.819059, 30.184405, 0, 0, NULL, NULL, NULL, NULL, '2019-04-22 11:17:52', 'system', '2019-04-22 11:17:52', 'system', 1);
INSERT INTO `sb_busposition` VALUES (1766, '20190422', '2019-04-22 19:17:52', 120.819059, 30.184405, 0, 0, NULL, NULL, NULL, NULL, '2019-04-22 11:17:52', 'system', '2019-04-22 11:17:52', 'system', 1);
INSERT INTO `sb_busposition` VALUES (1767, '20190422', '2019-04-22 19:17:53', 120.819066, 30.184472, 0, 0, NULL, NULL, NULL, NULL, '2019-04-22 11:17:53', 'system', '2019-04-22 11:17:53', 'system', 1);
INSERT INTO `sb_busposition` VALUES (1768, '20190422', '2019-04-22 19:17:53', 120.819066, 30.184472, 0, 0, NULL, NULL, NULL, NULL, '2019-04-22 11:17:53', 'system', '2019-04-22 11:17:53', 'system', 1);
INSERT INTO `sb_busposition` VALUES (1769, '20190422', '2019-04-22 19:17:53', 120.819066, 30.184472, 0, 0, NULL, NULL, NULL, NULL, '2019-04-22 11:17:53', 'system', '2019-04-22 11:17:53', 'system', 1);
INSERT INTO `sb_busposition` VALUES (1770, '20190422', '2019-04-22 19:17:54', 120.819072, 30.184541, 0, 0, NULL, NULL, NULL, NULL, '2019-04-22 11:17:54', 'system', '2019-04-22 11:17:54', 'system', 1);
INSERT INTO `sb_busposition` VALUES (1771, '20190422', '2019-04-22 19:17:54', 120.819072, 30.184541, 0, 0, NULL, NULL, NULL, NULL, '2019-04-22 11:17:54', 'system', '2019-04-22 11:17:54', 'system', 1);
INSERT INTO `sb_busposition` VALUES (1772, '20190422', '2019-04-22 19:17:54', 120.819072, 30.184541, 0, 0, NULL, NULL, NULL, NULL, '2019-04-22 11:17:54', 'system', '2019-04-22 11:17:54', 'system', 1);
INSERT INTO `sb_busposition` VALUES (1773, '20190422', '2019-04-22 19:17:55', 120.819073, 30.184552, 0, 0, NULL, NULL, NULL, NULL, '2019-04-22 11:17:55', 'system', '2019-04-22 11:17:55', 'system', 1);
INSERT INTO `sb_busposition` VALUES (1774, '20190422', '2019-04-22 19:17:55', 120.819073, 30.184552, 0, 0, NULL, NULL, NULL, NULL, '2019-04-22 11:17:55', 'system', '2019-04-22 11:17:55', 'system', 1);
INSERT INTO `sb_busposition` VALUES (1775, '20190422', '2019-04-22 19:17:55', 120.819073, 30.184552, 0, 0, NULL, NULL, NULL, NULL, '2019-04-22 11:17:55', 'system', '2019-04-22 11:17:55', 'system', 1);
INSERT INTO `sb_busposition` VALUES (1776, '20190422', '2019-04-22 19:17:56', 120.819089, 30.184682, 0, 0, NULL, NULL, NULL, NULL, '2019-04-22 11:17:56', 'system', '2019-04-22 11:17:56', 'system', 1);
INSERT INTO `sb_busposition` VALUES (1777, '20190422', '2019-04-22 19:17:56', 120.819089, 30.184682, 0, 0, NULL, NULL, NULL, NULL, '2019-04-22 11:17:56', 'system', '2019-04-22 11:17:56', 'system', 1);
INSERT INTO `sb_busposition` VALUES (1778, '20190422', '2019-04-22 19:17:56', 120.819089, 30.184682, 0, 0, NULL, NULL, NULL, NULL, '2019-04-22 11:17:56', 'system', '2019-04-22 11:17:56', 'system', 1);
INSERT INTO `sb_busposition` VALUES (1779, '20190422', '2019-04-22 19:17:57', 120.819096, 30.184739, 0, 0, NULL, NULL, NULL, NULL, '2019-04-22 11:17:57', 'system', '2019-04-22 11:17:57', 'system', 1);
INSERT INTO `sb_busposition` VALUES (1780, '20190422', '2019-04-22 19:17:57', 120.819096, 30.184739, 0, 0, NULL, NULL, NULL, NULL, '2019-04-22 11:17:57', 'system', '2019-04-22 11:17:57', 'system', 1);
INSERT INTO `sb_busposition` VALUES (1781, '20190422', '2019-04-22 19:17:57', 120.819096, 30.184739, 0, 0, NULL, NULL, NULL, NULL, '2019-04-22 11:17:57', 'system', '2019-04-22 11:17:57', 'system', 1);
INSERT INTO `sb_busposition` VALUES (1782, '20190422', '2019-04-22 19:17:58', 120.819103, 30.184795, 0, 0, NULL, NULL, NULL, NULL, '2019-04-22 11:17:58', 'system', '2019-04-22 11:17:58', 'system', 1);
INSERT INTO `sb_busposition` VALUES (1783, '20190422', '2019-04-22 19:17:58', 120.819103, 30.184795, 0, 0, NULL, NULL, NULL, NULL, '2019-04-22 11:17:58', 'system', '2019-04-22 11:17:58', 'system', 1);
INSERT INTO `sb_busposition` VALUES (1784, '20190422', '2019-04-22 19:17:58', 120.819103, 30.184795, 0, 0, NULL, NULL, NULL, NULL, '2019-04-22 11:17:58', 'system', '2019-04-22 11:17:58', 'system', 1);
INSERT INTO `sb_busposition` VALUES (1785, '20190422', '2019-04-22 19:17:59', 120.819108, 30.184842, 0, 0, NULL, NULL, NULL, NULL, '2019-04-22 11:17:59', 'system', '2019-04-22 11:17:59', 'system', 1);
INSERT INTO `sb_busposition` VALUES (1786, '20190422', '2019-04-22 19:17:59', 120.819108, 30.184842, 0, 0, NULL, NULL, NULL, NULL, '2019-04-22 11:17:59', 'system', '2019-04-22 11:17:59', 'system', 1);
INSERT INTO `sb_busposition` VALUES (1787, '20190422', '2019-04-22 19:17:59', 120.819108, 30.184842, 0, 0, NULL, NULL, NULL, NULL, '2019-04-22 11:17:59', 'system', '2019-04-22 11:17:59', 'system', 1);
INSERT INTO `sb_busposition` VALUES (1788, '20190422', '2019-04-22 19:18:00', 120.819117, 30.18491, 0, 0, NULL, NULL, NULL, NULL, '2019-04-22 11:18:00', 'system', '2019-04-22 11:18:00', 'system', 1);
INSERT INTO `sb_busposition` VALUES (1789, '20190422', '2019-04-22 19:18:00', 120.819117, 30.18491, 0, 0, NULL, NULL, NULL, NULL, '2019-04-22 11:18:00', 'system', '2019-04-22 11:18:00', 'system', 1);
INSERT INTO `sb_busposition` VALUES (1790, '20190422', '2019-04-22 19:18:00', 120.819117, 30.18491, 0, 0, NULL, NULL, NULL, NULL, '2019-04-22 11:18:00', 'system', '2019-04-22 11:18:00', 'system', 1);
INSERT INTO `sb_busposition` VALUES (1791, '20190422', '2019-04-22 19:18:01', 120.819125, 30.184976, 0, 0, NULL, NULL, NULL, NULL, '2019-04-22 11:18:01', 'system', '2019-04-22 11:18:01', 'system', 1);
INSERT INTO `sb_busposition` VALUES (1792, '20190422', '2019-04-22 19:18:01', 120.819125, 30.184976, 0, 0, NULL, NULL, NULL, NULL, '2019-04-22 11:18:01', 'system', '2019-04-22 11:18:01', 'system', 1);
INSERT INTO `sb_busposition` VALUES (1793, '20190422', '2019-04-22 19:18:01', 120.819125, 30.184976, 0, 0, NULL, NULL, NULL, NULL, '2019-04-22 11:18:01', 'system', '2019-04-22 11:18:01', 'system', 1);
INSERT INTO `sb_busposition` VALUES (1794, '20190422', '2019-04-22 19:18:02', 120.819134, 30.185048, 0, 0, NULL, NULL, NULL, NULL, '2019-04-22 11:18:02', 'system', '2019-04-22 11:18:02', 'system', 1);
INSERT INTO `sb_busposition` VALUES (1795, '20190422', '2019-04-22 19:18:02', 120.819134, 30.185048, 0, 0, NULL, NULL, NULL, NULL, '2019-04-22 11:18:02', 'system', '2019-04-22 11:18:02', 'system', 1);
INSERT INTO `sb_busposition` VALUES (1796, '20190422', '2019-04-22 19:18:02', 120.819134, 30.185048, 0, 0, NULL, NULL, NULL, NULL, '2019-04-22 11:18:02', 'system', '2019-04-22 11:18:02', 'system', 1);
INSERT INTO `sb_busposition` VALUES (1797, '20190422', '2019-04-22 19:18:03', 120.819143, 30.185125, 0, 0, NULL, NULL, NULL, NULL, '2019-04-22 11:18:03', 'system', '2019-04-22 11:18:03', 'system', 1);
INSERT INTO `sb_busposition` VALUES (1798, '20190422', '2019-04-22 19:18:03', 120.819143, 30.185125, 0, 0, NULL, NULL, NULL, NULL, '2019-04-22 11:18:03', 'system', '2019-04-22 11:18:03', 'system', 1);
INSERT INTO `sb_busposition` VALUES (1799, '20190422', '2019-04-22 19:18:03', 120.819143, 30.185125, 0, 0, NULL, NULL, NULL, NULL, '2019-04-22 11:18:03', 'system', '2019-04-22 11:18:03', 'system', 1);
INSERT INTO `sb_busposition` VALUES (1800, '20190422', '2019-04-22 19:18:04', 120.819152, 30.185199, 0, 0, NULL, NULL, NULL, NULL, '2019-04-22 11:18:04', 'system', '2019-04-22 11:18:04', 'system', 1);
INSERT INTO `sb_busposition` VALUES (1801, '20190422', '2019-04-22 19:18:04', 120.819152, 30.185199, 0, 0, NULL, NULL, NULL, NULL, '2019-04-22 11:18:04', 'system', '2019-04-22 11:18:04', 'system', 1);
INSERT INTO `sb_busposition` VALUES (1802, '20190422', '2019-04-22 19:18:04', 120.819152, 30.185199, 0, 0, NULL, NULL, NULL, NULL, '2019-04-22 11:18:04', 'system', '2019-04-22 11:18:04', 'system', 1);
INSERT INTO `sb_busposition` VALUES (1803, '20190422', '2019-04-22 19:18:05', 120.819161, 30.185268, 0, 0, NULL, NULL, NULL, NULL, '2019-04-22 11:18:05', 'system', '2019-04-22 11:18:05', 'system', 1);
INSERT INTO `sb_busposition` VALUES (1804, '20190422', '2019-04-22 19:18:05', 120.819161, 30.185268, 0, 0, NULL, NULL, NULL, NULL, '2019-04-22 11:18:05', 'system', '2019-04-22 11:18:05', 'system', 1);
INSERT INTO `sb_busposition` VALUES (1805, '20190422', '2019-04-22 19:18:05', 120.819161, 30.185268, 0, 0, NULL, NULL, NULL, NULL, '2019-04-22 11:18:05', 'system', '2019-04-22 11:18:05', 'system', 1);
INSERT INTO `sb_busposition` VALUES (1806, '20190422', '2019-04-22 19:18:06', 120.819169, 30.185341, 0, 0, NULL, NULL, NULL, NULL, '2019-04-22 11:18:06', 'system', '2019-04-22 11:18:06', 'system', 1);
INSERT INTO `sb_busposition` VALUES (1807, '20190422', '2019-04-22 19:18:06', 120.819169, 30.185341, 0, 0, NULL, NULL, NULL, NULL, '2019-04-22 11:18:06', 'system', '2019-04-22 11:18:06', 'system', 1);
INSERT INTO `sb_busposition` VALUES (1808, '20190422', '2019-04-22 19:18:06', 120.819169, 30.185341, 0, 0, NULL, NULL, NULL, NULL, '2019-04-22 11:18:06', 'system', '2019-04-22 11:18:06', 'system', 1);
INSERT INTO `sb_busposition` VALUES (1809, '20190422', '2019-04-22 19:18:07', 120.819178, 30.185414, 0, 0, NULL, NULL, NULL, NULL, '2019-04-22 11:18:07', 'system', '2019-04-22 11:18:07', 'system', 1);
INSERT INTO `sb_busposition` VALUES (1810, '20190422', '2019-04-22 19:18:07', 120.819178, 30.185414, 0, 0, NULL, NULL, NULL, NULL, '2019-04-22 11:18:07', 'system', '2019-04-22 11:18:07', 'system', 1);
INSERT INTO `sb_busposition` VALUES (1811, '20190422', '2019-04-22 19:18:07', 120.819178, 30.185414, 0, 0, NULL, NULL, NULL, NULL, '2019-04-22 11:18:07', 'system', '2019-04-22 11:18:07', 'system', 1);
INSERT INTO `sb_busposition` VALUES (1812, '20190422', '2019-04-22 19:18:08', 120.819185, 30.185465, 0, 0, NULL, NULL, NULL, NULL, '2019-04-22 11:18:08', 'system', '2019-04-22 11:18:08', 'system', 1);
INSERT INTO `sb_busposition` VALUES (1813, '20190422', '2019-04-22 19:18:08', 120.819185, 30.185465, 0, 0, NULL, NULL, NULL, NULL, '2019-04-22 11:18:08', 'system', '2019-04-22 11:18:08', 'system', 1);
INSERT INTO `sb_busposition` VALUES (1814, '20190422', '2019-04-22 19:18:08', 120.819185, 30.185465, 0, 0, NULL, NULL, NULL, NULL, '2019-04-22 11:18:08', 'system', '2019-04-22 11:18:08', 'system', 1);
INSERT INTO `sb_busposition` VALUES (1815, '20190422', '2019-04-22 19:18:09', 120.819192, 30.185525, 0, 0, NULL, NULL, NULL, NULL, '2019-04-22 11:18:09', 'system', '2019-04-22 11:18:09', 'system', 1);
INSERT INTO `sb_busposition` VALUES (1816, '20190422', '2019-04-22 19:18:09', 120.819192, 30.185525, 0, 0, NULL, NULL, NULL, NULL, '2019-04-22 11:18:09', 'system', '2019-04-22 11:18:09', 'system', 1);
INSERT INTO `sb_busposition` VALUES (1817, '20190422', '2019-04-22 19:18:09', 120.819192, 30.185525, 0, 0, NULL, NULL, NULL, NULL, '2019-04-22 11:18:09', 'system', '2019-04-22 11:18:09', 'system', 1);
INSERT INTO `sb_busposition` VALUES (1818, '20190422', '2019-04-22 19:18:10', 120.819196, 30.18556, 0, 0, NULL, NULL, NULL, NULL, '2019-04-22 11:18:10', 'system', '2019-04-22 11:18:10', 'system', 1);
INSERT INTO `sb_busposition` VALUES (1819, '20190422', '2019-04-22 19:18:10', 120.819196, 30.18556, 0, 0, NULL, NULL, NULL, NULL, '2019-04-22 11:18:10', 'system', '2019-04-22 11:18:10', 'system', 1);
INSERT INTO `sb_busposition` VALUES (1820, '20190422', '2019-04-22 19:18:10', 120.819196, 30.18556, 0, 0, NULL, NULL, NULL, NULL, '2019-04-22 11:18:10', 'system', '2019-04-22 11:18:10', 'system', 1);
INSERT INTO `sb_busposition` VALUES (1821, '20190422', '2019-04-22 19:18:11', 120.819202, 30.18561, 0, 0, NULL, NULL, NULL, NULL, '2019-04-22 11:18:11', 'system', '2019-04-22 11:18:11', 'system', 1);
INSERT INTO `sb_busposition` VALUES (1822, '20190422', '2019-04-22 19:18:11', 120.819202, 30.18561, 0, 0, NULL, NULL, NULL, NULL, '2019-04-22 11:18:11', 'system', '2019-04-22 11:18:11', 'system', 1);
INSERT INTO `sb_busposition` VALUES (1823, '20190422', '2019-04-22 19:18:11', 120.819202, 30.18561, 0, 0, NULL, NULL, NULL, NULL, '2019-04-22 11:18:11', 'system', '2019-04-22 11:18:11', 'system', 1);
INSERT INTO `sb_busposition` VALUES (1824, '20190422', '2019-04-22 19:18:12', 120.819175, 30.185635, 0, 0, NULL, NULL, NULL, NULL, '2019-04-22 11:18:12', 'system', '2019-04-22 11:18:12', 'system', 1);
INSERT INTO `sb_busposition` VALUES (1825, '20190422', '2019-04-22 19:18:12', 120.819175, 30.185635, 0, 0, NULL, NULL, NULL, NULL, '2019-04-22 11:18:12', 'system', '2019-04-22 11:18:12', 'system', 1);
INSERT INTO `sb_busposition` VALUES (1826, '20190422', '2019-04-22 19:18:12', 120.819175, 30.185635, 0, 0, NULL, NULL, NULL, NULL, '2019-04-22 11:18:12', 'system', '2019-04-22 11:18:12', 'system', 1);
INSERT INTO `sb_busposition` VALUES (1827, '20190422', '2019-04-22 19:18:13', 120.818825, 30.185644, 0, 0, NULL, NULL, NULL, NULL, '2019-04-22 11:18:13', 'system', '2019-04-22 11:18:13', 'system', 1);
INSERT INTO `sb_busposition` VALUES (1828, '20190422', '2019-04-22 19:18:13', 120.818825, 30.185644, 0, 0, NULL, NULL, NULL, NULL, '2019-04-22 11:18:13', 'system', '2019-04-22 11:18:13', 'system', 1);
INSERT INTO `sb_busposition` VALUES (1829, '20190422', '2019-04-22 19:18:13', 120.818825, 30.185644, 0, 0, NULL, NULL, NULL, NULL, '2019-04-22 11:18:13', 'system', '2019-04-22 11:18:13', 'system', 1);
INSERT INTO `sb_busposition` VALUES (1830, '20190422', '2019-04-22 19:18:14', 120.818777, 30.185644, 0, 0, NULL, NULL, NULL, NULL, '2019-04-22 11:18:14', 'system', '2019-04-22 11:18:14', 'system', 1);
INSERT INTO `sb_busposition` VALUES (1831, '20190422', '2019-04-22 19:18:14', 120.818777, 30.185644, 0, 0, NULL, NULL, NULL, NULL, '2019-04-22 11:18:14', 'system', '2019-04-22 11:18:14', 'system', 1);
INSERT INTO `sb_busposition` VALUES (1832, '20190422', '2019-04-22 19:18:14', 120.818777, 30.185644, 0, 0, NULL, NULL, NULL, NULL, '2019-04-22 11:18:14', 'system', '2019-04-22 11:18:14', 'system', 1);
INSERT INTO `sb_busposition` VALUES (1833, '20190422', '2019-04-22 19:18:15', 120.818714, 30.185644, 0, 0, NULL, NULL, NULL, NULL, '2019-04-22 11:18:15', 'system', '2019-04-22 11:18:15', 'system', 1);
INSERT INTO `sb_busposition` VALUES (1834, '20190422', '2019-04-22 19:18:15', 120.818714, 30.185644, 0, 0, NULL, NULL, NULL, NULL, '2019-04-22 11:18:15', 'system', '2019-04-22 11:18:15', 'system', 1);
INSERT INTO `sb_busposition` VALUES (1835, '20190422', '2019-04-22 19:18:15', 120.818714, 30.185644, 0, 0, NULL, NULL, NULL, NULL, '2019-04-22 11:18:15', 'system', '2019-04-22 11:18:15', 'system', 1);
INSERT INTO `sb_busposition` VALUES (1836, '20190422', '2019-04-22 19:18:16', 120.81864, 30.185644, 0, 0, NULL, NULL, NULL, NULL, '2019-04-22 11:18:16', 'system', '2019-04-22 11:18:16', 'system', 1);
INSERT INTO `sb_busposition` VALUES (1837, '20190422', '2019-04-22 19:18:16', 120.81864, 30.185644, 0, 0, NULL, NULL, NULL, NULL, '2019-04-22 11:18:16', 'system', '2019-04-22 11:18:16', 'system', 1);
INSERT INTO `sb_busposition` VALUES (1838, '20190422', '2019-04-22 19:18:16', 120.81864, 30.185644, 0, 0, NULL, NULL, NULL, NULL, '2019-04-22 11:18:16', 'system', '2019-04-22 11:18:16', 'system', 1);
INSERT INTO `sb_busposition` VALUES (1839, '20190422', '2019-04-22 19:18:17', 120.818562, 30.185644, 0, 0, NULL, NULL, NULL, NULL, '2019-04-22 11:18:17', 'system', '2019-04-22 11:18:17', 'system', 1);
INSERT INTO `sb_busposition` VALUES (1840, '20190422', '2019-04-22 19:18:17', 120.818562, 30.185644, 0, 0, NULL, NULL, NULL, NULL, '2019-04-22 11:18:17', 'system', '2019-04-22 11:18:17', 'system', 1);
INSERT INTO `sb_busposition` VALUES (1841, '20190422', '2019-04-22 19:18:17', 120.818562, 30.185644, 0, 0, NULL, NULL, NULL, NULL, '2019-04-22 11:18:17', 'system', '2019-04-22 11:18:17', 'system', 1);
INSERT INTO `sb_busposition` VALUES (1842, '20190422', '2019-04-22 19:18:18', 120.818475, 30.185645, 0, 0, NULL, NULL, NULL, NULL, '2019-04-22 11:18:18', 'system', '2019-04-22 11:18:18', 'system', 1);
INSERT INTO `sb_busposition` VALUES (1843, '20190422', '2019-04-22 19:18:18', 120.818475, 30.185645, 0, 0, NULL, NULL, NULL, NULL, '2019-04-22 11:18:18', 'system', '2019-04-22 11:18:18', 'system', 1);
INSERT INTO `sb_busposition` VALUES (1844, '20190422', '2019-04-22 19:18:18', 120.818475, 30.185645, 0, 0, NULL, NULL, NULL, NULL, '2019-04-22 11:18:18', 'system', '2019-04-22 11:18:18', 'system', 1);
INSERT INTO `sb_busposition` VALUES (1845, '20190422', '2019-04-22 19:18:19', 120.8184, 30.185645, 0, 0, NULL, NULL, NULL, NULL, '2019-04-22 11:18:19', 'system', '2019-04-22 11:18:19', 'system', 1);
INSERT INTO `sb_busposition` VALUES (1846, '20190422', '2019-04-22 19:18:19', 120.8184, 30.185645, 0, 0, NULL, NULL, NULL, NULL, '2019-04-22 11:18:19', 'system', '2019-04-22 11:18:19', 'system', 1);
INSERT INTO `sb_busposition` VALUES (1847, '20190422', '2019-04-22 19:18:19', 120.8184, 30.185645, 0, 0, NULL, NULL, NULL, NULL, '2019-04-22 11:18:19', 'system', '2019-04-22 11:18:19', 'system', 1);
INSERT INTO `sb_busposition` VALUES (1848, '20190422', '2019-04-22 19:18:20', 120.81833, 30.185645, 0, 0, NULL, NULL, NULL, NULL, '2019-04-22 11:18:20', 'system', '2019-04-22 11:18:20', 'system', 1);
INSERT INTO `sb_busposition` VALUES (1849, '20190422', '2019-04-22 19:18:20', 120.81833, 30.185645, 0, 0, NULL, NULL, NULL, NULL, '2019-04-22 11:18:20', 'system', '2019-04-22 11:18:20', 'system', 1);
INSERT INTO `sb_busposition` VALUES (1850, '20190422', '2019-04-22 19:18:20', 120.81833, 30.185645, 0, 0, NULL, NULL, NULL, NULL, '2019-04-22 11:18:20', 'system', '2019-04-22 11:18:20', 'system', 1);
INSERT INTO `sb_busposition` VALUES (1851, '20190422', '2019-04-22 19:18:21', 120.818261, 30.185645, 0, 0, NULL, NULL, NULL, NULL, '2019-04-22 11:18:21', 'system', '2019-04-22 11:18:21', 'system', 1);
INSERT INTO `sb_busposition` VALUES (1852, '20190422', '2019-04-22 19:18:21', 120.818261, 30.185645, 0, 0, NULL, NULL, NULL, NULL, '2019-04-22 11:18:21', 'system', '2019-04-22 11:18:21', 'system', 1);
INSERT INTO `sb_busposition` VALUES (1853, '20190422', '2019-04-22 19:18:21', 120.818261, 30.185645, 0, 0, NULL, NULL, NULL, NULL, '2019-04-22 11:18:21', 'system', '2019-04-22 11:18:21', 'system', 1);
INSERT INTO `sb_busposition` VALUES (1854, '20190422', '2019-04-22 19:18:22', 120.81818, 30.185645, 0, 0, NULL, NULL, NULL, NULL, '2019-04-22 11:18:22', 'system', '2019-04-22 11:18:22', 'system', 1);
INSERT INTO `sb_busposition` VALUES (1855, '20190422', '2019-04-22 19:18:22', 120.81818, 30.185645, 0, 0, NULL, NULL, NULL, NULL, '2019-04-22 11:18:22', 'system', '2019-04-22 11:18:22', 'system', 1);
INSERT INTO `sb_busposition` VALUES (1856, '20190422', '2019-04-22 19:18:22', 120.81818, 30.185645, 0, 0, NULL, NULL, NULL, NULL, '2019-04-22 11:18:22', 'system', '2019-04-22 11:18:22', 'system', 1);
INSERT INTO `sb_busposition` VALUES (1857, '20190422', '2019-04-22 19:18:23', 120.818096, 30.185646, 0, 0, NULL, NULL, NULL, NULL, '2019-04-22 11:18:23', 'system', '2019-04-22 11:18:23', 'system', 1);
INSERT INTO `sb_busposition` VALUES (1858, '20190422', '2019-04-22 19:18:23', 120.818096, 30.185646, 0, 0, NULL, NULL, NULL, NULL, '2019-04-22 11:18:23', 'system', '2019-04-22 11:18:23', 'system', 1);
INSERT INTO `sb_busposition` VALUES (1859, '20190422', '2019-04-22 19:18:23', 120.818096, 30.185646, 0, 0, NULL, NULL, NULL, NULL, '2019-04-22 11:18:23', 'system', '2019-04-22 11:18:23', 'system', 1);
INSERT INTO `sb_busposition` VALUES (1860, '20190422', '2019-04-22 19:18:24', 120.818022, 30.185646, 0, 0, NULL, NULL, NULL, NULL, '2019-04-22 11:18:24', 'system', '2019-04-22 11:18:24', 'system', 1);
INSERT INTO `sb_busposition` VALUES (1861, '20190422', '2019-04-22 19:18:24', 120.818022, 30.185646, 0, 0, NULL, NULL, NULL, NULL, '2019-04-22 11:18:24', 'system', '2019-04-22 11:18:24', 'system', 1);
INSERT INTO `sb_busposition` VALUES (1862, '20190422', '2019-04-22 19:18:24', 120.818022, 30.185646, 0, 0, NULL, NULL, NULL, NULL, '2019-04-22 11:18:24', 'system', '2019-04-22 11:18:24', 'system', 1);
INSERT INTO `sb_busposition` VALUES (1863, '20190422', '2019-04-22 19:18:25', 120.817958, 30.185646, 0, 0, NULL, NULL, NULL, NULL, '2019-04-22 11:18:25', 'system', '2019-04-22 11:18:25', 'system', 1);
INSERT INTO `sb_busposition` VALUES (1864, '20190422', '2019-04-22 19:18:25', 120.817958, 30.185646, 0, 0, NULL, NULL, NULL, NULL, '2019-04-22 11:18:25', 'system', '2019-04-22 11:18:25', 'system', 1);
INSERT INTO `sb_busposition` VALUES (1865, '20190422', '2019-04-22 19:18:25', 120.817958, 30.185646, 0, 0, NULL, NULL, NULL, NULL, '2019-04-22 11:18:25', 'system', '2019-04-22 11:18:25', 'system', 1);
INSERT INTO `sb_busposition` VALUES (1866, '20190422', '2019-04-22 19:18:26', 120.817888, 30.185646, 0, 0, NULL, NULL, NULL, NULL, '2019-04-22 11:18:26', 'system', '2019-04-22 11:18:26', 'system', 1);
INSERT INTO `sb_busposition` VALUES (1867, '20190422', '2019-04-22 19:18:26', 120.817888, 30.185646, 0, 0, NULL, NULL, NULL, NULL, '2019-04-22 11:18:26', 'system', '2019-04-22 11:18:26', 'system', 1);
INSERT INTO `sb_busposition` VALUES (1868, '20190422', '2019-04-22 19:18:26', 120.817888, 30.185646, 0, 0, NULL, NULL, NULL, NULL, '2019-04-22 11:18:26', 'system', '2019-04-22 11:18:26', 'system', 1);
INSERT INTO `sb_busposition` VALUES (1869, '20190422', '2019-04-22 19:18:27', 120.817834, 30.185646, 0, 0, NULL, NULL, NULL, NULL, '2019-04-22 11:18:27', 'system', '2019-04-22 11:18:27', 'system', 1);
INSERT INTO `sb_busposition` VALUES (1870, '20190422', '2019-04-22 19:18:27', 120.817834, 30.185646, 0, 0, NULL, NULL, NULL, NULL, '2019-04-22 11:18:27', 'system', '2019-04-22 11:18:27', 'system', 1);
INSERT INTO `sb_busposition` VALUES (1871, '20190422', '2019-04-22 19:18:27', 120.817834, 30.185646, 0, 0, NULL, NULL, NULL, NULL, '2019-04-22 11:18:27', 'system', '2019-04-22 11:18:27', 'system', 1);
INSERT INTO `sb_busposition` VALUES (1872, '20190422', '2019-04-22 19:18:28', 120.81778, 30.185646, 0, 0, NULL, NULL, NULL, NULL, '2019-04-22 11:18:28', 'system', '2019-04-22 11:18:28', 'system', 1);
INSERT INTO `sb_busposition` VALUES (1873, '20190422', '2019-04-22 19:18:28', 120.81778, 30.185646, 0, 0, NULL, NULL, NULL, NULL, '2019-04-22 11:18:28', 'system', '2019-04-22 11:18:28', 'system', 1);
INSERT INTO `sb_busposition` VALUES (1874, '20190422', '2019-04-22 19:18:28', 120.81778, 30.185646, 0, 0, NULL, NULL, NULL, NULL, '2019-04-22 11:18:28', 'system', '2019-04-22 11:18:28', 'system', 1);
INSERT INTO `sb_busposition` VALUES (1875, '20190422', '2019-04-22 19:18:29', 120.817731, 30.185647, 0, 0, NULL, NULL, NULL, NULL, '2019-04-22 11:18:29', 'system', '2019-04-22 11:18:29', 'system', 1);
INSERT INTO `sb_busposition` VALUES (1876, '20190422', '2019-04-22 19:18:29', 120.817731, 30.185647, 0, 0, NULL, NULL, NULL, NULL, '2019-04-22 11:18:29', 'system', '2019-04-22 11:18:29', 'system', 1);
INSERT INTO `sb_busposition` VALUES (1877, '20190422', '2019-04-22 19:18:29', 120.817731, 30.185647, 0, 0, NULL, NULL, NULL, NULL, '2019-04-22 11:18:29', 'system', '2019-04-22 11:18:29', 'system', 1);
INSERT INTO `sb_busposition` VALUES (1886, '861903660100873', '2019-05-06 07:01:41', 120.82497542143433, 30.190035852682552, 0, 0, NULL, NULL, NULL, NULL, '2019-05-06 15:02:04', 'system', '2019-05-06 15:02:04', 'system', 1);
INSERT INTO `sb_busposition` VALUES (1887, '861903660100873', '2019-05-06 07:02:32', 120.82530361550305, 30.189740930762756, 19.9, 91.28, NULL, NULL, NULL, NULL, '2019-05-06 15:02:56', 'system', '2019-05-06 15:02:56', 'system', 1);
INSERT INTO `sb_busposition` VALUES (1888, '861903660100873', '2019-05-06 07:02:41', 120.82589158061649, 30.18974646878008, 21.2, 85.92, NULL, NULL, NULL, NULL, '2019-05-06 15:03:06', 'system', '2019-05-06 15:03:06', 'system', 1);
INSERT INTO `sb_busposition` VALUES (1889, '861903660100873', '2019-05-06 07:02:51', 120.8265077617987, 30.189730589204604, 22.9, 90.36, NULL, NULL, NULL, NULL, '2019-05-06 15:03:16', 'system', '2019-05-06 15:03:16', 'system', 1);
INSERT INTO `sb_busposition` VALUES (1890, '861903660100873', '2019-05-06 07:03:00', 120.82714387136082, 30.189708133966676, 22.8, 90.47, NULL, NULL, NULL, NULL, '2019-05-06 15:03:26', 'system', '2019-05-06 15:03:26', 'system', 1);
INSERT INTO `sb_busposition` VALUES (1891, '861903660100873', '2019-05-06 07:03:10', 120.82778165839616, 30.18971714310572, 23.5, 94.99, NULL, NULL, NULL, NULL, '2019-05-06 15:03:36', 'system', '2019-05-06 15:03:36', 'system', 1);
INSERT INTO `sb_busposition` VALUES (1892, '861903660100873', '2019-05-06 07:03:20', 120.82807119448921, 30.190139410473016, 22.7, 5.17, NULL, NULL, NULL, NULL, '2019-05-06 15:03:46', 'system', '2019-05-06 15:03:46', 'system', 1);
INSERT INTO `sb_busposition` VALUES (1893, '861903660100873', '2019-05-06 07:03:30', 120.82808395927776, 30.190674484872897, 21.7, 0.69, NULL, NULL, NULL, NULL, '2019-05-06 15:03:56', 'system', '2019-05-06 15:03:56', 'system', 1);
INSERT INTO `sb_busposition` VALUES (1894, '861903660100873', '2019-05-06 07:03:40', 120.82851441877392, 30.19101196257488, 17.9, 92.06, NULL, NULL, NULL, NULL, '2019-05-06 15:04:06', 'system', '2019-05-06 15:04:06', 'system', 1);
INSERT INTO `sb_busposition` VALUES (1895, '861903660100873', '2019-05-06 07:03:50', 120.82906603220755, 30.191162632155507, 22.7, 8.91, NULL, NULL, NULL, NULL, '2019-05-06 15:04:16', 'system', '2019-05-06 15:04:16', 'system', 1);
INSERT INTO `sb_busposition` VALUES (1896, '861903660100873', '2019-05-06 07:04:00', 120.82910037015712, 30.191671322728627, 14.1, 11.42, NULL, NULL, NULL, NULL, '2019-05-06 15:04:26', 'system', '2019-05-06 15:04:26', 'system', 1);
INSERT INTO `sb_busposition` VALUES (1897, '861903660100873', '2019-05-06 07:04:10', 120.82860977183556, 30.191838094939204, 21.8, 270.74, NULL, NULL, NULL, NULL, '2019-05-06 15:04:36', 'system', '2019-05-06 15:04:36', 'system', 1);
INSERT INTO `sb_busposition` VALUES (1898, '861903660100873', '2019-05-06 07:04:20', 120.82801998630607, 30.19180005902482, 20.5, 253.88, NULL, NULL, NULL, NULL, '2019-05-06 15:04:46', 'system', '2019-05-06 15:04:46', 'system', 1);
INSERT INTO `sb_busposition` VALUES (1899, '861903660100873', '2019-05-06 07:04:30', 120.82740040953861, 30.191783062184722, 20.4, 259.91, NULL, NULL, NULL, NULL, '2019-05-06 15:04:56', 'system', '2019-05-06 15:04:56', 'system', 1);
INSERT INTO `sb_busposition` VALUES (1900, '861903660100873', '2019-05-06 07:04:40', 120.82680733688774, 30.19181956015199, 23.5, 269.14, NULL, NULL, NULL, NULL, '2019-05-06 15:05:06', 'system', '2019-05-06 15:05:06', 'system', 1);
INSERT INTO `sb_busposition` VALUES (1901, '861903660100873', '2019-05-06 07:04:50', 120.8261016519768, 30.191880865918048, 24.8, 276.57, NULL, NULL, NULL, NULL, '2019-05-06 15:05:16', 'system', '2019-05-06 15:05:16', 'system', 1);
INSERT INTO `sb_busposition` VALUES (1902, '861903660100873', '2019-05-06 07:05:00', 120.82547727153236, 30.191836510116122, 17.3, 259.57, NULL, NULL, NULL, NULL, '2019-05-06 15:05:26', 'system', '2019-05-06 15:05:26', 'system', 1);
INSERT INTO `sb_busposition` VALUES (1903, '861903660100873', '2019-05-06 07:05:10', 120.82487274948978, 30.191853933559162, 22.2, 274.69, NULL, NULL, NULL, NULL, '2019-05-06 15:05:36', 'system', '2019-05-06 15:05:36', 'system', 1);
INSERT INTO `sb_busposition` VALUES (1904, '861903660100873', '2019-05-06 07:05:20', 120.8241954185718, 30.191846724867535, 23.8, 269.59, NULL, NULL, NULL, NULL, '2019-05-06 15:05:46', 'system', '2019-05-06 15:05:46', 'system', 1);
INSERT INTO `sb_busposition` VALUES (1905, '861903660100873', '2019-05-06 07:05:30', 120.82352146904047, 30.19180605589523, 19.8, 252.26, NULL, NULL, NULL, NULL, '2019-05-06 15:05:56', 'system', '2019-05-06 15:05:56', 'system', 1);
INSERT INTO `sb_busposition` VALUES (1906, '861903660100873', '2019-05-06 07:05:40', 120.82361777823452, 30.191510979624056, 17.6, 115.41, NULL, NULL, NULL, NULL, '2019-05-06 15:06:06', 'system', '2019-05-06 15:06:06', 'system', 1);
INSERT INTO `sb_busposition` VALUES (1907, '861903660100873', '2019-05-06 07:05:50', 120.8236000393634, 30.190982460986024, 22, 181.4, NULL, NULL, NULL, NULL, '2019-05-06 15:06:16', 'system', '2019-05-06 15:06:16', 'system', 1);
INSERT INTO `sb_busposition` VALUES (1908, '861903660100873', '2019-05-06 07:06:00', 120.82361712432171, 30.190404507667868, 21, 155.38, NULL, NULL, NULL, NULL, '2019-05-06 15:06:26', 'system', '2019-05-06 15:06:26', 'system', 1);
INSERT INTO `sb_busposition` VALUES (1909, '861903660100873', '2019-05-06 07:06:10', 120.8242100602302, 30.190305573560597, 19.1, 124.52, NULL, NULL, NULL, NULL, '2019-05-06 15:06:36', 'system', '2019-05-06 15:06:36', 'system', 1);
INSERT INTO `sb_busposition` VALUES (1910, '861903660100873', '2019-05-06 07:06:20', 120.8244902684004, 30.189940026248884, 18.1, 98.49, NULL, NULL, NULL, NULL, '2019-05-06 15:06:46', 'system', '2019-05-06 15:06:46', 'system', 1);
INSERT INTO `sb_busposition` VALUES (1911, '861903660100873', '2019-05-06 07:06:29', 120.82497217646795, 30.1899624833321, 11.3, 55.89, NULL, NULL, NULL, NULL, '2019-05-06 15:06:56', 'system', '2019-05-06 15:06:56', 'system', 1);

-- ----------------------------
-- Table structure for sb_busposition_his
-- ----------------------------
DROP TABLE IF EXISTS `sb_busposition_his`;
CREATE TABLE `sb_busposition_his`  (
  `ID` int(11) NOT NULL AUTO_INCREMENT COMMENT '设定自增_',
  `GPS_ID` varchar(100) CHARACTER SET utf8 COLLATE utf8_general_ci NOT NULL COMMENT 'GPS信号中自带的识别码作为主键',
  `SBP_RECODE_TIME` timestamp(0) NOT NULL DEFAULT CURRENT_TIMESTAMP(0) ON UPDATE CURRENT_TIMESTAMP(0),
  `SBP_LONGITUDE` double NULL DEFAULT NULL,
  `SBP_LATITUDE` double NULL DEFAULT NULL,
  `SBP_VELOCITY` double NULL DEFAULT NULL,
  `SBP_DIRECTION` double NULL DEFAULT NULL,
  `REMARK` text CHARACTER SET utf8 COLLATE utf8_general_ci NULL,
  `REMARK1` text CHARACTER SET utf8 COLLATE utf8_general_ci NULL,
  `REMARK2` text CHARACTER SET utf8 COLLATE utf8_general_ci NULL,
  `REMARK3` text CHARACTER SET utf8 COLLATE utf8_general_ci NULL,
  `CREATED_DATE` timestamp(0) NOT NULL DEFAULT CURRENT_TIMESTAMP(0),
  `CREATED_BY` varchar(100) CHARACTER SET utf8 COLLATE utf8_general_ci NULL DEFAULT NULL,
  `UPDATED_DATE` timestamp(0) NOT NULL DEFAULT CURRENT_TIMESTAMP(0) ON UPDATE CURRENT_TIMESTAMP(0),
  `UPDATED_BY` varchar(100) CHARACTER SET utf8 COLLATE utf8_general_ci NULL DEFAULT NULL,
  `Valid` tinyint(1) NULL DEFAULT 1,
  PRIMARY KEY (`ID`) USING BTREE,
  INDEX `FK_Relationship_25`(`GPS_ID`) USING BTREE,
  CONSTRAINT `FK_Relationship_25` FOREIGN KEY (`GPS_ID`) REFERENCES `sb_gps` (`ID`) ON DELETE RESTRICT ON UPDATE RESTRICT
) ENGINE = InnoDB AUTO_INCREMENT = 1 CHARACTER SET = utf8 COLLATE = utf8_general_ci ROW_FORMAT = Compact;

-- ----------------------------
-- Table structure for sb_gps
-- ----------------------------
DROP TABLE IF EXISTS `sb_gps`;
CREATE TABLE `sb_gps`  (
  `ID` varchar(100) CHARACTER SET utf8 COLLATE utf8_general_ci NOT NULL COMMENT 'GPS信号中自带的识别码作为主键',
  `BUS_ID` int(11) NOT NULL,
  `SBG_NUMBER` varchar(100) CHARACTER SET utf8 COLLATE utf8_general_ci NULL DEFAULT NULL,
  `SBG_TYPE` varchar(100) CHARACTER SET utf8 COLLATE utf8_general_ci NULL DEFAULT NULL,
  `SBG_FACTORY_NAME` varchar(100) CHARACTER SET utf8 COLLATE utf8_general_ci NULL DEFAULT NULL,
  `REMARK` text CHARACTER SET utf8 COLLATE utf8_general_ci NULL,
  `REMARK1` text CHARACTER SET utf8 COLLATE utf8_general_ci NULL,
  `REMARK2` text CHARACTER SET utf8 COLLATE utf8_general_ci NULL,
  `REMARK3` text CHARACTER SET utf8 COLLATE utf8_general_ci NULL,
  `CREATED_DATE` timestamp(0) NOT NULL DEFAULT CURRENT_TIMESTAMP(0),
  `CREATED_BY` varchar(100) CHARACTER SET utf8 COLLATE utf8_general_ci NULL DEFAULT NULL,
  `UPDATED_DATE` timestamp(0) NOT NULL DEFAULT CURRENT_TIMESTAMP(0) ON UPDATE CURRENT_TIMESTAMP(0),
  `UPDATED_BY` varchar(100) CHARACTER SET utf8 COLLATE utf8_general_ci NULL DEFAULT NULL,
  `Valid` tinyint(1) NULL DEFAULT 1,
  PRIMARY KEY (`ID`) USING BTREE,
  INDEX `FK_Relationship_20`(`BUS_ID`) USING BTREE,
  CONSTRAINT `FK_Relationship_20` FOREIGN KEY (`BUS_ID`) REFERENCES `sb_bus` (`ID`) ON DELETE RESTRICT ON UPDATE RESTRICT
) ENGINE = InnoDB CHARACTER SET = utf8 COLLATE = utf8_general_ci ROW_FORMAT = Compact;

-- ----------------------------
-- Records of sb_gps
-- ----------------------------
INSERT INTO `sb_gps` VALUES ('20001030', 4, '0004', 'GPS', 'TCL', NULL, NULL, NULL, NULL, '2019-04-16 01:52:33', NULL, '2019-04-16 01:52:33', NULL, 1);
INSERT INTO `sb_gps` VALUES ('20170409', 3, '0003', 'GPS', 'TCL', NULL, NULL, NULL, NULL, '2019-04-16 01:49:58', NULL, '2019-04-16 01:49:58', NULL, 1);
INSERT INTO `sb_gps` VALUES ('20180401', 1, '0001', 'GPS', 'TCL', NULL, NULL, NULL, NULL, '2019-04-16 01:48:01', NULL, '2019-04-16 01:48:01', NULL, 1);
INSERT INTO `sb_gps` VALUES ('20190304', 5, '0005', 'GPS', 'TCL', NULL, NULL, NULL, NULL, '2019-04-16 01:52:51', NULL, '2019-04-16 01:52:51', NULL, 1);
INSERT INTO `sb_gps` VALUES ('20190421', 6, '0006', 'H5', 'POST', NULL, NULL, NULL, NULL, '2019-04-21 16:47:52', NULL, '2019-04-21 16:47:52', NULL, 1);
INSERT INTO `sb_gps` VALUES ('20190422', 7, '0007', 'H5', 'POST', NULL, NULL, NULL, NULL, '2019-04-22 14:41:08', NULL, '2019-04-22 14:41:08', NULL, 1);
INSERT INTO `sb_gps` VALUES ('20191104', 2, '0002', 'GPS', 'TCL', NULL, NULL, NULL, NULL, '2019-04-16 01:49:44', NULL, '2019-04-16 01:49:44', NULL, 1);
INSERT INTO `sb_gps` VALUES ('861903660100873', 8, '0008', 'GPS', 'TCP', NULL, NULL, NULL, NULL, '2019-05-04 04:25:58', NULL, '2019-05-04 04:25:58', NULL, 1);

-- ----------------------------
-- Table structure for sb_role_authority
-- ----------------------------
DROP TABLE IF EXISTS `sb_role_authority`;
CREATE TABLE `sb_role_authority`  (
  `ID` int(11) NOT NULL AUTO_INCREMENT COMMENT '设定自增_',
  `ROLE_ID` int(11) NOT NULL,
  `AUTHORITY_ID` int(11) NOT NULL,
  `REMARK` text CHARACTER SET utf8 COLLATE utf8_general_ci NULL,
  `REMARK1` text CHARACTER SET utf8 COLLATE utf8_general_ci NULL,
  `REMARK2` text CHARACTER SET utf8 COLLATE utf8_general_ci NULL,
  `REMARK3` text CHARACTER SET utf8 COLLATE utf8_general_ci NULL,
  `CREATED_DATE` timestamp(0) NOT NULL DEFAULT CURRENT_TIMESTAMP(0),
  `CREATED_BY` varchar(100) CHARACTER SET utf8 COLLATE utf8_general_ci NULL DEFAULT NULL,
  `UPDATED_DATE` timestamp(0) NOT NULL DEFAULT CURRENT_TIMESTAMP(0) ON UPDATE CURRENT_TIMESTAMP(0),
  `UPDATED_BY` varchar(100) CHARACTER SET utf8 COLLATE utf8_general_ci NULL DEFAULT NULL,
  `Valid` tinyint(1) NULL DEFAULT 1,
  PRIMARY KEY (`ID`) USING BTREE,
  INDEX `FK_Relationship_21`(`ROLE_ID`) USING BTREE,
  INDEX `FK_Relationship_22`(`AUTHORITY_ID`) USING BTREE,
  CONSTRAINT `FK_Relationship_21` FOREIGN KEY (`ROLE_ID`) REFERENCES `sys_role` (`ID`) ON DELETE RESTRICT ON UPDATE RESTRICT,
  CONSTRAINT `FK_Relationship_22` FOREIGN KEY (`AUTHORITY_ID`) REFERENCES `sys_authority` (`ID`) ON DELETE RESTRICT ON UPDATE RESTRICT
) ENGINE = InnoDB AUTO_INCREMENT = 1 CHARACTER SET = utf8 COLLATE = utf8_general_ci ROW_FORMAT = Compact;

-- ----------------------------
-- Table structure for sb_route
-- ----------------------------
DROP TABLE IF EXISTS `sb_route`;
CREATE TABLE `sb_route`  (
  `ID` int(11) NOT NULL AUTO_INCREMENT,
  `SBR_ROUTENAME` varchar(100) CHARACTER SET utf8 COLLATE utf8_general_ci NULL DEFAULT NULL,
  `SBR_START_STATION` varchar(100) CHARACTER SET utf8 COLLATE utf8_general_ci NULL DEFAULT NULL,
  `SBR_END_STATION` varchar(100) CHARACTER SET utf8 COLLATE utf8_general_ci NULL DEFAULT NULL,
  `SBR_DEPART_TIME` varchar(100) CHARACTER SET utf8 COLLATE utf8_general_ci NULL DEFAULT NULL,
  `SBR_DESC` varchar(1024) CHARACTER SET utf8 COLLATE utf8_general_ci NULL DEFAULT NULL,
  `REMARK` text CHARACTER SET utf8 COLLATE utf8_general_ci NULL,
  `REMARK1` text CHARACTER SET utf8 COLLATE utf8_general_ci NULL,
  `REMARK2` text CHARACTER SET utf8 COLLATE utf8_general_ci NULL,
  `REMARK3` text CHARACTER SET utf8 COLLATE utf8_general_ci NULL,
  `CREATED_DATE` timestamp(0) NOT NULL DEFAULT CURRENT_TIMESTAMP(0),
  `CREATED_BY` varchar(100) CHARACTER SET utf8 COLLATE utf8_general_ci NULL DEFAULT NULL,
  `UPDATED_DATE` timestamp(0) NOT NULL DEFAULT CURRENT_TIMESTAMP(0) ON UPDATE CURRENT_TIMESTAMP(0),
  `UPDATED_BY` varchar(100) CHARACTER SET utf8 COLLATE utf8_general_ci NULL DEFAULT NULL,
  `Valid` tinyint(1) NULL DEFAULT 1,
  PRIMARY KEY (`ID`) USING BTREE
) ENGINE = InnoDB AUTO_INCREMENT = 26 CHARACTER SET = utf8 COLLATE = utf8_general_ci ROW_FORMAT = Compact;

-- ----------------------------
-- Records of sb_route
-- ----------------------------
INSERT INTO `sb_route` VALUES (1, '下沙一号线（上虞）', '德信早城', '上虞', '6:40', '下沙一号线，下午四点原路返回', NULL, NULL, NULL, NULL, '2019-04-18 21:30:36', 'system', '2019-04-25 09:34:38', 'system', 1);
INSERT INTO `sb_route` VALUES (2, '下沙二号线（上虞）', '金沙学府', '上虞', '6:40', '下沙2号线，下午四点和一号线并一起返回', NULL, NULL, NULL, NULL, '2019-04-18 21:30:37', 'system', '2019-04-25 09:44:59', 'system', 1);
INSERT INTO `sb_route` VALUES (3, '老余杭线（上虞）', '余杭', '上虞', '6:10', '余杭车站为第一站，下午四点原路返回', NULL, NULL, NULL, NULL, '2019-04-18 22:11:40', 'system', '2019-04-25 09:48:16', 'system', 1);
INSERT INTO `sb_route` VALUES (4, '滨江线（上虞）', '闲湖城', '上虞', '6:05', '下午四点原路返回', NULL, NULL, NULL, NULL, '2019-04-18 21:30:39', 'system', '2019-04-25 09:47:38', 'system', 1);
INSERT INTO `sb_route` VALUES (5, '城中线（上虞）', '工会干校', '上虞', '6:30', '下午四点原路返回', NULL, NULL, NULL, NULL, '2019-04-18 21:30:40', 'system', '2019-04-25 09:53:20', 'system', 1);
INSERT INTO `sb_route` VALUES (6, '文一线（上虞）', '雅仕苑', '上虞', '6:30', '下午四点原路返回', NULL, NULL, NULL, NULL, '2019-04-18 21:30:42', 'system', '2019-04-25 10:42:03', 'system', 1);
INSERT INTO `sb_route` VALUES (7, 'H5测试路线', '上虞', '上虞', '6:00', 'H5浏览器定位测试路线', NULL, NULL, NULL, NULL, '2019-04-21 16:20:09', NULL, '2019-04-21 16:20:09', NULL, 1);
INSERT INTO `sb_route` VALUES (8, 'H5测试路线0422', '上虞', '上虞', '6:00', 'H5浏览器定位册数路线4月22日', NULL, NULL, NULL, NULL, '2019-04-22 14:31:46', NULL, '2019-04-22 14:31:46', NULL, 1);
INSERT INTO `sb_route` VALUES (9, '应急文一线', '老余杭', '上虞', '20:00', '恶劣天气班车运行线路（遇恶劣天气运行）', NULL, NULL, NULL, NULL, '2019-04-25 09:16:55', '', '2019-04-25 09:16:55', NULL, 1);
INSERT INTO `sb_route` VALUES (10, '应急下沙线', '德行早城', '上虞', '20:00', '恶劣天气班车运行线路（遇恶劣天气运行）', NULL, NULL, NULL, NULL, '2019-04-25 09:17:52', NULL, '2019-04-25 09:17:52', NULL, 1);
INSERT INTO `sb_route` VALUES (11, '下沙一号线（杭州）', '上虞', '德信早城', '16:00', '原路返回路线', NULL, NULL, NULL, NULL, '2019-04-25 09:34:32', NULL, '2019-04-25 09:36:08', NULL, 1);
INSERT INTO `sb_route` VALUES (12, '下沙二号线（杭州）', '上虞', '淘宝城', '16:40', '原路返回路线', NULL, NULL, NULL, NULL, '2019-04-25 09:44:56', NULL, '2019-04-25 09:44:56', NULL, 1);
INSERT INTO `sb_route` VALUES (13, '老余杭线（杭州）', '上虞', '余杭', '16:00', '原路返回路线', NULL, NULL, NULL, NULL, '2019-04-25 09:46:42', NULL, '2019-04-25 09:46:42', NULL, 1);
INSERT INTO `sb_route` VALUES (14, '滨江线（杭州）', '上虞', '闲城湖', '16:00', '原路返回路线', NULL, NULL, NULL, NULL, '2019-04-25 09:51:43', NULL, '2019-04-25 09:51:43', NULL, 1);
INSERT INTO `sb_route` VALUES (15, '城中线（杭州）', '上虞', '工会干校', '16:00', '原路返回路线', NULL, NULL, NULL, NULL, '2019-04-25 09:53:55', NULL, '2019-04-25 09:53:55', NULL, 1);
INSERT INTO `sb_route` VALUES (16, '文一线（杭州）', '上虞', '雅仕苑', '16:00', '原路返回路线', NULL, NULL, NULL, NULL, '2019-04-25 10:36:42', NULL, '2019-04-25 10:42:07', NULL, 1);
INSERT INTO `sb_route` VALUES (17, '古墩路一号线（上虞）', '良渚', '古墩路', '6:15', '小巴，经过路线少', NULL, NULL, NULL, NULL, '2019-04-25 10:38:47', NULL, '2019-04-25 10:42:39', NULL, 1);
INSERT INTO `sb_route` VALUES (18, '古墩路二号线（上虞）', '古荡', '上虞', '6:20', '下午四点原路返回', NULL, NULL, NULL, NULL, '2019-04-25 10:41:54', NULL, '2019-04-25 10:42:44', NULL, 1);
INSERT INTO `sb_route` VALUES (19, '古墩路二号线（杭州）', '上虞', '古荡', '16:00', '原路返回路线', NULL, NULL, NULL, NULL, '2019-04-25 10:42:34', NULL, '2019-04-25 10:43:25', NULL, 1);
INSERT INTO `sb_route` VALUES (20, '上午线（上虞）', '淘宝城', '上虞', '9:15', '中午12:30原路返回', NULL, NULL, NULL, NULL, '2019-04-25 10:47:42', NULL, '2019-04-25 10:47:42', NULL, 1);
INSERT INTO `sb_route` VALUES (21, '上午线（杭州）', '上虞', '淘宝城', '12:30', '原路返回路线', NULL, NULL, NULL, NULL, '2019-04-25 10:48:07', NULL, '2019-04-25 10:48:07', NULL, 1);
INSERT INTO `sb_route` VALUES (22, '下午线（上虞）', '淘宝城', '上虞', '15:20', '晚上21:15原路返回', NULL, NULL, NULL, NULL, '2019-04-25 10:50:08', NULL, '2019-04-25 10:50:08', NULL, 1);
INSERT INTO `sb_route` VALUES (23, '下午线（杭州）', '上虞', '淘宝城', '21:15', '原路返回路线', NULL, NULL, NULL, NULL, '2019-04-25 10:50:48', NULL, '2019-04-25 10:50:48', NULL, 1);
INSERT INTO `sb_route` VALUES (24, '假日线（上虞）', '淘宝城', '上虞', '06:15', '下午四点原路返回', NULL, NULL, NULL, NULL, '2019-04-25 10:52:03', NULL, '2019-04-25 10:52:03', NULL, 1);
INSERT INTO `sb_route` VALUES (25, '假日线（杭州）', '上虞', '淘宝城', '16:00', '原路返回路线', NULL, NULL, NULL, NULL, '2019-04-25 10:52:30', NULL, '2019-04-25 10:52:30', NULL, 1);

-- ----------------------------
-- Table structure for sb_route_station
-- ----------------------------
DROP TABLE IF EXISTS `sb_route_station`;
CREATE TABLE `sb_route_station`  (
  `ID` int(11) NOT NULL AUTO_INCREMENT COMMENT '设定自增_',
  `STATION_ID` int(11) NOT NULL,
  `ROUTE_ID` int(11) NOT NULL,
  `SBS_DEPART_TIME` varchar(100) CHARACTER SET utf8 COLLATE utf8_general_ci NULL DEFAULT NULL,
  `REMARK` text CHARACTER SET utf8 COLLATE utf8_general_ci NULL,
  `REMARK1` text CHARACTER SET utf8 COLLATE utf8_general_ci NULL,
  `REMARK2` text CHARACTER SET utf8 COLLATE utf8_general_ci NULL,
  `REMARK3` text CHARACTER SET utf8 COLLATE utf8_general_ci NULL,
  `CREATED_DATE` timestamp(0) NOT NULL DEFAULT CURRENT_TIMESTAMP(0),
  `CREATED_BY` varchar(100) CHARACTER SET utf8 COLLATE utf8_general_ci NULL DEFAULT NULL,
  `UPDATED_DATE` timestamp(0) NOT NULL DEFAULT CURRENT_TIMESTAMP(0) ON UPDATE CURRENT_TIMESTAMP(0),
  `UPDATED_BY` varchar(100) CHARACTER SET utf8 COLLATE utf8_general_ci NULL DEFAULT NULL,
  `Valid` tinyint(1) NULL DEFAULT 1,
  PRIMARY KEY (`ID`) USING BTREE,
  INDEX `FK_Relationship_8`(`ROUTE_ID`) USING BTREE,
  INDEX `FK_Relationship_9`(`STATION_ID`) USING BTREE,
  CONSTRAINT `FK_Relationship_8` FOREIGN KEY (`ROUTE_ID`) REFERENCES `sb_route` (`ID`) ON DELETE RESTRICT ON UPDATE RESTRICT,
  CONSTRAINT `FK_Relationship_9` FOREIGN KEY (`STATION_ID`) REFERENCES `sb_station` (`ID`) ON DELETE RESTRICT ON UPDATE RESTRICT
) ENGINE = InnoDB AUTO_INCREMENT = 167 CHARACTER SET = utf8 COLLATE = utf8_general_ci ROW_FORMAT = Compact;

-- ----------------------------
-- Records of sb_route_station
-- ----------------------------
INSERT INTO `sb_route_station` VALUES (1, 10, 2, '6:40', NULL, NULL, NULL, NULL, '2019-04-17 11:06:40', NULL, '2019-04-25 15:12:31', NULL, 1);
INSERT INTO `sb_route_station` VALUES (2, 9, 2, '6:43', NULL, NULL, NULL, NULL, '2019-04-17 11:06:45', NULL, '2019-04-25 15:12:43', NULL, 1);
INSERT INTO `sb_route_station` VALUES (3, 8, 2, '6:46', NULL, NULL, NULL, NULL, '2019-04-17 11:06:49', NULL, '2019-04-25 15:12:54', NULL, 1);
INSERT INTO `sb_route_station` VALUES (4, 7, 2, '6:50', NULL, NULL, NULL, NULL, '2019-04-17 11:06:53', NULL, '2019-04-25 15:13:16', NULL, 1);
INSERT INTO `sb_route_station` VALUES (5, 6, 2, '7:00', NULL, NULL, NULL, NULL, '2019-04-17 11:06:57', NULL, '2019-04-25 15:13:29', NULL, 1);
INSERT INTO `sb_route_station` VALUES (7, 30, 3, '6:10', NULL, NULL, NULL, NULL, '2019-04-17 11:07:20', NULL, '2019-04-25 15:18:54', NULL, 1);
INSERT INTO `sb_route_station` VALUES (8, 31, 3, '6:17', NULL, NULL, NULL, NULL, '2019-04-17 11:07:30', NULL, '2019-04-25 15:19:04', NULL, 1);
INSERT INTO `sb_route_station` VALUES (9, 32, 3, '6:29', NULL, NULL, NULL, NULL, '2019-04-17 11:07:34', NULL, '2019-04-25 15:19:17', NULL, 1);
INSERT INTO `sb_route_station` VALUES (10, 33, 3, '6:32', NULL, NULL, NULL, NULL, '2019-04-17 11:07:43', NULL, '2019-04-25 15:19:30', NULL, 1);
INSERT INTO `sb_route_station` VALUES (12, 12, 7, '6:00', NULL, NULL, NULL, NULL, '2019-04-21 21:41:15', NULL, '2019-04-21 21:41:15', NULL, 1);
INSERT INTO `sb_route_station` VALUES (13, 13, 7, '6:10', NULL, NULL, NULL, NULL, '2019-04-21 21:41:23', NULL, '2019-04-21 21:41:23', NULL, 1);
INSERT INTO `sb_route_station` VALUES (14, 14, 7, '6:12', NULL, NULL, NULL, NULL, '2019-04-21 21:41:31', NULL, '2019-04-21 21:41:31', NULL, 1);
INSERT INTO `sb_route_station` VALUES (15, 15, 7, '6:13', NULL, NULL, NULL, NULL, '2019-04-21 21:41:36', NULL, '2019-04-21 21:41:36', NULL, 1);
INSERT INTO `sb_route_station` VALUES (16, 16, 7, '6:16', NULL, NULL, NULL, NULL, '2019-04-21 21:41:49', NULL, '2019-04-21 21:41:49', NULL, 1);
INSERT INTO `sb_route_station` VALUES (17, 17, 7, '6:20', NULL, NULL, NULL, NULL, '2019-04-21 21:41:58', NULL, '2019-04-21 21:41:58', NULL, 1);
INSERT INTO `sb_route_station` VALUES (18, 18, 7, '6:26', NULL, NULL, NULL, NULL, '2019-04-21 21:42:05', NULL, '2019-04-21 21:42:05', NULL, 1);
INSERT INTO `sb_route_station` VALUES (19, 19, 7, '6:30', NULL, NULL, NULL, NULL, '2019-04-21 21:42:11', NULL, '2019-04-21 21:42:11', NULL, 1);
INSERT INTO `sb_route_station` VALUES (20, 20, 7, '6:40', NULL, NULL, NULL, NULL, '2019-04-21 21:42:17', NULL, '2019-04-21 21:42:17', NULL, 1);
INSERT INTO `sb_route_station` VALUES (21, 21, 7, '7:00', NULL, NULL, NULL, NULL, '2019-04-21 21:42:21', NULL, '2019-04-21 21:42:21', NULL, 1);
INSERT INTO `sb_route_station` VALUES (22, 15, 8, '6:13', NULL, NULL, NULL, NULL, '2019-04-22 14:33:10', NULL, '2019-04-22 14:33:10', NULL, 1);
INSERT INTO `sb_route_station` VALUES (23, 16, 8, '6:16', NULL, NULL, NULL, NULL, '2019-04-22 14:35:06', NULL, '2019-04-22 14:35:06', NULL, 1);
INSERT INTO `sb_route_station` VALUES (24, 22, 9, '20:00', NULL, NULL, NULL, NULL, '2019-04-25 13:46:42', NULL, '2019-04-25 13:46:54', NULL, 1);
INSERT INTO `sb_route_station` VALUES (25, 23, 9, '20:20', NULL, NULL, NULL, NULL, '2019-04-25 13:47:04', NULL, '2019-04-25 13:47:04', NULL, 1);
INSERT INTO `sb_route_station` VALUES (26, 24, 9, '20:25', NULL, NULL, NULL, NULL, '2019-04-25 13:58:52', NULL, '2019-04-25 13:58:52', NULL, 1);
INSERT INTO `sb_route_station` VALUES (27, 25, 9, '20:38', NULL, NULL, NULL, NULL, '2019-04-25 13:58:57', NULL, '2019-04-25 13:58:57', NULL, 1);
INSERT INTO `sb_route_station` VALUES (28, 48, 9, '20:43', NULL, NULL, NULL, NULL, '2019-04-25 13:59:02', NULL, '2019-04-25 23:29:51', NULL, 1);
INSERT INTO `sb_route_station` VALUES (29, 27, 9, '20:47', NULL, NULL, NULL, NULL, '2019-04-25 13:59:07', NULL, '2019-04-25 13:59:07', NULL, 1);
INSERT INTO `sb_route_station` VALUES (30, 28, 9, '20:55', NULL, NULL, NULL, NULL, '2019-04-25 13:59:13', NULL, '2019-04-25 13:59:13', NULL, 1);
INSERT INTO `sb_route_station` VALUES (31, 29, 9, '21:00', NULL, NULL, NULL, NULL, '2019-04-25 13:59:18', NULL, '2019-04-25 13:59:18', NULL, 1);
INSERT INTO `sb_route_station` VALUES (32, 2, 10, '20:00', NULL, NULL, NULL, NULL, '2019-04-25 15:04:17', NULL, '2019-04-25 15:04:17', NULL, 1);
INSERT INTO `sb_route_station` VALUES (33, 3, 10, '20:05', NULL, NULL, NULL, NULL, '2019-04-25 15:04:27', NULL, '2019-04-25 15:04:27', NULL, 1);
INSERT INTO `sb_route_station` VALUES (34, 4, 10, '20:08', NULL, NULL, NULL, NULL, '2019-04-25 15:04:47', NULL, '2019-04-25 15:04:47', NULL, 1);
INSERT INTO `sb_route_station` VALUES (35, 5, 10, '20:12', NULL, NULL, NULL, NULL, '2019-04-25 15:05:00', NULL, '2019-04-25 15:05:00', NULL, 1);
INSERT INTO `sb_route_station` VALUES (36, 6, 10, '20:20', NULL, NULL, NULL, NULL, '2019-04-25 15:05:14', NULL, '2019-04-25 15:05:14', NULL, 1);
INSERT INTO `sb_route_station` VALUES (37, 7, 10, '20:28', NULL, NULL, NULL, NULL, '2019-04-25 15:05:30', NULL, '2019-04-25 15:05:30', NULL, 1);
INSERT INTO `sb_route_station` VALUES (38, 8, 10, '20:32', NULL, NULL, NULL, NULL, '2019-04-25 15:05:39', NULL, '2019-04-25 15:05:39', NULL, 1);
INSERT INTO `sb_route_station` VALUES (39, 9, 10, '20:35', NULL, NULL, NULL, NULL, '2019-04-25 15:05:48', NULL, '2019-04-25 15:05:48', NULL, 1);
INSERT INTO `sb_route_station` VALUES (40, 10, 10, '20:37', NULL, NULL, NULL, NULL, '2019-04-25 15:05:58', NULL, '2019-04-25 15:05:58', NULL, 1);
INSERT INTO `sb_route_station` VALUES (41, 2, 1, '6:40', NULL, NULL, NULL, NULL, '2019-04-25 15:09:51', NULL, '2019-04-25 15:09:51', NULL, 1);
INSERT INTO `sb_route_station` VALUES (42, 3, 1, '6:45', NULL, NULL, NULL, NULL, '2019-04-25 15:09:59', NULL, '2019-04-25 15:09:59', NULL, 1);
INSERT INTO `sb_route_station` VALUES (43, 4, 1, '6:48', NULL, NULL, NULL, NULL, '2019-04-25 15:10:18', NULL, '2019-04-25 15:10:18', NULL, 1);
INSERT INTO `sb_route_station` VALUES (44, 5, 1, '6:52', NULL, NULL, NULL, NULL, '2019-04-25 15:10:28', NULL, '2019-04-25 15:10:28', NULL, 1);
INSERT INTO `sb_route_station` VALUES (45, 34, 4, '6:05', NULL, NULL, NULL, NULL, '2019-04-25 15:32:07', NULL, '2019-04-25 15:32:07', NULL, 1);
INSERT INTO `sb_route_station` VALUES (46, 35, 4, '6:12', NULL, NULL, NULL, NULL, '2019-04-25 15:32:15', NULL, '2019-04-25 15:32:15', NULL, 1);
INSERT INTO `sb_route_station` VALUES (47, 36, 4, '6:35', NULL, NULL, NULL, NULL, '2019-04-25 15:32:27', NULL, '2019-04-25 15:32:27', NULL, 1);
INSERT INTO `sb_route_station` VALUES (48, 37, 4, '6:45', NULL, NULL, NULL, NULL, '2019-04-25 15:32:37', NULL, '2019-04-25 15:32:37', NULL, 1);
INSERT INTO `sb_route_station` VALUES (49, 38, 4, '7:00', NULL, NULL, NULL, NULL, '2019-04-25 15:32:46', NULL, '2019-04-25 15:32:46', NULL, 1);
INSERT INTO `sb_route_station` VALUES (50, 39, 5, '6:30', NULL, NULL, NULL, NULL, '2019-04-25 22:53:18', NULL, '2019-04-25 22:53:18', NULL, 1);
INSERT INTO `sb_route_station` VALUES (51, 40, 5, '6:34', NULL, NULL, NULL, NULL, '2019-04-25 22:53:31', NULL, '2019-04-25 22:53:31', NULL, 1);
INSERT INTO `sb_route_station` VALUES (52, 41, 5, '6:35', NULL, NULL, NULL, NULL, '2019-04-25 22:54:20', NULL, '2019-04-25 22:54:20', NULL, 1);
INSERT INTO `sb_route_station` VALUES (53, 42, 5, '6:36', NULL, NULL, NULL, NULL, '2019-04-25 22:54:34', NULL, '2019-04-25 22:54:34', NULL, 1);
INSERT INTO `sb_route_station` VALUES (54, 43, 5, '6:45', NULL, NULL, NULL, NULL, '2019-04-25 22:54:53', NULL, '2019-04-25 22:54:53', NULL, 1);
INSERT INTO `sb_route_station` VALUES (55, 44, 5, '6:50', NULL, NULL, NULL, NULL, '2019-04-25 22:55:04', NULL, '2019-04-25 22:55:04', NULL, 1);
INSERT INTO `sb_route_station` VALUES (56, 45, 5, '6:55', NULL, NULL, NULL, NULL, '2019-04-25 22:55:13', NULL, '2019-04-25 22:55:23', NULL, 1);
INSERT INTO `sb_route_station` VALUES (57, 46, 6, '6:30', NULL, NULL, NULL, NULL, '2019-04-25 23:07:00', NULL, '2019-04-25 23:07:00', NULL, 1);
INSERT INTO `sb_route_station` VALUES (58, 47, 6, '6:35', NULL, NULL, NULL, NULL, '2019-04-25 23:07:16', NULL, '2019-04-25 23:07:16', NULL, 1);
INSERT INTO `sb_route_station` VALUES (59, 48, 6, '6:36', NULL, NULL, NULL, NULL, '2019-04-25 23:08:48', NULL, '2019-04-25 23:08:48', NULL, 1);
INSERT INTO `sb_route_station` VALUES (60, 49, 6, '6:40', NULL, NULL, NULL, NULL, '2019-04-25 23:09:02', NULL, '2019-04-25 23:09:02', NULL, 1);
INSERT INTO `sb_route_station` VALUES (61, 28, 6, '6:47', NULL, NULL, NULL, NULL, '2019-04-25 23:09:13', NULL, '2019-04-25 23:09:13', NULL, 1);
INSERT INTO `sb_route_station` VALUES (62, 50, 17, '6:15', NULL, NULL, NULL, NULL, '2019-04-25 23:14:58', NULL, '2019-04-25 23:14:58', NULL, 1);
INSERT INTO `sb_route_station` VALUES (63, 51, 17, '6:35', NULL, NULL, NULL, NULL, '2019-04-25 23:15:09', NULL, '2019-04-25 23:15:09', NULL, 1);
INSERT INTO `sb_route_station` VALUES (64, 52, 17, '6:36', NULL, NULL, NULL, NULL, '2019-04-25 23:15:33', NULL, '2019-04-25 23:15:33', NULL, 1);
INSERT INTO `sb_route_station` VALUES (65, 53, 17, '6:40', NULL, NULL, NULL, NULL, '2019-04-25 23:15:48', NULL, '2019-04-25 23:15:48', NULL, 1);
INSERT INTO `sb_route_station` VALUES (66, 54, 17, '6:45', NULL, NULL, NULL, NULL, '2019-04-25 23:16:07', NULL, '2019-04-25 23:16:07', NULL, 1);
INSERT INTO `sb_route_station` VALUES (67, 55, 18, '6:20', NULL, NULL, NULL, NULL, '2019-04-25 23:16:23', NULL, '2019-04-25 23:16:23', NULL, 1);
INSERT INTO `sb_route_station` VALUES (68, 56, 18, '6:25', NULL, NULL, NULL, NULL, '2019-04-25 23:16:43', NULL, '2019-04-25 23:16:43', NULL, 1);
INSERT INTO `sb_route_station` VALUES (69, 57, 18, '6:29', NULL, NULL, NULL, NULL, '2019-04-25 23:16:58', NULL, '2019-04-25 23:16:58', NULL, 1);
INSERT INTO `sb_route_station` VALUES (70, 58, 18, '6:32', NULL, NULL, NULL, NULL, '2019-04-25 23:17:34', NULL, '2019-04-25 23:17:34', NULL, 1);
INSERT INTO `sb_route_station` VALUES (71, 59, 18, '6:36', NULL, NULL, NULL, NULL, '2019-04-25 23:17:44', NULL, '2019-04-25 23:17:44', NULL, 1);
INSERT INTO `sb_route_station` VALUES (72, 60, 18, '6:41', NULL, NULL, NULL, NULL, '2019-04-25 23:18:08', NULL, '2019-04-25 23:18:08', NULL, 1);
INSERT INTO `sb_route_station` VALUES (73, 61, 18, '6:43', NULL, NULL, NULL, NULL, '2019-04-25 23:18:17', NULL, '2019-04-25 23:18:17', NULL, 1);
INSERT INTO `sb_route_station` VALUES (74, 62, 18, '6:47', NULL, NULL, NULL, NULL, '2019-04-25 23:18:30', NULL, '2019-04-25 23:18:30', NULL, 1);
INSERT INTO `sb_route_station` VALUES (75, 54, 18, '6:48', NULL, NULL, NULL, NULL, '2019-04-25 23:18:50', NULL, '2019-04-25 23:18:50', NULL, 1);
INSERT INTO `sb_route_station` VALUES (76, 23, 20, '9:15', NULL, NULL, NULL, NULL, '2019-04-25 23:19:46', NULL, '2019-04-25 23:19:46', NULL, 1);
INSERT INTO `sb_route_station` VALUES (77, 25, 20, '9:35', NULL, NULL, NULL, NULL, '2019-04-25 23:20:40', NULL, '2019-04-25 23:20:40', NULL, 1);
INSERT INTO `sb_route_station` VALUES (78, 48, 20, '9:40', NULL, NULL, NULL, NULL, '2019-04-25 23:21:09', NULL, '2019-04-25 23:30:23', NULL, 1);
INSERT INTO `sb_route_station` VALUES (79, 27, 20, '9:45', NULL, NULL, NULL, NULL, '2019-04-25 23:21:32', NULL, '2019-04-25 23:21:32', NULL, 1);
INSERT INTO `sb_route_station` VALUES (80, 4, 20, '10:15', NULL, NULL, NULL, NULL, '2019-04-25 23:21:52', NULL, '2019-04-25 23:21:52', NULL, 1);
INSERT INTO `sb_route_station` VALUES (81, 23, 22, '15:20', NULL, NULL, NULL, NULL, '2019-04-25 23:22:15', NULL, '2019-04-25 23:22:15', NULL, 1);
INSERT INTO `sb_route_station` VALUES (82, 25, 22, '15:40', NULL, NULL, NULL, NULL, '2019-04-25 23:22:31', NULL, '2019-04-25 23:22:31', NULL, 1);
INSERT INTO `sb_route_station` VALUES (83, 48, 22, '15:45', NULL, NULL, NULL, NULL, '2019-04-25 23:22:49', NULL, '2019-04-25 23:30:37', NULL, 1);
INSERT INTO `sb_route_station` VALUES (84, 27, 22, '15:50', NULL, NULL, NULL, NULL, '2019-04-25 23:31:18', NULL, '2019-04-25 23:31:18', NULL, 1);
INSERT INTO `sb_route_station` VALUES (85, 4, 22, '7:05', NULL, NULL, NULL, NULL, '2019-04-25 23:33:51', NULL, '2019-04-25 23:33:51', NULL, 1);
INSERT INTO `sb_route_station` VALUES (86, 63, 11, '16:00', NULL, NULL, NULL, NULL, '2019-04-26 00:18:36', NULL, '2019-04-26 00:18:36', NULL, 1);
INSERT INTO `sb_route_station` VALUES (87, 10, 11, '16:01', NULL, NULL, NULL, NULL, '2019-04-26 00:19:10', NULL, '2019-04-26 00:19:10', NULL, 1);
INSERT INTO `sb_route_station` VALUES (88, 9, 11, '16:02', NULL, NULL, NULL, NULL, '2019-04-26 00:19:20', NULL, '2019-04-26 00:19:20', NULL, 1);
INSERT INTO `sb_route_station` VALUES (89, 8, 11, '16:02', NULL, NULL, NULL, NULL, '2019-04-26 00:19:31', NULL, '2019-04-26 00:19:31', NULL, 1);
INSERT INTO `sb_route_station` VALUES (90, 7, 11, '16:03', NULL, NULL, NULL, NULL, '2019-04-26 00:19:52', NULL, '2019-04-26 00:19:52', NULL, 1);
INSERT INTO `sb_route_station` VALUES (91, 64, 11, '16:04', NULL, NULL, NULL, NULL, '2019-04-26 00:21:33', NULL, '2019-04-26 00:21:33', NULL, 1);
INSERT INTO `sb_route_station` VALUES (92, 5, 11, '16:05', NULL, NULL, NULL, NULL, '2019-04-26 00:21:46', NULL, '2019-04-26 00:21:46', NULL, 1);
INSERT INTO `sb_route_station` VALUES (93, 4, 11, '16:06', NULL, NULL, NULL, NULL, '2019-04-26 00:21:59', NULL, '2019-04-26 00:21:59', NULL, 1);
INSERT INTO `sb_route_station` VALUES (94, 3, 11, '16:07', NULL, NULL, NULL, NULL, '2019-04-26 00:22:09', NULL, '2019-04-26 00:22:09', NULL, 1);
INSERT INTO `sb_route_station` VALUES (95, 2, 11, '16:08', NULL, NULL, NULL, NULL, '2019-04-26 00:22:21', NULL, '2019-04-26 00:22:21', NULL, 1);
INSERT INTO `sb_route_station` VALUES (96, 63, 12, '16:40', NULL, NULL, NULL, NULL, '2019-04-26 00:22:55', NULL, '2019-04-26 00:22:55', NULL, 1);
INSERT INTO `sb_route_station` VALUES (97, 4, 12, '16:41', NULL, NULL, NULL, NULL, '2019-04-26 00:23:17', NULL, '2019-04-26 00:23:17', NULL, 1);
INSERT INTO `sb_route_station` VALUES (98, 27, 12, '16:42', NULL, NULL, NULL, NULL, '2019-04-26 00:23:29', NULL, '2019-04-26 00:23:29', NULL, 1);
INSERT INTO `sb_route_station` VALUES (99, 48, 12, '16:43', NULL, NULL, NULL, NULL, '2019-04-26 00:23:43', NULL, '2019-04-26 00:23:43', NULL, 1);
INSERT INTO `sb_route_station` VALUES (100, 25, 12, '16:44', NULL, NULL, NULL, NULL, '2019-04-26 00:24:27', NULL, '2019-04-26 00:24:27', NULL, 1);
INSERT INTO `sb_route_station` VALUES (101, 23, 12, '16:45', NULL, NULL, NULL, NULL, '2019-04-26 00:24:37', NULL, '2019-04-26 00:24:37', NULL, 1);
INSERT INTO `sb_route_station` VALUES (102, 63, 13, '16:00', NULL, NULL, NULL, NULL, '2019-04-26 00:25:07', NULL, '2019-04-26 00:25:07', NULL, 1);
INSERT INTO `sb_route_station` VALUES (103, 33, 13, '16:01', NULL, NULL, NULL, NULL, '2019-04-26 00:25:18', NULL, '2019-04-26 00:25:18', NULL, 1);
INSERT INTO `sb_route_station` VALUES (104, 32, 13, '16:02', NULL, NULL, NULL, NULL, '2019-04-26 00:25:28', NULL, '2019-04-26 00:25:28', NULL, 1);
INSERT INTO `sb_route_station` VALUES (105, 31, 13, '16:03', NULL, NULL, NULL, NULL, '2019-04-26 00:25:37', NULL, '2019-04-26 00:25:37', NULL, 1);
INSERT INTO `sb_route_station` VALUES (106, 30, 13, '16:04', NULL, NULL, NULL, NULL, '2019-04-26 00:25:45', NULL, '2019-04-26 00:25:45', NULL, 1);
INSERT INTO `sb_route_station` VALUES (107, 63, 14, '16:00', NULL, NULL, NULL, NULL, '2019-04-26 00:26:06', NULL, '2019-04-26 00:26:06', NULL, 1);
INSERT INTO `sb_route_station` VALUES (108, 38, 14, '16:01', NULL, NULL, NULL, NULL, '2019-04-26 00:26:32', NULL, '2019-04-26 00:26:32', NULL, 1);
INSERT INTO `sb_route_station` VALUES (109, 65, 14, '16:02', NULL, NULL, NULL, NULL, '2019-04-26 00:27:43', NULL, '2019-04-26 00:27:43', NULL, 1);
INSERT INTO `sb_route_station` VALUES (110, 36, 14, '16:03', NULL, NULL, NULL, NULL, '2019-04-26 00:27:55', NULL, '2019-04-26 00:27:55', NULL, 1);
INSERT INTO `sb_route_station` VALUES (111, 35, 14, '16:04', NULL, NULL, NULL, NULL, '2019-04-26 00:28:03', NULL, '2019-04-26 00:28:03', NULL, 1);
INSERT INTO `sb_route_station` VALUES (112, 34, 14, '16:05', NULL, NULL, NULL, NULL, '2019-04-26 00:28:11', NULL, '2019-04-26 00:28:11', NULL, 1);
INSERT INTO `sb_route_station` VALUES (113, 63, 15, '16:00', NULL, NULL, NULL, NULL, '2019-04-26 00:28:53', NULL, '2019-04-26 00:28:53', NULL, 1);
INSERT INTO `sb_route_station` VALUES (114, 45, 15, '16:01', NULL, NULL, NULL, NULL, '2019-04-26 00:29:28', NULL, '2019-04-26 00:29:28', NULL, 1);
INSERT INTO `sb_route_station` VALUES (115, 44, 15, '16:02', NULL, NULL, NULL, NULL, '2019-04-26 00:29:35', NULL, '2019-04-26 00:29:35', NULL, 1);
INSERT INTO `sb_route_station` VALUES (116, 43, 15, '16:03', NULL, NULL, NULL, NULL, '2019-04-26 00:29:46', NULL, '2019-04-26 00:29:46', NULL, 1);
INSERT INTO `sb_route_station` VALUES (117, 66, 15, '16:04', NULL, NULL, NULL, NULL, '2019-04-26 00:31:16', NULL, '2019-04-26 00:31:16', NULL, 1);
INSERT INTO `sb_route_station` VALUES (118, 67, 15, '16:05', NULL, NULL, NULL, NULL, '2019-04-26 00:32:28', NULL, '2019-04-26 00:32:28', NULL, 1);
INSERT INTO `sb_route_station` VALUES (119, 39, 15, '16:06', NULL, NULL, NULL, NULL, '2019-04-26 00:32:38', NULL, '2019-04-26 00:32:38', NULL, 1);
INSERT INTO `sb_route_station` VALUES (120, 63, 16, '16:00', NULL, NULL, NULL, NULL, '2019-04-26 00:33:35', NULL, '2019-04-26 00:33:35', NULL, 1);
INSERT INTO `sb_route_station` VALUES (121, 68, 16, '16:01', NULL, NULL, NULL, NULL, '2019-04-26 00:33:43', NULL, '2019-04-26 00:35:24', NULL, 1);
INSERT INTO `sb_route_station` VALUES (122, 48, 16, '16:02', NULL, NULL, NULL, NULL, '2019-04-26 00:35:58', NULL, '2019-04-26 00:35:58', NULL, 1);
INSERT INTO `sb_route_station` VALUES (123, 47, 16, '16:03', NULL, NULL, NULL, NULL, '2019-04-26 00:36:06', NULL, '2019-04-26 00:36:06', NULL, 1);
INSERT INTO `sb_route_station` VALUES (124, 46, 16, '16:04', NULL, NULL, NULL, NULL, '2019-04-26 00:36:14', NULL, '2019-04-26 00:36:14', NULL, 1);
INSERT INTO `sb_route_station` VALUES (125, 63, 19, '16:00', NULL, NULL, NULL, NULL, '2019-04-26 00:37:28', NULL, '2019-04-26 00:37:28', NULL, 1);
INSERT INTO `sb_route_station` VALUES (126, 54, 19, '16:01', NULL, NULL, NULL, NULL, '2019-04-26 00:37:37', NULL, '2019-04-26 00:37:37', NULL, 1);
INSERT INTO `sb_route_station` VALUES (127, 62, 19, '16:02', NULL, NULL, NULL, NULL, '2019-04-26 00:38:01', NULL, '2019-04-26 00:38:01', NULL, 1);
INSERT INTO `sb_route_station` VALUES (128, 68, 19, '16:03', NULL, NULL, NULL, NULL, '2019-04-26 00:38:31', NULL, '2019-04-26 00:38:31', NULL, 1);
INSERT INTO `sb_route_station` VALUES (129, 60, 19, '16:04', NULL, NULL, NULL, NULL, '2019-04-26 00:38:43', NULL, '2019-04-26 00:38:43', NULL, 1);
INSERT INTO `sb_route_station` VALUES (130, 59, 19, '16:05', NULL, NULL, NULL, NULL, '2019-04-26 00:38:55', NULL, '2019-04-26 00:38:55', NULL, 1);
INSERT INTO `sb_route_station` VALUES (131, 58, 19, '16:06', NULL, NULL, NULL, NULL, '2019-04-26 00:39:05', NULL, '2019-04-26 00:39:05', NULL, 1);
INSERT INTO `sb_route_station` VALUES (132, 57, 19, '16:07', NULL, NULL, NULL, NULL, '2019-04-26 00:39:18', NULL, '2019-04-26 00:39:18', NULL, 1);
INSERT INTO `sb_route_station` VALUES (133, 56, 19, '16:08', NULL, NULL, NULL, NULL, '2019-04-26 00:39:26', NULL, '2019-04-26 00:39:26', NULL, 1);
INSERT INTO `sb_route_station` VALUES (134, 55, 19, '16:09', NULL, NULL, NULL, NULL, '2019-04-26 00:39:35', NULL, '2019-04-26 00:39:35', NULL, 1);
INSERT INTO `sb_route_station` VALUES (135, 63, 21, '12:30', NULL, NULL, NULL, NULL, '2019-04-26 00:39:56', NULL, '2019-04-26 00:39:56', NULL, 1);
INSERT INTO `sb_route_station` VALUES (136, 4, 21, '12:31', NULL, NULL, NULL, NULL, '2019-04-26 00:40:15', NULL, '2019-04-26 00:40:15', NULL, 1);
INSERT INTO `sb_route_station` VALUES (137, 27, 21, '12:32', NULL, NULL, NULL, NULL, '2019-04-26 00:40:29', NULL, '2019-04-26 00:40:29', NULL, 1);
INSERT INTO `sb_route_station` VALUES (138, 48, 21, '12:33', NULL, NULL, NULL, NULL, '2019-04-26 00:40:47', NULL, '2019-04-26 00:40:47', NULL, 1);
INSERT INTO `sb_route_station` VALUES (139, 25, 21, '12:34', NULL, NULL, NULL, NULL, '2019-04-26 00:41:02', NULL, '2019-04-26 00:41:02', NULL, 1);
INSERT INTO `sb_route_station` VALUES (140, 23, 21, '12:35', NULL, NULL, NULL, NULL, '2019-04-26 00:41:24', NULL, '2019-04-26 00:41:24', NULL, 1);
INSERT INTO `sb_route_station` VALUES (141, 63, 23, '21:15', NULL, NULL, NULL, NULL, '2019-04-26 00:41:42', NULL, '2019-04-26 00:41:42', NULL, 1);
INSERT INTO `sb_route_station` VALUES (142, 4, 23, '21:16', NULL, NULL, NULL, NULL, '2019-04-26 00:41:57', NULL, '2019-04-26 00:41:57', NULL, 1);
INSERT INTO `sb_route_station` VALUES (143, 27, 23, '21:17', NULL, NULL, NULL, NULL, '2019-04-26 00:42:06', NULL, '2019-04-26 00:42:25', NULL, 1);
INSERT INTO `sb_route_station` VALUES (144, 48, 23, '21:18', NULL, NULL, NULL, NULL, '2019-04-26 00:42:22', NULL, '2019-04-26 00:42:22', NULL, 1);
INSERT INTO `sb_route_station` VALUES (145, 25, 23, '21:19', NULL, NULL, NULL, NULL, '2019-04-26 00:42:45', NULL, '2019-04-26 00:42:45', NULL, 1);
INSERT INTO `sb_route_station` VALUES (146, 23, 23, '21:20', NULL, NULL, NULL, NULL, '2019-04-26 00:42:56', NULL, '2019-04-26 00:42:56', NULL, 1);
INSERT INTO `sb_route_station` VALUES (147, 62, 25, '16:00', NULL, NULL, NULL, NULL, '2019-04-26 00:43:14', NULL, '2019-04-26 00:43:14', NULL, 1);
INSERT INTO `sb_route_station` VALUES (148, 4, 25, '16:01', NULL, NULL, NULL, NULL, '2019-04-26 00:43:31', NULL, '2019-04-26 00:43:31', NULL, 1);
INSERT INTO `sb_route_station` VALUES (149, 27, 25, '16:02', NULL, NULL, NULL, NULL, '2019-04-26 00:43:41', NULL, '2019-04-26 00:43:41', NULL, 1);
INSERT INTO `sb_route_station` VALUES (150, 48, 25, '16:03', NULL, NULL, NULL, NULL, '2019-04-26 00:43:56', NULL, '2019-04-26 00:43:56', NULL, 1);
INSERT INTO `sb_route_station` VALUES (151, 25, 25, '16:04', NULL, NULL, NULL, NULL, '2019-04-26 00:44:11', NULL, '2019-04-26 00:44:11', NULL, 1);
INSERT INTO `sb_route_station` VALUES (152, 24, 25, '16:05', NULL, NULL, NULL, NULL, '2019-04-26 00:44:23', NULL, '2019-04-26 00:44:23', NULL, 1);
INSERT INTO `sb_route_station` VALUES (153, 23, 25, '16:06', NULL, NULL, NULL, NULL, '2019-04-26 00:44:32', NULL, '2019-04-26 00:44:32', NULL, 1);
INSERT INTO `sb_route_station` VALUES (154, 63, 1, '8:00', NULL, NULL, NULL, NULL, '2019-04-26 00:45:07', NULL, '2019-04-26 00:45:07', NULL, 1);
INSERT INTO `sb_route_station` VALUES (155, 63, 2, '8:00', NULL, NULL, NULL, NULL, '2019-04-26 00:45:21', NULL, '2019-04-26 00:45:21', NULL, 1);
INSERT INTO `sb_route_station` VALUES (156, 63, 3, '8:00', NULL, NULL, NULL, NULL, '2019-04-26 00:45:28', NULL, '2019-04-26 00:45:28', NULL, 1);
INSERT INTO `sb_route_station` VALUES (157, 63, 4, '8:00', NULL, NULL, NULL, NULL, '2019-04-26 00:45:44', NULL, '2019-04-26 00:45:44', NULL, 1);
INSERT INTO `sb_route_station` VALUES (158, 63, 5, '8:00', NULL, NULL, NULL, NULL, '2019-04-26 00:45:51', NULL, '2019-04-26 00:45:51', NULL, 1);
INSERT INTO `sb_route_station` VALUES (159, 63, 6, '8:00', NULL, NULL, NULL, NULL, '2019-04-26 00:45:59', NULL, '2019-04-26 00:45:59', NULL, 1);
INSERT INTO `sb_route_station` VALUES (160, 63, 9, '21:00', NULL, NULL, NULL, NULL, '2019-04-26 00:46:32', NULL, '2019-04-26 00:46:32', NULL, 1);
INSERT INTO `sb_route_station` VALUES (161, 63, 10, '21:00', NULL, NULL, NULL, NULL, '2019-04-26 00:46:44', NULL, '2019-04-26 00:46:44', NULL, 1);
INSERT INTO `sb_route_station` VALUES (162, 63, 17, '8:00', NULL, NULL, NULL, NULL, '2019-04-26 00:47:18', NULL, '2019-04-26 00:47:18', NULL, 1);
INSERT INTO `sb_route_station` VALUES (163, 63, 18, '8:00', NULL, NULL, NULL, NULL, '2019-04-26 00:47:28', NULL, '2019-04-26 00:47:28', NULL, 1);
INSERT INTO `sb_route_station` VALUES (164, 63, 20, '10:30', NULL, NULL, NULL, NULL, '2019-04-26 00:47:52', NULL, '2019-04-26 00:47:52', NULL, 1);
INSERT INTO `sb_route_station` VALUES (165, 63, 22, '17:00', NULL, NULL, NULL, NULL, '2019-04-26 00:48:11', NULL, '2019-04-26 00:48:11', NULL, 1);
INSERT INTO `sb_route_station` VALUES (166, 63, 24, '8:00', NULL, NULL, NULL, NULL, '2019-04-26 00:48:37', NULL, '2019-04-26 00:48:37', NULL, 1);

-- ----------------------------
-- Table structure for sb_station
-- ----------------------------
DROP TABLE IF EXISTS `sb_station`;
CREATE TABLE `sb_station`  (
  `ID` int(11) NOT NULL AUTO_INCREMENT COMMENT '设定自增_',
  `SBS_STATION` varchar(100) CHARACTER SET utf8 COLLATE utf8_general_ci NULL DEFAULT NULL,
  `SBS_LONGITUDE` double NULL DEFAULT NULL,
  `SBS_LATITUDE` double NULL DEFAULT NULL,
  `SBS_DESC` varchar(1024) CHARACTER SET utf8 COLLATE utf8_general_ci NULL DEFAULT NULL,
  `REMARK` text CHARACTER SET utf8 COLLATE utf8_general_ci NULL,
  `REMARK1` text CHARACTER SET utf8 COLLATE utf8_general_ci NULL,
  `REMARK2` text CHARACTER SET utf8 COLLATE utf8_general_ci NULL,
  `REMARK3` text CHARACTER SET utf8 COLLATE utf8_general_ci NULL,
  `CREATED_DATE` timestamp(0) NOT NULL DEFAULT CURRENT_TIMESTAMP(0),
  `CREATED_BY` varchar(100) CHARACTER SET utf8 COLLATE utf8_general_ci NULL DEFAULT NULL,
  `UPDATED_DATE` timestamp(0) NOT NULL DEFAULT CURRENT_TIMESTAMP(0) ON UPDATE CURRENT_TIMESTAMP(0),
  `UPDATED_BY` varchar(100) CHARACTER SET utf8 COLLATE utf8_general_ci NULL DEFAULT NULL,
  `Valid` tinyint(1) NULL DEFAULT 1,
  PRIMARY KEY (`ID`) USING BTREE
) ENGINE = InnoDB AUTO_INCREMENT = 70 CHARACTER SET = utf8 COLLATE = utf8_general_ci ROW_FORMAT = Compact;

-- ----------------------------
-- Records of sb_station
-- ----------------------------
INSERT INTO `sb_station` VALUES (1, '文一校区', 104.038748, 30.641821, NULL, NULL, NULL, NULL, NULL, '2019-04-17 10:14:33', NULL, '2019-04-17 10:14:33', NULL, 1);
INSERT INTO `sb_station` VALUES (2, '德信早城北门', 120.3300407001, 30.3147225452, NULL, NULL, NULL, NULL, NULL, '2019-04-17 10:15:22', NULL, '2019-04-25 22:00:42', NULL, 1);
INSERT INTO `sb_station` VALUES (3, '老物美', 120.3480990704, 30.3065576044, NULL, NULL, NULL, NULL, NULL, '2019-04-17 10:15:50', NULL, '2019-04-25 22:01:04', NULL, 1);
INSERT INTO `sb_station` VALUES (4, '下沙理工南门', 120.3519837707, 30.3107518374, NULL, NULL, NULL, NULL, NULL, '2019-04-17 10:16:09', NULL, '2019-04-25 22:01:23', NULL, 1);
INSERT INTO `sb_station` VALUES (5, '清雅苑', 120.3643763135, 30.3156708317, NULL, NULL, NULL, NULL, NULL, '2019-04-17 10:16:40', NULL, '2019-04-25 22:02:01', NULL, 1);
INSERT INTO `sb_station` VALUES (6, '大学城北', 120.3892887261, 30.3249079026, NULL, NULL, NULL, NULL, NULL, '2019-04-17 10:17:03', NULL, '2019-04-25 22:02:18', NULL, 1);
INSERT INTO `sb_station` VALUES (7, '金沙学府', 120.3834618281, 30.3043037779, NULL, NULL, NULL, NULL, NULL, '2019-04-17 10:17:32', NULL, '2019-04-25 22:02:39', NULL, 1);
INSERT INTO `sb_station` VALUES (8, '下沙江滨地铁站', 120.3818690255, 30.2876729425, NULL, NULL, NULL, NULL, NULL, '2019-04-17 10:17:49', NULL, '2019-04-25 22:02:52', NULL, 1);
INSERT INTO `sb_station` VALUES (9, '保利东湾', 120.3730461685, 30.272354552, NULL, NULL, NULL, NULL, NULL, '2019-04-17 10:18:08', NULL, '2019-04-25 22:03:11', NULL, 1);
INSERT INTO `sb_station` VALUES (10, '金隅观澜时代', 120.3685791578, 30.2672444095, NULL, NULL, NULL, NULL, NULL, '2019-04-17 10:18:29', NULL, '2019-04-25 22:03:21', NULL, 1);
INSERT INTO `sb_station` VALUES (11, '下沙理工北门', 120.3550107707, 30.3156018374, NULL, NULL, NULL, NULL, NULL, '2019-04-17 10:22:58', NULL, '2019-04-25 22:03:38', NULL, 1);
INSERT INTO `sb_station` VALUES (12, '寝室花坛', 120.8216178417, 30.1848700232, NULL, NULL, NULL, NULL, NULL, '2019-04-21 21:31:51', NULL, '2019-04-21 21:31:51', NULL, 1);
INSERT INTO `sb_station` VALUES (13, '学校北门', 120.8216768503, 30.1856212214, NULL, NULL, NULL, NULL, NULL, '2019-04-21 21:32:53', NULL, '2019-04-21 21:32:53', NULL, 1);
INSERT INTO `sb_station` VALUES (14, '校内超市', 120.820684433, 30.1856444065, NULL, NULL, NULL, NULL, NULL, '2019-04-21 21:33:29', NULL, '2019-04-21 21:33:29', NULL, 1);
INSERT INTO `sb_station` VALUES (15, 'C6机房', 120.8168756962, 30.1856815025, NULL, NULL, NULL, NULL, NULL, '2019-04-21 21:34:50', NULL, '2019-04-21 21:34:50', NULL, 1);
INSERT INTO `sb_station` VALUES (16, '图书馆', 120.8182436228, 30.1837710377, NULL, NULL, NULL, NULL, NULL, '2019-04-21 21:35:25', NULL, '2019-04-21 21:36:41', NULL, 1);
INSERT INTO `sb_station` VALUES (17, 'B4东门', 120.8174335957, 30.1833536982, NULL, NULL, NULL, NULL, NULL, '2019-04-21 21:37:02', NULL, '2019-04-21 21:37:02', NULL, 1);
INSERT INTO `sb_station` VALUES (18, '南正门', 120.8183723688, 30.181790978, NULL, NULL, NULL, NULL, NULL, '2019-04-21 21:37:50', NULL, '2019-04-21 21:37:50', NULL, 1);
INSERT INTO `sb_station` VALUES (19, '668站牌', 120.8190643787, 30.1811417695, NULL, NULL, NULL, NULL, NULL, '2019-04-21 21:38:35', NULL, '2019-04-21 21:38:35', NULL, 1);
INSERT INTO `sb_station` VALUES (20, '东南门', 120.821467638, 30.1816704111, NULL, NULL, NULL, NULL, NULL, '2019-04-21 21:39:03', NULL, '2019-04-21 21:39:03', NULL, 1);
INSERT INTO `sb_station` VALUES (21, '训练馆西门', 120.8215159178, 30.1824494566, NULL, NULL, NULL, NULL, NULL, '2019-04-21 21:40:44', NULL, '2019-04-21 21:40:44', NULL, 1);
INSERT INTO `sb_station` VALUES (22, '老余杭', 119.9454810624, 30.2660801553, NULL, NULL, NULL, NULL, NULL, '2019-04-25 10:58:47', NULL, '2019-04-25 22:04:26', NULL, 1);
INSERT INTO `sb_station` VALUES (23, '淘宝城', 120.0234999829, 30.280243726, NULL, NULL, NULL, NULL, NULL, '2019-04-25 11:00:39', NULL, '2019-04-25 22:04:41', NULL, 1);
INSERT INTO `sb_station` VALUES (24, '枫树湾河桥', 120.0640360698, 30.2867385076, NULL, NULL, NULL, NULL, NULL, '2019-04-25 13:50:03', NULL, '2019-04-25 22:04:54', NULL, 1);
INSERT INTO `sb_station` VALUES (25, '政新花园公交站', 120.0980847456, 30.2902219788, NULL, NULL, NULL, NULL, NULL, '2019-04-25 13:51:29', NULL, '2019-04-25 22:05:56', NULL, 1);
INSERT INTO `sb_station` VALUES (27, '白荡海公交站（文一校区）', 120.1383776828, 30.2884732586, NULL, NULL, NULL, NULL, NULL, '2019-04-25 13:54:26', NULL, '2019-04-25 22:06:24', NULL, 1);
INSERT INTO `sb_station` VALUES (28, '工大北门', 120.1629253511, 30.2957541961, NULL, NULL, NULL, NULL, NULL, '2019-04-25 13:55:21', NULL, '2019-04-25 22:06:35', NULL, 1);
INSERT INTO `sb_station` VALUES (29, '打铁关地铁A出口（焦家村公交站）', 120.1785361253, 30.286750824, NULL, NULL, NULL, NULL, NULL, '2019-04-25 13:56:54', NULL, '2019-04-25 22:06:53', NULL, 1);
INSERT INTO `sb_station` VALUES (30, '余杭车站', 119.9480080624, 30.2594021553, NULL, NULL, NULL, NULL, NULL, '2019-04-25 15:15:30', NULL, '2019-04-25 22:07:03', NULL, 1);
INSERT INTO `sb_station` VALUES (31, '东西大道凤新路口', 119.9680444093, 30.2583524508, NULL, NULL, NULL, NULL, NULL, '2019-04-25 15:16:15', NULL, '2019-04-25 22:07:18', NULL, 1);
INSERT INTO `sb_station` VALUES (32, '淘宝城正门', 120.1642331694, 30.2563711252, NULL, NULL, NULL, NULL, NULL, '2019-04-25 15:17:23', NULL, '2019-04-25 22:07:33', NULL, 1);
INSERT INTO `sb_station` VALUES (33, '龙头坝', 120.0621140698, 30.2886715076, NULL, NULL, NULL, NULL, NULL, '2019-04-25 15:17:50', NULL, '2019-04-25 22:07:44', NULL, 1);
INSERT INTO `sb_station` VALUES (34, '闲湖城', 119.9929239344, 30.228946262, NULL, NULL, NULL, NULL, NULL, '2019-04-25 15:29:08', NULL, '2019-04-25 22:07:57', NULL, 1);
INSERT INTO `sb_station` VALUES (35, '留下高速口', 120.0460298198, 30.241444991, NULL, NULL, NULL, NULL, NULL, '2019-04-25 15:29:47', NULL, '2019-04-25 22:08:10', NULL, 1);
INSERT INTO `sb_station` VALUES (36, '枫桦路文景路路口（转塘）', 120.1088171613, 30.1628354622, NULL, NULL, NULL, NULL, NULL, '2019-04-25 15:30:15', NULL, '2019-04-25 22:08:33', NULL, 1);
INSERT INTO `sb_station` VALUES (37, '滨文路浦沿路口', 120.1474851147, 30.1719174923, NULL, NULL, NULL, NULL, NULL, '2019-04-25 15:30:41', NULL, '2019-04-25 22:08:48', NULL, 1);
INSERT INTO `sb_station` VALUES (38, '江陵路地铁站', 120.216540826, 30.2093663159, NULL, NULL, NULL, NULL, NULL, '2019-04-25 15:31:31', NULL, '2019-04-25 22:09:03', NULL, 1);
INSERT INTO `sb_station` VALUES (39, '工会干校', 120.1684, 30.25401, NULL, NULL, NULL, NULL, NULL, '2019-04-25 22:52:28', NULL, '2019-04-25 22:52:28', NULL, 1);
INSERT INTO `sb_station` VALUES (40, '朝晖三区', 120.163376, 30.285158, NULL, NULL, NULL, NULL, NULL, '2019-04-25 22:52:33', NULL, '2019-04-25 22:52:33', NULL, 1);
INSERT INTO `sb_station` VALUES (41, '西湖文化广场地铁站B口', 120.165467, 30.280049, NULL, NULL, NULL, NULL, NULL, '2019-04-25 22:52:39', NULL, '2019-04-25 22:52:39', NULL, 1);
INSERT INTO `sb_station` VALUES (42, '世贸君亭大酒店门口', 120.129166, 30.273293, NULL, NULL, NULL, NULL, NULL, '2019-04-25 22:52:44', NULL, '2019-04-25 22:52:44', NULL, 1);
INSERT INTO `sb_station` VALUES (43, '闸弄口新村', 120.19496, 30.27719, NULL, NULL, NULL, NULL, NULL, '2019-04-25 22:52:49', NULL, '2019-04-25 22:52:49', NULL, 1);
INSERT INTO `sb_station` VALUES (44, '采荷小区', 120.1994, 30.2551, NULL, NULL, NULL, NULL, NULL, '2019-04-25 22:52:53', NULL, '2019-04-25 22:52:53', NULL, 1);
INSERT INTO `sb_station` VALUES (45, '清江路钱江路口', 120.203471, 30.237797, NULL, NULL, NULL, NULL, NULL, '2019-04-25 22:52:58', NULL, '2019-04-25 22:52:58', NULL, 1);
INSERT INTO `sb_station` VALUES (46, '雅仕苑', 120.1057643253, 30.285508487, NULL, NULL, NULL, NULL, NULL, '2019-04-25 23:04:02', NULL, '2019-04-25 23:04:02', NULL, 1);
INSERT INTO `sb_station` VALUES (47, '翠苑四区', 120.1200288668, 30.286193931, NULL, NULL, NULL, NULL, NULL, '2019-04-25 23:04:17', NULL, '2019-04-25 23:04:17', NULL, 1);
INSERT INTO `sb_station` VALUES (48, '翠苑一区', 120.1277748668, 30.285374931, NULL, NULL, NULL, NULL, NULL, '2019-04-25 23:04:30', NULL, '2019-04-25 23:04:30', NULL, 1);
INSERT INTO `sb_station` VALUES (49, '白荡海公交站', 120.1383776828, 30.2884732586, NULL, NULL, NULL, NULL, NULL, '2019-04-25 23:04:41', NULL, '2019-04-25 23:04:41', NULL, 1);
INSERT INTO `sb_station` VALUES (50, '白鹭郡南公交站', 120.023098226, 30.3599063157, NULL, NULL, NULL, NULL, NULL, '2019-04-25 23:09:29', NULL, '2019-04-25 23:09:29', NULL, 1);
INSERT INTO `sb_station` VALUES (51, '池华街公交站', 120.073865499, 30.3315595435, NULL, NULL, NULL, NULL, NULL, '2019-04-25 23:09:37', NULL, '2019-04-25 23:09:37', NULL, 1);
INSERT INTO `sb_station` VALUES (52, '铭雅苑', 120.083699688, 30.3381144854, NULL, NULL, NULL, NULL, NULL, '2019-04-25 23:09:46', NULL, '2019-04-25 23:09:46', NULL, 1);
INSERT INTO `sb_station` VALUES (53, '古墩路广业街口', 120.0885596559, 30.3294763098, NULL, NULL, NULL, NULL, NULL, '2019-04-25 23:09:53', NULL, '2019-04-25 23:09:53', NULL, 1);
INSERT INTO `sb_station` VALUES (54, '古墩路石祥西口', 120.0942585638, 30.3170708618, NULL, NULL, NULL, NULL, NULL, '2019-04-25 23:10:03', NULL, '2019-04-25 23:10:03', NULL, 1);
INSERT INTO `sb_station` VALUES (55, '古荡东', 120.1225058758, 30.2719166988, NULL, NULL, NULL, NULL, NULL, '2019-04-25 23:10:17', NULL, '2019-04-25 23:10:17', NULL, 1);
INSERT INTO `sb_station` VALUES (56, '古荡新村', 120.116030147, 30.2740618962, NULL, NULL, NULL, NULL, NULL, '2019-04-25 23:10:23', NULL, '2019-04-25 23:10:23', NULL, 1);
INSERT INTO `sb_station` VALUES (57, '康乐新村', 120.1021770147, 30.2760403583, NULL, NULL, NULL, NULL, NULL, '2019-04-25 23:10:27', NULL, '2019-04-25 23:10:27', NULL, 1);
INSERT INTO `sb_station` VALUES (58, '中兴公寓', 120.1012413253, 30.279444487, NULL, NULL, NULL, NULL, NULL, '2019-04-25 23:10:32', NULL, '2019-04-25 23:10:32', NULL, 1);
INSERT INTO `sb_station` VALUES (59, '骆家庄南', 120.1001043253, 30.285321487, NULL, NULL, NULL, NULL, NULL, '2019-04-25 23:10:36', NULL, '2019-04-25 23:10:36', NULL, 1);
INSERT INTO `sb_station` VALUES (60, '杭三大桥', 120.0979787456, 30.2952039788, NULL, NULL, NULL, NULL, NULL, '2019-04-25 23:10:43', NULL, '2019-04-25 23:10:43', NULL, 1);
INSERT INTO `sb_station` VALUES (61, '车管所', 120.0962988892, 30.3050511813, NULL, NULL, NULL, NULL, NULL, '2019-04-25 23:10:48', NULL, '2019-04-25 23:10:48', NULL, 1);
INSERT INTO `sb_station` VALUES (62, '华东陶瓷建材市场', 120.0941315638, 30.3123968618, NULL, NULL, NULL, NULL, NULL, '2019-04-25 23:10:52', NULL, '2019-04-25 23:10:52', NULL, 1);
INSERT INTO `sb_station` VALUES (63, '上虞', 120.8201328924, 30.1836951659, NULL, NULL, NULL, NULL, NULL, '2019-04-26 00:18:22', NULL, '2019-04-26 00:18:22', NULL, 1);
INSERT INTO `sb_station` VALUES (64, '高教东区公交站', 120.388661, 30.319029, NULL, NULL, NULL, NULL, NULL, '2019-04-26 00:21:22', NULL, '2019-04-26 00:21:22', NULL, 1);
INSERT INTO `sb_station` VALUES (65, '浙江中医药大学东北门', 120.148003, 30.175262, NULL, NULL, NULL, NULL, NULL, '2019-04-26 00:27:31', NULL, '2019-04-26 00:27:31', NULL, 1);
INSERT INTO `sb_station` VALUES (66, '西湖文化广场地铁站A口（朝晖一区南公交站）', 120.16806, 30.281547, NULL, NULL, NULL, NULL, NULL, '2019-04-26 00:30:55', NULL, '2019-04-26 00:30:55', NULL, 1);
INSERT INTO `sb_station` VALUES (67, '交警支队', 120.16366, 30.28086, NULL, NULL, NULL, NULL, NULL, '2019-04-26 00:32:19', NULL, '2019-04-26 00:32:19', NULL, 1);
INSERT INTO `sb_station` VALUES (68, '桔子酒店', 120.14491, 30.28998, NULL, NULL, NULL, NULL, NULL, '2019-04-26 00:35:13', NULL, '2019-04-26 00:35:13', NULL, 1);
INSERT INTO `sb_station` VALUES (69, '三坝', 120.0978878892, 30.2994601813, NULL, NULL, NULL, NULL, NULL, '2019-04-26 00:38:20', NULL, '2019-04-26 00:38:20', NULL, 1);

-- ----------------------------
-- Table structure for sb_user_bus
-- ----------------------------
DROP TABLE IF EXISTS `sb_user_bus`;
CREATE TABLE `sb_user_bus`  (
  `ID` int(11) NOT NULL AUTO_INCREMENT COMMENT '设定自增_',
  `USER_ID` int(11) NOT NULL,
  `ROUTE_ID` int(11) NOT NULL,
  `REMARK` text CHARACTER SET utf8 COLLATE utf8_general_ci NULL,
  `REMARK1` text CHARACTER SET utf8 COLLATE utf8_general_ci NULL,
  `REMARK2` text CHARACTER SET utf8 COLLATE utf8_general_ci NULL,
  `REMARK3` text CHARACTER SET utf8 COLLATE utf8_general_ci NULL,
  `CREATED_DATE` timestamp(0) NOT NULL DEFAULT CURRENT_TIMESTAMP(0),
  `CREATED_BY` varchar(100) CHARACTER SET utf8 COLLATE utf8_general_ci NULL DEFAULT NULL,
  `UPDATED_DATE` timestamp(0) NOT NULL DEFAULT CURRENT_TIMESTAMP(0) ON UPDATE CURRENT_TIMESTAMP(0),
  `UPDATED_BY` varchar(100) CHARACTER SET utf8 COLLATE utf8_general_ci NULL DEFAULT NULL,
  `Valid` tinyint(1) NULL DEFAULT 1,
  PRIMARY KEY (`ID`) USING BTREE,
  INDEX `FK_Relationship_16`(`USER_ID`) USING BTREE,
  INDEX `FK_Relationship_17`(`ROUTE_ID`) USING BTREE,
  CONSTRAINT `FK_Relationship_16` FOREIGN KEY (`USER_ID`) REFERENCES `sys_user` (`ID`) ON DELETE RESTRICT ON UPDATE RESTRICT,
  CONSTRAINT `FK_Relationship_17` FOREIGN KEY (`ROUTE_ID`) REFERENCES `sb_route` (`ID`) ON DELETE RESTRICT ON UPDATE RESTRICT
) ENGINE = InnoDB AUTO_INCREMENT = 1 CHARACTER SET = utf8 COLLATE = utf8_general_ci ROW_FORMAT = Compact;

-- ----------------------------
-- Table structure for sb_user_role
-- ----------------------------
DROP TABLE IF EXISTS `sb_user_role`;
CREATE TABLE `sb_user_role`  (
  `ID` int(11) NOT NULL AUTO_INCREMENT,
  `ROLE_ID` int(11) NOT NULL COMMENT '外键，来自于系统角色表的id',
  `USER_ID` int(11) NOT NULL COMMENT '外键，来自于系统用户表的id',
  `REMARK` text CHARACTER SET utf8 COLLATE utf8_general_ci NULL,
  `REMARK1` text CHARACTER SET utf8 COLLATE utf8_general_ci NULL,
  `REMARK2` text CHARACTER SET utf8 COLLATE utf8_general_ci NULL,
  `REMARK3` text CHARACTER SET utf8 COLLATE utf8_general_ci NULL,
  `CREATED_DATE` timestamp(0) NOT NULL DEFAULT CURRENT_TIMESTAMP(0),
  `CREATED_BY` varchar(100) CHARACTER SET utf8 COLLATE utf8_general_ci NULL DEFAULT NULL,
  `UPDATED_DATE` timestamp(0) NOT NULL DEFAULT CURRENT_TIMESTAMP(0) ON UPDATE CURRENT_TIMESTAMP(0),
  `UPDATED_BY` varchar(100) CHARACTER SET utf8 COLLATE utf8_general_ci NULL DEFAULT NULL,
  `Valid` tinyint(1) NULL DEFAULT 1,
  PRIMARY KEY (`ID`) USING BTREE,
  INDEX `FK_Relationship_15`(`USER_ID`) USING BTREE,
  INDEX `FK_Relationship_18`(`ROLE_ID`) USING BTREE,
  CONSTRAINT `FK_Relationship_15` FOREIGN KEY (`USER_ID`) REFERENCES `sys_user` (`ID`) ON DELETE RESTRICT ON UPDATE RESTRICT,
  CONSTRAINT `FK_Relationship_18` FOREIGN KEY (`ROLE_ID`) REFERENCES `sys_role` (`ID`) ON DELETE RESTRICT ON UPDATE RESTRICT
) ENGINE = InnoDB AUTO_INCREMENT = 10 CHARACTER SET = utf8 COLLATE = utf8_general_ci ROW_FORMAT = Compact;

-- ----------------------------
-- Records of sb_user_role
-- ----------------------------
INSERT INTO `sb_user_role` VALUES (1, 1, 4, NULL, NULL, NULL, NULL, '2019-04-20 22:42:45', NULL, '2019-04-20 22:42:45', NULL, 1);
INSERT INTO `sb_user_role` VALUES (2, 1, 3, NULL, NULL, NULL, NULL, '2019-04-20 22:42:52', NULL, '2019-04-20 22:42:52', NULL, 1);
INSERT INTO `sb_user_role` VALUES (3, 1, 2, NULL, NULL, NULL, NULL, '2019-04-20 22:42:56', NULL, '2019-04-20 22:42:56', NULL, 1);
INSERT INTO `sb_user_role` VALUES (4, 1, 1, NULL, NULL, NULL, NULL, '2019-04-20 22:42:59', NULL, '2019-04-20 22:42:59', NULL, 1);
INSERT INTO `sb_user_role` VALUES (5, 2, 5, NULL, NULL, NULL, NULL, '2019-04-20 22:43:13', NULL, '2019-04-20 22:43:13', NULL, 1);
INSERT INTO `sb_user_role` VALUES (6, 2, 6, NULL, NULL, NULL, NULL, '2019-04-20 22:43:16', NULL, '2019-04-20 22:43:16', NULL, 1);
INSERT INTO `sb_user_role` VALUES (7, 3, 7, NULL, NULL, NULL, NULL, '2019-04-20 22:43:33', NULL, '2019-04-20 22:43:33', NULL, 1);
INSERT INTO `sb_user_role` VALUES (8, 4, 4, NULL, NULL, NULL, NULL, '2019-04-21 10:52:41', NULL, '2019-04-21 10:52:41', NULL, 1);
INSERT INTO `sb_user_role` VALUES (9, 2, 8, NULL, NULL, NULL, NULL, '2019-05-03 00:47:47', 'Xb16620208', '2019-05-03 00:47:47', 'Xb16620208', 1);

-- ----------------------------
-- Table structure for sys_authority
-- ----------------------------
DROP TABLE IF EXISTS `sys_authority`;
CREATE TABLE `sys_authority`  (
  `ID` int(11) NOT NULL AUTO_INCREMENT COMMENT '设定自增_',
  `SA_GROUP` varchar(200) CHARACTER SET utf8 COLLATE utf8_general_ci NOT NULL,
  `SA_NAME` varchar(200) CHARACTER SET utf8 COLLATE utf8_general_ci NOT NULL,
  `SA_DISPLAY_NAME` varchar(200) CHARACTER SET utf8 COLLATE utf8_general_ci NOT NULL,
  `REMARK` text CHARACTER SET utf8 COLLATE utf8_general_ci NULL,
  `REMARK1` text CHARACTER SET utf8 COLLATE utf8_general_ci NULL,
  `REMARK2` text CHARACTER SET utf8 COLLATE utf8_general_ci NULL,
  `REMARK3` text CHARACTER SET utf8 COLLATE utf8_general_ci NULL,
  `CREATED_DATE` timestamp(0) NOT NULL DEFAULT CURRENT_TIMESTAMP(0),
  `CREATED_BY` varchar(100) CHARACTER SET utf8 COLLATE utf8_general_ci NULL DEFAULT NULL,
  `UPDATED_DATE` timestamp(0) NOT NULL DEFAULT CURRENT_TIMESTAMP(0) ON UPDATE CURRENT_TIMESTAMP(0),
  `UPDATED_BY` varchar(100) CHARACTER SET utf8 COLLATE utf8_general_ci NULL DEFAULT NULL,
  `Valid` tinyint(1) NULL DEFAULT 1,
  PRIMARY KEY (`ID`) USING BTREE
) ENGINE = InnoDB AUTO_INCREMENT = 1 CHARACTER SET = utf8 COLLATE = utf8_general_ci COMMENT = '系统权限表,分组,细化到每个动作上' ROW_FORMAT = Compact;

-- ----------------------------
-- Table structure for sys_log
-- ----------------------------
DROP TABLE IF EXISTS `sys_log`;
CREATE TABLE `sys_log`  (
  `ID` int(11) NOT NULL AUTO_INCREMENT COMMENT '设置自动自增_',
  `SL_USER` varchar(100) CHARACTER SET utf8 COLLATE utf8_general_ci NULL DEFAULT NULL,
  `SL_NAME` varchar(100) CHARACTER SET utf8 COLLATE utf8_general_ci NULL DEFAULT NULL,
  `SL_DEPARTMENT` varchar(100) CHARACTER SET utf8 COLLATE utf8_general_ci NULL DEFAULT NULL,
  `SL_OPERATOR` varchar(100) CHARACTER SET utf8 COLLATE utf8_general_ci NULL DEFAULT NULL,
  `SL_MODULE` varchar(100) CHARACTER SET utf8 COLLATE utf8_general_ci NULL DEFAULT NULL,
  `SL_IP` varchar(100) CHARACTER SET utf8 COLLATE utf8_general_ci NULL DEFAULT NULL,
  `SL_MAC` varchar(100) CHARACTER SET utf8 COLLATE utf8_general_ci NULL DEFAULT NULL,
  `SL_CONTENT` varchar(200) CHARACTER SET utf8 COLLATE utf8_general_ci NULL DEFAULT NULL,
  `REMARK` text CHARACTER SET utf8 COLLATE utf8_general_ci NULL,
  `REMARK1` text CHARACTER SET utf8 COLLATE utf8_general_ci NULL,
  `REMARK2` text CHARACTER SET utf8 COLLATE utf8_general_ci NULL,
  `REMARK3` text CHARACTER SET utf8 COLLATE utf8_general_ci NULL,
  `CREATED_DATE` timestamp(0) NOT NULL DEFAULT CURRENT_TIMESTAMP(0),
  `CREATED_BY` varchar(100) CHARACTER SET utf8 COLLATE utf8_general_ci NULL DEFAULT NULL,
  `UPDATED_DATE` timestamp(0) NOT NULL DEFAULT CURRENT_TIMESTAMP(0) ON UPDATE CURRENT_TIMESTAMP(0),
  `UPDATED_BY` varchar(100) CHARACTER SET utf8 COLLATE utf8_general_ci NULL DEFAULT NULL,
  `Valid` tinyint(1) NULL DEFAULT 1,
  PRIMARY KEY (`ID`) USING BTREE
) ENGINE = InnoDB AUTO_INCREMENT = 3 CHARACTER SET = utf8 COLLATE = utf8_general_ci ROW_FORMAT = Compact;

-- ----------------------------
-- Records of sys_log
-- ----------------------------
INSERT INTO `sys_log` VALUES (1, 'Xb16620208', '陆宇豪', '开发小组', '登录', '/user/admin/login', '36.26.219.147', NULL, '成功登录', NULL, NULL, NULL, NULL, '2019-05-03 00:47:34', '陆宇豪', '2019-05-03 00:47:34', '陆宇豪', 1);
INSERT INTO `sys_log` VALUES (2, 'Xb16620208', '陆宇豪', '开发小组', '添加用户', '/user/info/add', '36.26.219.147', NULL, '添加用户:20190430', NULL, NULL, NULL, NULL, '2019-05-03 00:47:47', '陆宇豪', '2019-05-03 00:47:47', '陆宇豪', 1);

-- ----------------------------
-- Table structure for sys_parameter
-- ----------------------------
DROP TABLE IF EXISTS `sys_parameter`;
CREATE TABLE `sys_parameter`  (
  `ID` int(11) NOT NULL AUTO_INCREMENT COMMENT '设置自动递增_',
  `SP_TYPE` varchar(100) CHARACTER SET utf8 COLLATE utf8_general_ci NULL DEFAULT NULL,
  `SP_CODE` varchar(100) CHARACTER SET utf8 COLLATE utf8_general_ci NULL DEFAULT NULL,
  `SP_REMARK` varchar(100) CHARACTER SET utf8 COLLATE utf8_general_ci NULL DEFAULT NULL,
  `SP_VALUE` varchar(100) CHARACTER SET utf8 COLLATE utf8_general_ci NULL DEFAULT NULL,
  `SP_DEFAULT_VALUE` varchar(100) CHARACTER SET utf8 COLLATE utf8_general_ci NULL DEFAULT NULL,
  `REMARK` text CHARACTER SET utf8 COLLATE utf8_general_ci NULL,
  `REMARK1` text CHARACTER SET utf8 COLLATE utf8_general_ci NULL,
  `REMARK2` text CHARACTER SET utf8 COLLATE utf8_general_ci NULL,
  `REMARK3` text CHARACTER SET utf8 COLLATE utf8_general_ci NULL,
  `CREATED_DATE` timestamp(0) NOT NULL DEFAULT CURRENT_TIMESTAMP(0),
  `CREATED_BY` varchar(100) CHARACTER SET utf8 COLLATE utf8_general_ci NULL DEFAULT NULL,
  `UPDATED_DATE` timestamp(0) NOT NULL DEFAULT CURRENT_TIMESTAMP(0) ON UPDATE CURRENT_TIMESTAMP(0),
  `UPDATED_BY` varchar(100) CHARACTER SET utf8 COLLATE utf8_general_ci NULL DEFAULT NULL,
  `Valid` tinyint(1) NULL DEFAULT 1,
  PRIMARY KEY (`ID`) USING BTREE
) ENGINE = InnoDB AUTO_INCREMENT = 1 CHARACTER SET = utf8 COLLATE = utf8_general_ci COMMENT = '用于存放系统参数' ROW_FORMAT = Compact;

-- ----------------------------
-- Table structure for sys_role
-- ----------------------------
DROP TABLE IF EXISTS `sys_role`;
CREATE TABLE `sys_role`  (
  `ID` int(11) NOT NULL AUTO_INCREMENT COMMENT '设置自动递增_',
  `SR_NAME` varchar(200) CHARACTER SET utf8 COLLATE utf8_general_ci NOT NULL,
  `SR_MANAGE` tinyint(1) NULL DEFAULT NULL COMMENT '0-否 1-是',
  `SR_LEVEL` int(11) NULL DEFAULT NULL COMMENT '0-管理员 1-经销商 2-个人',
  `REMARK` text CHARACTER SET utf8 COLLATE utf8_general_ci NULL,
  `REMARK1` text CHARACTER SET utf8 COLLATE utf8_general_ci NULL,
  `REMARK2` text CHARACTER SET utf8 COLLATE utf8_general_ci NULL,
  `REMARK3` text CHARACTER SET utf8 COLLATE utf8_general_ci NULL,
  `CREATED_DATE` timestamp(0) NOT NULL DEFAULT CURRENT_TIMESTAMP(0),
  `CREATED_BY` varchar(100) CHARACTER SET utf8 COLLATE utf8_general_ci NULL DEFAULT NULL,
  `UPDATED_DATE` timestamp(0) NOT NULL DEFAULT CURRENT_TIMESTAMP(0) ON UPDATE CURRENT_TIMESTAMP(0),
  `UPDATED_BY` varchar(100) CHARACTER SET utf8 COLLATE utf8_general_ci NULL DEFAULT NULL,
  `Valid` tinyint(1) NULL DEFAULT 1,
  PRIMARY KEY (`ID`) USING BTREE
) ENGINE = InnoDB AUTO_INCREMENT = 5 CHARACTER SET = utf8 COLLATE = utf8_general_ci COMMENT = '系统拥有的各类角色' ROW_FORMAT = Compact;

-- ----------------------------
-- Records of sys_role
-- ----------------------------
INSERT INTO `sys_role` VALUES (1, '超级管理员', 1, 0, '', NULL, NULL, NULL, '2019-04-12 14:03:45', 'DevGro', '2019-04-20 22:32:28', NULL, 1);
INSERT INTO `sys_role` VALUES (2, '教师', 0, 2, NULL, NULL, NULL, NULL, '2019-04-20 22:32:19', NULL, '2019-04-20 22:32:19', NULL, 1);
INSERT INTO `sys_role` VALUES (3, '领班', 1, 1, NULL, NULL, NULL, NULL, '2019-04-20 22:32:37', NULL, '2019-04-20 22:32:37', NULL, 1);
INSERT INTO `sys_role` VALUES (4, '管理员', 1, 0, NULL, NULL, NULL, NULL, '2019-04-21 10:52:08', NULL, '2019-04-21 10:52:08', NULL, 1);

-- ----------------------------
-- Table structure for sys_user
-- ----------------------------
DROP TABLE IF EXISTS `sys_user`;
CREATE TABLE `sys_user`  (
  `ID` int(11) NOT NULL AUTO_INCREMENT COMMENT '设定自增_',
  `DEPARTMENT_ID` int(11) NOT NULL,
  `WORKID` varchar(200) CHARACTER SET utf8 COLLATE utf8_general_ci NULL DEFAULT NULL,
  `REAL_NAME` varchar(100) CHARACTER SET utf8 COLLATE utf8_general_ci NOT NULL,
  `PASSWORD` varchar(100) CHARACTER SET utf8 COLLATE utf8_general_ci NOT NULL,
  `SALT` varchar(100) CHARACTER SET utf8 COLLATE utf8_general_ci NULL DEFAULT NULL,
  `ID_CODE` varchar(100) CHARACTER SET utf8 COLLATE utf8_general_ci NULL DEFAULT NULL,
  `PHONE` varchar(200) CHARACTER SET utf8 COLLATE utf8_general_ci NULL DEFAULT NULL,
  `EMAIL` varchar(200) CHARACTER SET utf8 COLLATE utf8_general_ci NULL DEFAULT NULL,
  `ACCOUNT_DATE` date NULL DEFAULT NULL,
  `LAST_PSD_DATE` date NULL DEFAULT NULL,
  `REMARK` text CHARACTER SET utf8 COLLATE utf8_general_ci NULL,
  `REMARK1` text CHARACTER SET utf8 COLLATE utf8_general_ci NULL,
  `REMARK2` text CHARACTER SET utf8 COLLATE utf8_general_ci NULL,
  `REMARK3` text CHARACTER SET utf8 COLLATE utf8_general_ci NULL,
  `CREATED_DATE` timestamp(0) NOT NULL DEFAULT CURRENT_TIMESTAMP(0),
  `CREATED_BY` varchar(100) CHARACTER SET utf8 COLLATE utf8_general_ci NULL DEFAULT NULL,
  `UPDATED_DATE` timestamp(0) NOT NULL DEFAULT CURRENT_TIMESTAMP(0) ON UPDATE CURRENT_TIMESTAMP(0),
  `UPDATED_BY` varchar(100) CHARACTER SET utf8 COLLATE utf8_general_ci NULL DEFAULT NULL,
  `Valid` tinyint(1) NULL DEFAULT 1,
  PRIMARY KEY (`ID`) USING BTREE,
  INDEX `FK_Relationship_19`(`DEPARTMENT_ID`) USING BTREE,
  CONSTRAINT `FK_Relationship_19` FOREIGN KEY (`DEPARTMENT_ID`) REFERENCES `b_department` (`ID`) ON DELETE RESTRICT ON UPDATE RESTRICT
) ENGINE = InnoDB AUTO_INCREMENT = 9 CHARACTER SET = utf8 COLLATE = utf8_general_ci ROW_FORMAT = Compact;

-- ----------------------------
-- Records of sys_user
-- ----------------------------
INSERT INTO `sys_user` VALUES (1, 1, 'Xb16620208', '陆宇豪', '123', '', '33108211111111111', '17758178532', 'ludaye1112@163.com', '2019-04-28', '2019-04-28', NULL, NULL, NULL, NULL, '2019-04-16 02:01:48', NULL, '2019-04-28 19:07:42', NULL, 1);
INSERT INTO `sys_user` VALUES (2, 1, 'Xb16620216', '王一帆', '123', '', '', '', '', '2019-04-25', '2019-04-26', NULL, NULL, NULL, NULL, '2019-04-16 02:01:44', NULL, '2019-04-28 19:08:12', NULL, 1);
INSERT INTO `sys_user` VALUES (3, 1, 'Xb16620129', '唐倩倩', '123', '', '', '', '', '2019-04-28', '2019-04-27', NULL, NULL, NULL, NULL, '2019-04-16 02:01:46', NULL, '2019-04-28 19:09:10', NULL, 1);
INSERT INTO `sys_user` VALUES (4, 1, 'admin', '管理员', 'admin', '', '', '', '', '2019-04-29', '2019-04-24', NULL, NULL, NULL, NULL, '2019-04-16 02:01:58', NULL, '2019-04-28 19:09:23', NULL, 1);
INSERT INTO `sys_user` VALUES (5, 2, '20112241', '吕松', '123', '', '', '', '', '2019-04-29', '2019-04-25', NULL, NULL, NULL, NULL, '2019-04-20 22:36:18', NULL, '2019-04-28 19:11:05', NULL, 1);
INSERT INTO `sys_user` VALUES (6, 2, '20112240', '许国成', '123', '', '', '', '', '2019-04-28', '2019-04-30', NULL, NULL, NULL, NULL, '2019-04-20 22:37:55', NULL, '2019-04-28 19:11:30', NULL, 1);
INSERT INTO `sys_user` VALUES (7, 3, 'N20190420', '卡萨诺', '123', '', '', '', '', '2019-04-11', '2019-04-13', NULL, NULL, NULL, NULL, '2019-04-20 22:40:48', NULL, '2019-04-28 19:11:45', NULL, 1);
INSERT INTO `sys_user` VALUES (8, 6, '20190430', '毛可骏', '123', '123', '111111111111', '13588351457', 'jack1@123.com', '2019-05-03', NULL, NULL, NULL, NULL, NULL, '2019-05-03 00:47:47', 'Xb16620208', '2019-05-03 00:47:47', 'Xb16620208', 1);

SET FOREIGN_KEY_CHECKS = 1;
